# File produced by Open Asset Import Library (http://www.assimp.sf.net)
# (assimp v4.1.0)

mtllib 8hcskz7ey0va.mtl

# 2686 vertex positions
v  26.24930953979492 71.25299835205078 -38.99993515014648
v  26.77171516418457 71.752197265625 -38.99991226196289
v  26.77171516418457 71.752197265625 -45
v  27.87596130371094 72.75246429443359 -45
v  85.53163909912109 69.80288696289062 -39
v  85.77742767333984 69.53699493408203 -39
v  85.77742767333984 69.53699493408203 -42
v  83.86326599121094 71.49240112304688 -38.99992370605469
v  83.58912658691406 71.752197265625 -38.99991226196289
v  83.58912658691406 71.752197265625 -45
v  85.17640686035156 70.17910003662109 -45
v  87.15672302246094 67.95309448242188 -42
v  82.29917144775391 72.91374206542969 -38.99990844726562
v  82.48487854003906 72.75246429443359 -45
v  80.46308898925781 74.40951538085938 -39.00003814697266
v  79.57350921630859 75.07420349121094 -45
v  79.57350921630859 75.07420349121094 -39.00010681152344
v  75.17319488525391 77.86672210693359 -45
v  76.54883575439453 77.07584381103516 -38.99995040893555
v  76.46573638916016 77.12562561035156 -45
v  77.50609588623047 76.48305511474609 -39.00002670288086
v  78.54584503173828 75.79732513427734 -39.00010299682617
v  72.3187255859375 79.29587554931641 -39.00009536743164
v  73.77231597900391 78.60243988037109 -38.99997711181641
v  73.18659210205078 78.89020538330078 -45
v  74.47299194335938 78.24298095703125 -38.99992752075195
v  75.17319488525391 77.86672210693359 -38.99990844726562
v  70.45758819580078 80.08572387695312 -39.00003433227539
v  70.45758819580078 80.08572387695312 -45
v  70.37232971191406 80.11936950683594 -39.00002288818359
v  69.76247406005859 80.35374450683594 -45
v  68.14464569091797 80.92307281494141 -38.99985504150391
v  66.220947265625 81.50445556640625 -45
v  65.8760986328125 81.59803009033203 -39.00002670288086
v  65.50105285644531 81.69619750976562 -39.00008010864258
v  65.50105285644531 81.69619750976562 -45
v  63.56847381591797 82.14345550537109 -39.00026702880859
v  62.59053039550781 82.33307647705078 -45
v  61.22331237792969 82.55768585205078 -38.99990463256836
v  60.38174819946289 82.67276000976562 -45
v  60.38174819946289 82.67276000976562 -38.9997673034668
v  58.84197235107422 82.83815002441406 -38.99966430664062
v  58.90045166015625 82.83293151855469 -45
v  57.87251663208008 82.91259002685547 -38.99971771240234
v  55.180419921875 83 -45
v  55.50270843505859 82.99874877929688 -38.99999237060547
v  51.46038818359375 82.83293151855469 -45
v  53.1351203918457 82.94956970214844 -38.99979400634766
v  55.180419921875 83 -39
v  44.85979080200195 81.69619750976562 -45
v  46.06519317626953 81.986572265625 -39.00024032592773
v  47.77030944824219 82.33307647705078 -45
v  48.41433715820312 82.44471740722656 -39.00004577636719
v  49.97909164428711 82.67276000976562 -45
v  49.97909164428711 82.67276000976562 -38.9997673034668
v  50.77166748046875 82.76515197753906 -38.99968338012695
v  40.59836196899414 80.35374450683594 -45
v  42.83593368530273 81.12150573730469 -38.99986267089844
v  44.13988876342773 81.50445556640625 -45
v  44.85979080200195 81.69619750976562 -39.00008010864258
v  45.11919784545898 81.76190948486328 -39.0001220703125
v  36.25389862060547 78.43286895751953 -38.99995040893555
v  37.17424392700195 78.89020538330078 -45
v  35.18764114379883 77.86672210693359 -45
v  36.58852005004883 78.60243988037109 -38.99997711181641
v  38.40132141113281 79.45671081542969 -39.0001106262207
v  39.90325164794922 80.08572387695312 -45
v  39.90325164794922 80.08572387695312 -39.00003433227539
v  40.59604644775391 80.35287475585938 -38.99996185302734
v  30.78733253479004 75.07420349121094 -45
v  31.7523193359375 75.75454711914062 -39.00010299682617
v  33.89509963989258 77.12562561035156 -45
v  32.85474014282227 76.48305511474609 -39.00002670288086
v  33.7484245300293 77.03757476806641 -38.99995422363281
v  34.15625381469727 77.28036499023438 -38.99992752075195
v  35.18764114379883 77.86672210693359 -38.99990844726562
v  28.00105094909668 72.86131286621094 -38.99990463256836
v  29.8360538482666 74.36203002929688 -39.00003433227539
v  30.78733253479004 75.07420349121094 -39.00010681152344
v  23.2041187286377 67.95309448242188 -45
v  23.2041187286377 67.95309448242188 -42
v  25.18443298339844 70.17910003662109 -45
v  24.58341026306152 69.53699493408203 -42
v  24.58341026306152 69.53699493408203 -39
v  22.73441123962402 67.37482452392578 -45
v  20.54562759399414 64.36222076416016 -45
v  20.14081192016602 63.73680877685547 -42
v  20.14081192016602 63.73680877685547 -45
v  17.63009643554688 59.16983795166016 -42
v  18.63570594787598 61.16554641723633 -45
v  17.63009643554688 59.16983795166016 -45
v  17.02001762390137 57.81053924560547 -45
v  15.71157169342041 54.32420349121094 -42
v  15.71157169342041 54.32420349121094 -45
v  14.72090911865234 50.73461532592773 -45
v  14.41549873352051 49.27632141113281 -42
v  13.76231002807617 44.10580444335938 -45
v  13.76231002807617 44.10580444335938 -42
v  14.05600452423096 47.0706787109375 -45
v  14.41549873352051 49.27632141113281 -45
v  13.72220706939697 43.36188888549805 -45
v  13.72220706939697 39.63811111450195 -45
v  13.76231002807617 38.89419174194336 -42
v  13.76231002807617 38.89419174194336 -45
v  14.41549873352051 33.72367477416992 -42
v  14.05600452423096 35.92931747436523 -45
v  14.41549873352051 33.72367477416992 -45
v  14.72090911865234 32.265380859375 -45
v  15.71157169342041 28.67579460144043 -42
v  15.71157169342041 28.67579460144043 -45
v  17.02001762390137 25.1894588470459 -45
v  17.63009643554688 23.83015632629395 -42
v  20.14081192016602 19.26318550109863 -45
v  20.14081192016602 19.26318550109863 -42
v  18.63570594787598 21.83444786071777 -45
v  17.63009643554688 23.83015632629395 -45
v  20.54562759399414 18.63777351379395 -45
v  22.73441123962402 15.62517166137695 -45
v  23.2041187286377 15.04690170288086 -42
v  23.2041187286377 15.04690170288086 -45
v  26.77171516418457 11.24779891967773 -42
v  25.18443298339844 12.82089996337891 -45
v  26.77171516418457 11.24779891967773 -45
v  27.87596130371094 10.24753570556641 -45
v  30.78733253479004 7.925793647766113 -42
v  30.78733253479004 7.925793647766113 -45
v  33.89509963989258 5.874372959136963 -45
v  35.18764114379883 5.133271217346191 -42
v  39.90325164794922 2.914272308349609 -45
v  39.90325164794922 2.914272308349609 -42
v  37.17424392700195 4.109792232513428 -45
v  35.18764114379883 5.133271217346191 -45
v  40.59836196899414 2.646252632141113 -45
v  44.13988876342773 1.495540142059326 -45
v  44.85979080200195 1.303799390792847 -42
v  44.85979080200195 1.303799390792847 -45
v  49.97909164428711 0.3272369503974915 -42
v  47.77030944824219 0.6669238209724426 -45
v  49.97909164428711 0.3272369503974915 -45
v  51.46038818359375 0.167064368724823 -45
v  55.180419921875 0 -42
v  55.180419921875 0 -45
v  58.90045166015625 0.167064368724823 -45
v  60.38174819946289 0.3272369503974915 -42
v  65.50105285644531 1.303799390792847 -45
v  65.50105285644531 1.303799390792847 -42
v  62.59053039550781 0.6669238209724426 -45
v  60.38174819946289 0.3272369503974915 -45
v  66.220947265625 1.495540142059326 -45
v  69.76247406005859 2.646252632141113 -45
v  70.45758819580078 2.914272308349609 -42
v  70.45758819580078 2.914272308349609 -45
v  75.17319488525391 5.133271217346191 -42
v  73.18659210205078 4.109792232513428 -45
v  75.17319488525391 5.133271217346191 -45
v  76.46573638916016 5.874372959136963 -45
v  79.57350921630859 7.925793647766113 -42
v  79.57350921630859 7.925793647766113 -45
v  82.48487854003906 10.24753570556641 -45
v  83.58912658691406 11.24779891967773 -42
v  87.15672302246094 15.04690170288086 -45
v  87.15672302246094 15.04690170288086 -42
v  85.17640686035156 12.82089996337891 -45
v  83.58912658691406 11.24779891967773 -45
v  87.62642669677734 15.62517166137695 -45
v  89.81520843505859 18.63777351379395 -45
v  90.22002410888672 19.26318550109863 -42
v  90.22002410888672 19.26318550109863 -45
v  92.73074340820312 23.83015632629395 -42
v  91.72513580322266 21.83444786071777 -45
v  92.73074340820312 23.83015632629395 -45
v  93.3408203125 25.1894588470459 -45
v  94.64926910400391 28.67579460144043 -42
v  94.64926910400391 28.67579460144043 -45
v  95.63993072509766 32.265380859375 -45
v  95.94534301757812 33.72367477416992 -42
v  96.59852600097656 38.89419174194336 -45
v  96.59852600097656 38.89419174194336 -42
v  96.30483245849609 35.92931747436523 -45
v  95.94534301757812 33.72367477416992 -45
v  96.63863372802734 39.63811111450195 -45
v  96.63863372802734 43.36188888549805 -45
v  96.59852600097656 44.10580444335938 -42
v  96.59852600097656 44.10580444335938 -45
v  95.94534301757812 49.27632141113281 -42
v  96.30483245849609 47.0706787109375 -45
v  95.94534301757812 49.27632141113281 -45
v  95.63993072509766 50.73461532592773 -45
v  94.64926910400391 54.32420349121094 -42
v  94.64926910400391 54.32420349121094 -45
v  93.3408203125 57.81053924560547 -45
v  92.73074340820312 59.16983795166016 -42
v  90.22002410888672 63.73680877685547 -45
v  90.22002410888672 63.73680877685547 -42
v  91.72513580322266 61.16554641723633 -45
v  92.73074340820312 59.16983795166016 -45
v  89.81520843505859 64.36222076416016 -45
v  87.62642669677734 67.37482452392578 -45
v  87.15672302246094 67.95309448242188 -45
v  83.56559753417969 67.51022338867188 -42
v  85.72452545166016 64.93731689453125 -42
v  88.52239990234375 60.75 -42
v  90.74977874755859 56.23331069946289 -42
v  92.36856079101562 51.46453094482422 -42
v  93.35104370117188 46.52525329589844 -42
v  93.680419921875 41.5 -42
v  16.680419921875 41.5 -42
v  17.00979042053223 36.47473907470703 -42
v  17.99227714538574 31.53546524047852 -42
v  19.61105728149414 26.76668739318848 -42
v  21.83844184875488 22.24999618530273 -42
v  24.63631439208984 18.06268501281738 -42
v  27.95680809020996 14.27638530731201 -42
v  31.74310302734375 10.95589256286621 -42
v  35.930419921875 8.158020973205566 -42
v  40.44710922241211 5.930639743804932 -42
v  45.21588516235352 4.311851978302002 -42
v  50.1551628112793 3.329373836517334 -42
v  55.180419921875 2.999998569488525 -42
v  60.2056770324707 3.329373836517334 -42
v  65.14495086669922 4.311851978302002 -42
v  69.91373443603516 5.930639743804932 -42
v  74.430419921875 8.158020973205566 -42
v  78.61773681640625 10.95589256286621 -42
v  82.40402984619141 14.27638530731201 -42
v  85.72452545166016 18.06268501281738 -42
v  88.52239990234375 22.24999618530273 -42
v  90.74977874755859 26.76668739318848 -42
v  92.36856079101562 31.53546524047852 -42
v  93.35104370117188 36.47473907470703 -42
v  26.79524230957031 67.51022338867188 -42
v  24.63631439208984 64.93731689453125 -42
v  21.83844184875488 60.75 -42
v  19.61105728149414 56.23331069946289 -42
v  17.99227714538574 51.46453094482422 -42
v  17.00979042053223 46.52525329589844 -42
v  31.74310302734375 72.04409790039062 -46
v  30.10015106201172 70.71010589599609 -38.99994659423828
v  27.95680809020996 68.72360992431641 -46
v  28.40563583374023 69.16515350341797 -38.99995803833008
v  27.95680809020996 68.72360992431641 -38.99997329711914
v  33.73049163818359 73.47109222412109 -39.00006103515625
v  35.66233444213867 74.68575286865234 -38.99994659423828
v  35.930419921875 74.84197998046875 -46
v  31.87586784362793 72.14551544189453 -39.00003814697266
v  31.74310302734375 72.04409790039062 -39.00003051757812
v  40.44710922241211 77.06935882568359 -39.00006866455078
v  39.06483840942383 76.46481323242188 -39.00006484985352
v  40.44710922241211 77.06935882568359 -46
v  37.00487518310547 75.43964385986328 -38.99993515014648
v  35.930419921875 74.84197998046875 -38.99993515014648
v  45.51334762573242 78.76657104492188 -39.00006103515625
v  45.21588516235352 78.68814086914062 -39.00001907348633
v  45.21588516235352 78.68814086914062 -46
v  43.32131195068359 78.12801361083984 -38.99987411499023
v  41.17111968994141 77.36069488525391 -39.0000114440918
v  50.1551628112793 79.67062377929688 -46
v  50.1551628112793 79.67062377929688 -38.99979782104492
v  49.36801147460938 79.5587158203125 -38.99995422363281
v  47.10482406616211 79.14352416992188 -39.0002555847168
v  55.180419921875 80 -39
v  53.91849517822266 79.97930908203125 -38.99988174438477
v  55.180419921875 80 -46
v  51.63994216918945 79.83686065673828 -38.99965667724609
v  51.20592880249023 79.79429626464844 -38.99967193603516
v  60.2056770324707 79.67062377929688 -46
v  60.2056770324707 79.67062377929688 -38.99979782104492
v  60.13312149047852 79.68010711669922 -38.99978637695312
v  59.1549072265625 79.79429626464844 -38.99967193603516
v  57.83527755737305 79.90835571289062 -38.99969482421875
v  56.20162582397461 79.9864501953125 -38.99991607666016
v  65.14495086669922 78.68814086914062 -46
v  64.62653350830078 78.82319641113281 -39.00009536743164
v  62.39736175537109 79.31752777099609 -39.00021362304688
v  69.91373443603516 77.06935882568359 -39.00006866455078
v  68.9727783203125 77.44468688964844 -38.99999237060547
v  69.91373443603516 77.06935882568359 -46
v  66.8189697265625 78.19869232177734 -38.99987411499023
v  65.14495086669922 78.68814086914062 -39.00001907348633
v  74.50834655761719 74.79685974121094 -38.99993896484375
v  74.430419921875 74.84197998046875 -38.99993515014648
v  74.430419921875 74.84197998046875 -46
v  72.49176025390625 75.88847351074219 -38.99997711181641
v  70.39900207519531 76.86445617675781 -39.00009155273438
v  78.61773681640625 72.04409790039062 -46
v  78.61773681640625 72.04409790039062 -39.00003051757812
v  78.31036376953125 72.27751922607422 -39.00004959106445
v  76.44823455810547 73.59252166748047 -39.00004959106445
v  80.09317779541016 70.85309600830078 -38.99995040893555
v  82.40402984619141 68.72360992431641 -46
v  81.24694061279297 69.83348083496094 -38.99994277954102
v  83.56559753417969 67.51022338867188 -39
v  82.88340759277344 68.23563385009766 -38.9999885559082
v  82.40402984619141 68.72360992431641 -38.99997329711914
v  26.79524230957031 67.51022338867188 -39
v  24.63631439208984 64.93731689453125 -46
v  21.83844184875488 60.75 -46
v  19.61105728149414 56.23331069946289 -46
v  17.99227714538574 51.46453094482422 -46
v  17.00979042053223 46.52525329589844 -46
v  16.680419921875 41.5 -46
v  17.00979042053223 36.47473907470703 -46
v  17.99227714538574 31.53546524047852 -46
v  19.61105728149414 26.76668739318848 -46
v  21.83844184875488 22.24999618530273 -46
v  24.63631439208984 18.06268501281738 -46
v  27.95680809020996 14.27638530731201 -46
v  31.74310302734375 10.95589256286621 -46
v  35.930419921875 8.158020973205566 -46
v  40.44710922241211 5.930639743804932 -46
v  45.21588516235352 4.311851978302002 -46
v  50.1551628112793 3.329373836517334 -46
v  55.180419921875 2.999998569488525 -46
v  60.2056770324707 3.329373836517334 -46
v  65.14495086669922 4.311851978302002 -46
v  69.91373443603516 5.930639743804932 -46
v  74.430419921875 8.158020973205566 -46
v  78.61773681640625 10.95589256286621 -46
v  82.40402984619141 14.27638530731201 -46
v  85.72452545166016 18.06268501281738 -46
v  88.52239990234375 22.24999618530273 -46
v  90.74977874755859 26.76668739318848 -46
v  92.36856079101562 31.53546524047852 -46
v  93.35104370117188 36.47473907470703 -46
v  93.680419921875 41.5 -46
v  93.35104370117188 46.52525329589844 -46
v  92.36856079101562 51.46453094482422 -46
v  90.74977874755859 56.23331069946289 -46
v  88.52239990234375 60.75 -46
v  85.72452545166016 64.93731689453125 -46
v  51.55002593994141 81.83695983886719 -46
v  55.180419921875 82 -46
v  19.51630020141602 22.30831527709961 -46
v  17.93954467773438 25.58248519897461 -46
v  37.60812759399414 5.010761260986328 -46
v  34.40800094604492 6.732821464538574 -46
v  47.9488639831543 1.650847434997559 -46
v  44.40592575073242 2.459503650665283 -46
v  40.94973754882812 3.58248496055603 -46
v  58.81081008911133 1.16303563117981 -46
v  55.180419921875 0.9999945759773254 -46
v  51.55002593994141 1.16303563117981 -46
v  31.3751163482666 74.26519012451172 -46
v  34.40800094604492 76.26717376708984 -46
v  31.3751163482666 8.734807014465332 -46
v  28.53389930725098 11.00060367584229 -46
v  25.90722846984863 13.511962890625 -46
v  23.51624488830566 16.24865913391113 -46
v  21.38020133972168 19.18867301940918 -46
v  78.98572540283203 8.734807014465332 -46
v  75.95284271240234 6.732821464538574 -46
v  93.69820404052734 28.98481178283691 -46
v  92.42129516601562 25.58248519897461 -46
v  37.60812759399414 77.98923492431641 -46
v  40.94973754882812 79.41751098632812 -46
v  44.40592575073242 80.54049682617188 -46
v  47.9488639831543 81.34914398193359 -46
v  72.75270843505859 5.010761260986328 -46
v  69.41110229492188 3.58248496055603 -46
v  65.95491027832031 2.459503650665283 -46
v  62.41197204589844 1.650847434997559 -46
v  90.84453582763672 22.30831527709961 -46
v  88.98063659667969 19.18867301940918 -46
v  86.84459686279297 16.24865913391113 -46
v  84.45361328125 13.511962890625 -46
v  81.82693481445312 11.00060367584229 -46
v  95.63964080810547 39.6829719543457 -46
v  95.31388092041016 36.06355285644531 -46
v  94.66500091552734 32.48789978027344 -46
v  90.84453582763672 60.69167709350586 -46
v  92.42129516601562 57.41751098632812 -46
v  72.75270843505859 77.98923492431641 -46
v  75.95284271240234 76.26717376708984 -46
v  21.38020133972168 63.81132507324219 -46
v  23.51624488830566 66.75133514404297 -46
v  25.90722846984863 69.488037109375 -46
v  28.53389930725098 71.9993896484375 -46
v  93.69820404052734 54.01518630981445 -46
v  94.66500091552734 50.5120964050293 -46
v  95.31388092041016 46.93644332885742 -46
v  95.63964080810547 43.31702423095703 -46
v  78.98572540283203 74.26519012451172 -46
v  81.82693481445312 71.9993896484375 -46
v  84.45361328125 69.488037109375 -46
v  86.84459686279297 66.75133514404297 -46
v  88.98063659667969 63.81132507324219 -46
v  58.81081008911133 81.83695983886719 -46
v  62.41197204589844 81.34914398193359 -46
v  65.95491027832031 80.54049682617188 -46
v  69.41110229492188 79.41751098632812 -46
v  14.72119998931885 43.31702423095703 -46
v  15.04695415496826 46.93644332885742 -46
v  16.66263198852539 28.98481178283691 -46
v  15.69583988189697 32.48789978027344 -46
v  15.04695415496826 36.06355285644531 -46
v  14.72119998931885 39.6829719543457 -46
v  15.69583988189697 50.5120964050293 -46
v  16.66263198852539 54.01518630981445 -46
v  17.93954467773438 57.41751098632812 -46
v  19.51630020141602 60.69167709350586 -46
v  50.38062286376953 86.16983795166016 -34.57499313354492
v  50.33345794677734 86.65583038330078 -34.36843490600586
v  55.180419921875 86.88336944580078 -34.3785400390625
v  35.62956237792969 84.85491943359375 -33.78940200805664
v  35.43505859375 85.39631652832031 -33.72638320922852
v  40.23569107055664 86.95616912841797 -33.83849716186523
v  91.11180114746094 73.73153686523438 -33.63970184326172
v  90.64437103271484 73.18742370605469 -33.92630004882812
v  86.87511444091797 76.27457427978516 -34.01101303100586
v  91.83636474609375 74.62046051025391 -33.28358840942383
v  91.46211242675781 74.15484619140625 -33.45376586914062
v  87.58100891113281 77.25257873535156 -33.57430267333984
v  74.73127746582031 84.85491943359375 -33.78940200805664
v  74.92578125 85.39631652832031 -33.72638320922852
v  79.57608032226562 83.4205322265625 -33.59356307983398
v  55.180419921875 88.45009613037109 -34.02463912963867
v  55.180419921875 89 -34
v  60.21604537963867 88.76973724365234 -33.98036956787109
v  84.98738861083984 71.38133239746094 -37.9853630065918
v  83.34561920166016 72.86180877685547 -37.98652648925781
v  84.05152130126953 73.29905700683594 -36.99393844604492
v  63.97189712524414 82.59698486328125 -37.49909973144531
v  64.06712341308594 82.84323120117188 -37.02658843994141
v  66.24398803710938 82.34942626953125 -37.02455902099609
v  88.72287750244141 71.25127410888672 -35.52204513549805
v  88.191162109375 70.81661224365234 -36.06872177124023
v  84.75741577148438 73.87345123291016 -36.0876579284668
v  66.36361694335938 82.63255310058594 -36.57682418823242
v  50.75795364379883 83.25848388671875 -37.50074005126953
v  50.80511856079102 83.05169677734375 -37.99637603759766
v  48.63543701171875 82.77565765380859 -37.99604034423828
v  41.53444671630859 82.69814300537109 -35.75840377807617
v  41.39014053344727 83.07868194580078 -35.39649200439453
v  45.91279602050781 84.18265533447266 -35.41468048095703
v  72.00823974609375 79.62313842773438 -38.51325607299805
v  72.20274353027344 79.78640747070312 -37.99277114868164
v  74.19116973876953 78.87629699707031 -37.99186325073242
v  70.00316619873047 80.43095397949219 -38.51351928710938
v  46.57939910888672 82.22687530517578 -38.51414108276367
v  48.70651626586914 82.61166381835938 -38.5142822265625
v  38.35260009765625 79.62313842773438 -38.51325607299805
v  25.37345123291016 71.38133239746094 -37.9853630065918
v  24.35808181762695 69.60282135009766 -38.699951171875
v  32.33673477172852 76.75727844238281 -37.9898567199707
v  30.50132369995117 75.55227661132812 -37.9887809753418
v  34.22769927978516 77.86593627929688 -37.99088668823242
v  36.16967010498047 78.87629699707031 -37.99186325073242
v  40.35767364501953 80.43095397949219 -38.51351928710938
v  44.47575378417969 81.73424530029297 -38.51396179199219
v  55.180419921875 83.10948181152344 -38.51447296142578
v  53.01186752319336 83.05387115478516 -38.51445007324219
v  50.8522834777832 82.88762664794922 -38.51438522338867
v  57.34897232055664 83.05387115478516 -38.51445007324219
v  59.50855255126953 82.88762664794922 -38.51438522338867
v  63.78144073486328 82.22687530517578 -38.51414108276367
v  67.96055603027344 81.1351318359375 -38.51375579833984
v  76.62498474121094 78.30988311767578 -37.0096549987793
v  78.02410125732422 76.75727844238281 -37.9898567199707
v  76.13314056396484 77.86593627929688 -37.99088668823242
v  81.63484191894531 74.25297546386719 -37.98766708374023
v  22.16967582702637 70.81661224365234 -36.06872177124023
v  21.63796043395996 71.25127410888672 -35.52204513549805
v  25.60342025756836 73.87345123291016 -36.0876579284668
v  24.89752388000488 74.57051086425781 -35.28012466430664
v  22.8598747253418 70.32868194580078 -36.83685684204102
v  26.3093204498291 73.29905700683594 -36.99393844604492
v  22.9874095916748 70.24853515625 -36.98552703857422
v  35.28945541381836 79.91284942626953 -36.13095092773438
v  33.24400329589844 78.89762115478516 -36.123046875
v  32.75215530395508 79.61279296875 -35.34489822387695
v  31.24820518493652 77.78395080566406 -36.11469268798828
v  39.51138305664062 81.63990020751953 -36.14511489868164
v  37.38008499145508 80.82759094238281 -36.13833236694336
v  37.18558502197266 81.17418670654297 -35.74061965942383
v  36.99108123779297 81.55101013183594 -35.37287521362305
v  27.01521873474121 72.86180877685547 -37.98652648925781
v  24.06062126159668 69.70784759521484 -38.31112670898438
v  23.80514526367188 69.81405639648438 -37.98419189453125
v  23.54004287719727 69.939453125 -37.65217590332031
v  29.90393447875977 75.99277496337891 -37.00206756591797
v  31.7924690246582 77.19950103759766 -37.00594329833984
v  33.7358512878418 78.30988311767578 -37.0096549987793
v  35.72956466674805 79.32192993164062 -37.01316452026367
v  38.15809631347656 79.78640747070312 -37.99277114868164
v  41.67875289916992 82.34818267822266 -36.1512336730957
v  36.60207748413086 82.38676452636719 -34.73451232910156
v  46.00802612304688 83.79923248291016 -35.77209854125977
v  46.10325241088867 83.4466552734375 -36.16117095947266
v  43.87758255004883 82.95093536376953 -36.15660858154297
v  43.99721908569336 82.63255310058594 -36.57682418823242
v  41.96736526489258 81.74891662597656 -37.02217483520508
v  40.01915740966797 80.7991943359375 -37.49497604370117
v  39.84989929199219 81.04317474365234 -37.01945495605469
v  37.76909255981445 80.23366546630859 -37.01644134521484
v  55.180419921875 83.48059844970703 -37.50131988525391
v  55.180419921875 83.27361297607422 -37.99665451049805
v  52.98838806152344 83.21798706054688 -37.99658203125
v  59.79154968261719 84.46598052978516 -35.78090667724609
v  59.744384765625 84.11172485351562 -36.16756057739258
v  55.180419921875 84.33509826660156 -36.16981887817383
v  55.180419921875 84.01368713378906 -36.58594131469727
v  50.66361999511719 83.79083251953125 -36.58438110351562
v  50.71078872680664 83.50563812255859 -37.02942276000977
v  48.49328231811523 83.22897338867188 -37.02821731567383
v  48.56435775756836 82.98220062255859 -37.50004196166992
v  46.38894271850586 82.59698486328125 -37.49909973144531
v  46.48416900634766 82.39076232910156 -37.99559020996094
v  44.35612106323242 81.89801025390625 -37.99502563476562
v  42.40028381347656 81.1351318359375 -38.51375579833984
v  73.36975860595703 81.55101013183594 -35.37287521362305
v  68.82639312744141 82.69814300537109 -35.75840377807617
v  68.97069549560547 83.07868194580078 -35.39649200439453
v  64.35281372070312 83.79923248291016 -35.77209854125977
v  64.25758361816406 83.4466552734375 -36.16117095947266
v  62.00971221923828 83.83393096923828 -36.16484451293945
v  61.93863677978516 83.51365661621094 -36.5825080871582
v  59.69721603393555 83.79083251953125 -36.58438110351562
v  59.65005111694336 83.50563812255859 -37.02942276000977
v  55.180419921875 83.72807312011719 -37.03042984008789
v  77.60868072509766 79.61279296875 -35.34489822387695
v  77.11683654785156 78.89762115478516 -36.123046875
v  72.59174346923828 80.23366546630859 -37.01644134521484
v  72.98075103759766 80.82759094238281 -36.13833236694336
v  74.63127899169922 79.32192993164062 -37.01316452026367
v  75.07138061523438 79.91284942626953 -36.13095092773438
v  79.85951232910156 75.55227661132812 -37.9887809753418
v  78.56836700439453 77.19950103759766 -37.00594329833984
v  80.45690155029297 75.99277496337891 -37.00206756591797
v  79.11263275146484 77.78395080566406 -36.11469268798828
v  81.05429077148438 76.57387542724609 -36.10596084594727
v  89.00890350341797 71.50479888916016 -35.24546051025391
v  85.46331787109375 74.57051086425781 -35.28012466430664
v  81.65167999267578 77.28009796142578 -35.31362533569336
v  57.3724479675293 83.21798706054688 -37.99658203125
v  59.60288619995117 83.25848388671875 -37.50074005126953
v  59.55571746826172 83.05169677734375 -37.99637603759766
v  66.48325347900391 82.95093536376953 -36.15660858154297
v  64.162353515625 83.12722015380859 -36.57997131347656
v  61.86755752563477 83.22897338867188 -37.02821731567383
v  61.72540283203125 82.77565765380859 -37.99604034423828
v  68.68208312988281 82.34818267822266 -36.1512336730957
v  68.39347076416016 81.74891662597656 -37.02217483520508
v  66.12435150146484 82.10382080078125 -37.49792861938477
v  63.87666702270508 82.39076232910156 -37.99559020996094
v  61.65432357788086 82.61166381835938 -38.5142822265625
v  65.88508605957031 81.73424530029297 -38.51396179199219
v  66.00471496582031 81.89801025390625 -37.99502563476562
v  68.1048583984375 81.29873657226562 -37.99436187744141
v  68.24916839599609 81.50407409667969 -37.49654769897461
v  70.34168243408203 80.7991943359375 -37.49497604370117
v  70.51094055175781 81.04317474365234 -37.01945495605469
v  70.84945678710938 81.63990020751953 -36.14511489868164
v  73.17525482177734 81.17418670654297 -35.74061965942383
v  70.17242431640625 80.59439086914062 -37.99361038208008
v  82.28609466552734 74.69180297851562 -36.99805450439453
v  87.50096130371094 70.32868194580078 -36.83685684204102
v  87.37342834472656 70.24853515625 -36.98552703857422
v  86.82079315185547 69.939453125 -37.65217590332031
v  86.55569458007812 69.81405639648438 -37.98419189453125
v  86.30021667480469 69.70784759521484 -38.31112670898438
v  69.83653259277344 85.87916564941406 -33.97895050048828
v  69.69223022460938 85.36199951171875 -34.11611175537109
v  64.92418670654297 86.48215484619141 -34.16944885253906
v  64.82895660400391 85.97891998291016 -34.33985137939453
v  60.02738189697266 86.65583038330078 -34.36843490600586
v  59.9802131652832 86.16983795166016 -34.57499313354492
v  55.180419921875 86.39662933349609 -34.58330154418945
v  55.180419921875 85.93157196044922 -34.82818984985352
v  50.42779159545898 85.70552062988281 -34.82146835327148
v  40.18841552734375 80.59439086914062 -37.99361038208008
v  42.11167526245117 81.50407409667969 -37.49654769897461
v  44.11685180664062 82.34942626953125 -37.02455902099609
v  46.19848251342773 83.12722015380859 -36.57997131347656
v  48.35112380981445 83.83393096923828 -36.16484451293945
v  50.56929016113281 84.46598052978516 -35.78090667724609
v  50.52212142944336 84.85125732421875 -35.42637634277344
v  55.180419921875 85.07586669921875 -35.43051147460938
v  55.180419921875 85.49053192138672 -35.11124801635742
v  59.88588333129883 85.26521301269531 -35.10591125488281
v  59.93304824829102 85.70552062988281 -34.82146835327148
v  64.63850402832031 85.03286743164062 -34.80245971679688
v  64.73372650146484 85.49506378173828 -34.55149459838867
v  69.54792022705078 84.86202239990234 -34.29540252685547
v  42.25597763061523 81.29873657226562 -37.99436187744141
v  44.23648452758789 82.10382080078125 -37.49792861938477
v  46.2937126159668 82.84323120117188 -37.02658843994141
v  48.42220306396484 83.51365661621094 -36.5825080871582
v  50.616455078125 84.11172485351562 -36.16756057739258
v  55.180419921875 84.68994140625 -35.78401947021484
v  59.83871459960938 84.85125732421875 -35.42637634277344
v  64.44804382324219 84.18265533447266 -35.41468048095703
v  64.54327392578125 84.59462738037109 -35.09082794189453
v  69.25930786132812 83.92257690429688 -34.77289581298828
v  79.08423614501953 82.35926818847656 -33.79954147338867
v  74.53677368164062 84.32658386230469 -33.89682769775391
v  79.33015441894531 82.8831787109375 -33.67521286010742
v  84.04123687744141 81.04692840576172 -33.44510269165039
v  92.27984619140625 75.18833160400391 -33.12150573730469
v  88.28691101074219 78.29521179199219 -33.28606414794922
v  83.44384765625 79.99485778808594 -33.6907958984375
v  89.93492889404297 72.41209411621094 -34.44084930419922
v  86.16921234130859 75.37572479248047 -34.58376312255859
v  82.84645843505859 79.00605773925781 -34.0928840637207
v  82.24906921386719 78.09597778320312 -34.63821411132812
v  78.59238433837891 81.35997772216797 -34.1693115234375
v  78.10053253173828 80.43903350830078 -34.68904113769531
v  74.14776611328125 83.31767272949219 -34.23768615722656
v  73.75875854492188 82.38676452636719 -34.73451232910156
v  18.08099365234375 75.18833160400391 -33.12150573730469
v  22.07392883300781 78.29521179199219 -33.28606414794922
v  18.52447509765625 74.62046051025391 -33.28358840942383
v  22.77982521057129 77.25257873535156 -33.57430267333984
v  26.9169921875 79.99485778808594 -33.6907958984375
v  26.31960487365723 81.04692840576172 -33.44510269165039
v  31.03068351745605 82.8831787109375 -33.67521286010742
v  30.78475761413574 83.4205322265625 -33.59356307983398
v  23.48572731018066 76.27457427978516 -34.01101303100586
v  19.2490406036377 73.73153686523438 -33.63970184326172
v  18.89872932434082 74.15484619140625 -33.45376586914062
v  50.14479446411133 88.76973724365234 -33.98036956787109
v  50.19195938110352 88.22044372558594 -34.00776290893555
v  45.15096282958984 88.08509826660156 -33.92484664916992
v  45.24619293212891 87.53753662109375 -33.96002960205078
v  40.37999725341797 86.41130065917969 -33.88579177856445
v  40.5243034362793 85.87916564941406 -33.97895050048828
v  35.82406234741211 84.32658386230469 -33.89682769775391
v  36.21306991577148 83.31767272949219 -34.23768615722656
v  40.66860961914062 85.36199951171875 -34.11611175537109
v  45.3414192199707 87.00245666503906 -34.04220199584961
v  50.2391242980957 87.68346405029297 -34.08287048339844
v  55.180419921875 87.91245269775391 -34.09725189208984
v  60.16888046264648 88.22044372558594 -34.00776290893555
v  65.20987701416016 88.08509826660156 -33.92484664916992
v  24.19162368774414 75.37572479248047 -34.58376312255859
v  19.85799598693848 73.02767944335938 -34.02146530151367
v  19.71646690368652 73.18742370605469 -33.92630004882812
v  21.35193634033203 71.50479888916016 -35.24546051025391
v  20.77101898193359 72.05922698974609 -34.72385787963867
v  20.42591285705566 72.41209411621094 -34.44084930419922
v  31.2766056060791 82.35926818847656 -33.79954147338867
v  31.76845550537109 81.35997772216797 -34.1693115234375
v  27.51438140869141 79.00605773925781 -34.0928840637207
v  32.26030349731445 80.43903350830078 -34.68904113769531
v  28.11176872253418 78.09597778320312 -34.63821411132812
v  28.70915794372559 77.28009796142578 -35.31362533569336
v  29.30654525756836 76.57387542724609 -36.10596084594727
v  28.72599411010742 74.25297546386719 -37.98766708374023
v  28.07474327087402 74.69180297851562 -36.99805450439453
v  41.10152816772461 83.92257690429688 -34.77289581298828
v  40.81291580200195 84.86202239990234 -34.29540252685547
v  45.43664932250977 86.48215484619141 -34.16944885253906
v  50.28629302978516 87.16114807128906 -34.20374298095703
v  55.180419921875 87.38942718505859 -34.21586990356445
v  60.12171173095703 87.68346405029297 -34.08287048339844
v  65.11464691162109 87.53753662109375 -33.96002960205078
v  70.12514495849609 86.95616912841797 -33.83849716186523
v  45.53187942504883 85.97891998291016 -34.33985137939453
v  45.62710952758789 85.49506378173828 -34.55149459838867
v  45.72233581542969 85.03286743164062 -34.80245971679688
v  50.47495651245117 85.26521301269531 -35.10591125488281
v  45.81756591796875 84.59462738037109 -35.09082794189453
v  69.98084259033203 86.41130065917969 -33.88579177856445
v  65.01941680908203 87.00245666503906 -34.04220199584961
v  60.07454681396484 87.16114807128906 -34.20374298095703
v  93.87572479248047 77.23095703125 -32.31725692749023
v  95.47161102294922 79.30198669433594 -31.62887001037598
v  89.66452789306641 80.32728576660156 -32.48473739624023
v  91.04215240478516 82.35823059082031 -31.73932838439941
v  85.20709228515625 83.0699462890625 -32.64659881591797
v  86.37294769287109 85.06329345703125 -31.84608268737793
v  80.53596496582031 85.43587493896484 -32.79769515991211
v  81.495849609375 87.39488983154297 -31.94573593139648
v  75.68495941162109 87.40526580810547 -32.93286895751953
v  76.44413757324219 89.33403778076172 -32.03488922119141
v  78.98972320556641 88.41465759277344 -31.9918384552002
v  65.95326995849609 91.96906280517578 -32.16810989379883
v  68.61350250244141 91.47003173828125 -32.14150238037109
v  70.68840026855469 88.95994567871094 -33.04697418212891
v  71.25164794921875 90.86342620849609 -32.11014556884766
v  73.86332702636719 90.15087890625 -32.07446670532227
v  65.58157348632812 90.08497619628906 -33.13485717773438
v  60.40014266967773 90.76708984375 -33.19136047363281
v  60.5842399597168 92.63869476318359 -32.20537567138672
v  55.180419921875 90.9964599609375 -33.21134185791016
v  55.180419921875 92.86363983154297 -32.21855545043945
v  49.96069717407227 90.76708984375 -33.19136047363281
v  49.7765998840332 92.63869476318359 -32.20537567138672
v  44.77926635742188 90.08497619628906 -33.13485717773438
v  44.40756988525391 91.96906280517578 -32.16810989379883
v  41.74733734130859 91.47003173828125 -32.14150238037109
v  39.67243957519531 88.95994567871094 -33.04697418212891
v  39.10918807983398 90.86342620849609 -32.11014556884766
v  36.49751281738281 90.15087890625 -32.07446670532227
v  34.67588043212891 87.40526580810547 -32.93286895751953
v  33.91670608520508 89.33403778076172 -32.03488922119141
v  31.37111854553223 88.41465759277344 -31.9918384552002
v  29.82487106323242 85.43587493896484 -32.79769515991211
v  28.86498641967773 87.39488983154297 -31.94573593139648
v  25.15374946594238 83.0699462890625 -32.64659881591797
v  20.69630813598633 80.32728576660156 -32.48473739624023
v  16.48510932922363 77.23095703125 -32.31725692749023
v  26.40251159667969 86.27700805664062 -31.89700889587402
v  23.98789215087891 85.06329345703125 -31.84608268737793
v  19.31868553161621 82.35823059082031 -31.73932838439941
v  14.88922882080078 79.30198669433594 -31.62887001037598
v  37.36025619506836 100.8007659912109 -16
v  37.39844512939453 100.8059234619141 -16
v  34.1912841796875 100.2289962768555 -17.25361251831055
v  2.813033819198608 89.46040344238281 -19.69730949401855
v  1.817487239837646 89.75153350830078 -18.39904022216797
v  8.092198371887207 92.50228118896484 -18.48734664916992
v  99.86296081542969 91.48005676269531 -22.03918266296387
v  99.06107330322266 90.98256683349609 -23.16089248657227
v  96.13368225097656 92.27420043945312 -23.16489601135254
v  103.0705337524414 92.67770385742188 -17.25321197509766
v  102.2686386108398 92.50228118896484 -18.48734664916992
v  95.87371063232422 94.93731689453125 -18.48790168762207
v  107.3612594604492 91.33625793457031 -16
v  110.3346176147461 90.02484893798828 -16
v  109.4056777954102 89.92413330078125 -17.25309181213379
v  88.7593994140625 96.7894287109375 -19.70157432556152
v  88.20066070556641 96.47618103027344 -20.88950729370117
v  84.98918151855469 97.39557647705078 -20.89075088500977
v  85.98908996582031 97.93080902099609 -18.48866081237793
v  82.63080596923828 98.74623870849609 -18.48888397216797
v  83.07271575927734 98.88820648193359 -17.25353240966797
v  76.1695556640625 100.2289962768555 -17.25361251831055
v  75.84169769287109 100.0951232910156 -18.48927688598633
v  72.41878509521484 100.6268692016602 -18.48943901062012
v  93.17443084716797 89.60826110839844 -27.25535774230957
v  95.85350036621094 88.27759552001953 -27.2402286529541
v  94.24972534179688 86.53213500976562 -28.98481750488281
v  40.66011428833008 95.31499481201172 -29.16829490661621
v  43.54214096069336 95.79279327392578 -29.18043327331543
v  43.97485733032227 93.98538208007812 -30.79142761230469
v  45.79358673095703 99.06562805175781 -25.35926818847656
v  48.91931533813477 99.32113647460938 -25.36173057556152
v  49.13363647460938 97.99901580810547 -27.37066268920898
v  46.11656188964844 97.73792266845703 -27.36623191833496
v  43.10942459106445 97.37317657470703 -27.36023330688477
v  42.67670822143555 98.70845031738281 -25.35593605041504
v  9.157374382019043 85.50286102294922 -27.05217552185059
v  7.28920841217041 87.02045440673828 -25.08694839477539
v  11.88252449035645 86.86132049560547 -27.2248420715332
v  10.15269374847412 88.37265777587891 -25.28074073791504
v  14.50733470916748 88.27759552001953 -27.2402286529541
v  12.90354919433594 89.7679443359375 -25.28928756713867
v  17.18641090393066 89.60826110839844 -27.25535774230957
v  15.70678520202637 91.07830810546875 -25.29768943786621
v  19.91613578796387 90.85076141357422 -27.27010726928711
v  18.55888557434082 92.30129241943359 -25.30588150024414
v  22.69283676147461 92.00264739990234 -27.28435897827148
v  21.45627593994141 93.43454742431641 -25.31379699707031
v  25.5125789642334 93.06192016601562 -27.29799652099609
v  24.39511108398438 94.47618103027344 -25.32137107849121
v  28.37138748168945 94.02666473388672 -27.31089973449707
v  27.3714771270752 95.42437744140625 -25.32853698730469
v  31.26527214050293 94.89498138427734 -27.32294845581055
v  30.38146209716797 96.27733612060547 -25.33522987365723
v  34.19021224975586 95.66506195068359 -27.33402442932129
v  12.89818096160889 81.69699096679688 -30.31994819641113
v  15.34218692779541 83.09035491943359 -30.45603370666504
v  13.76025772094727 80.68904113769531 -30.92685890197754
v  18.51679420471191 83.48063659667969 -31.15156555175781
v  14.62233066558838 79.63653564453125 -31.47271728515625
v  17.71490287780762 84.55214691162109 -30.49415016174316
v  20.14566230773926 85.9268798828125 -30.53162574768066
v  23.30926895141602 86.16287231445312 -31.24096298217773
v  22.63064002990723 87.21178436279297 -30.56816482543945
v  25.16595268249512 88.40419769287109 -30.60347366333008
v  11.03188514709473 83.71641540527344 -28.81109237670898
v  13.61235618591309 85.09358215332031 -28.95973587036133
v  16.11111640930176 86.53213500976562 -28.98481750488281
v  18.66603660583496 87.88436126708984 -29.00947761535645
v  21.27338981628418 89.14759826660156 -29.03351974487305
v  23.92939567565918 90.31930541992188 -29.05675315856934
v  26.63004875183105 91.39735412597656 -29.07898330688477
v  29.37129974365234 92.37972259521484 -29.10001564025879
v  32.14908218383789 93.26438903808594 -29.11965751647949
v  34.95931243896484 94.04944610595703 -29.1377124786377
v  37.79774475097656 94.73342895507812 -29.15398979187012
v  39.57289123535156 98.25002288818359 -25.3518009185791
v  40.11650085449219 96.90538024902344 -27.35278511047363
v  36.48630523681641 97.69129943847656 -25.34692764282227
v  37.14202499389648 96.33560180664062 -27.3440113067627
v  33.42111206054688 97.03337860107422 -25.34138107299805
v  49.34795761108398 96.43264770507812 -29.19743537902832
v  46.43953704833984 96.16558837890625 -29.19021224975586
v  52.15635299682617 98.15601348876953 -27.37340927124023
v  52.04966735839844 99.47466278076172 -25.36325454711914
v  55.180419921875 98.20845031738281 -27.37435150146484
v  27.74751663208008 89.50187683105469 -30.63725662231445
v  30.37120819091797 90.50267791748047 -30.66921806335449
v  33.03289413452148 91.40444946289062 -30.69906616210938
v  35.72841262817383 92.20516967773438 -30.72650718688965
v  38.45346832275391 92.90322113037109 -30.75124359130859
v  41.2037239074707 93.49712371826172 -30.77298164367676
v  55.180419921875 96.64704132080078 -29.20344734191895
v  61.01288223266602 96.43264770507812 -29.19743537902832
v  88.90456390380859 93.43454742431641 -25.31379699707031
v  87.66799926757812 92.00264739990234 -27.28435897827148
v  85.96572875976562 94.47618103027344 -25.32137107849121
v  84.84825897216797 93.06192016601562 -27.29799652099609
v  82.98936462402344 95.42437744140625 -25.32853698730469
v  81.98944854736328 94.02666473388672 -27.31089973449707
v  79.97937774658203 96.27733612060547 -25.33522987365723
v  79.09556579589844 94.89498138427734 -27.32294845581055
v  76.93972778320312 97.03337860107422 -25.34138107299805
v  76.17062377929688 95.66506195068359 -27.33402442932129
v  73.87453460693359 97.69129943847656 -25.34692764282227
v  73.21881103515625 96.33560180664062 -27.3440113067627
v  70.78794860839844 98.25002288818359 -25.3518009185791
v  70.24433898925781 96.90538024902344 -27.35278511047363
v  67.68413543701172 98.70845031738281 -25.35593605041504
v  67.25141143798828 97.37317657470703 -27.36023330688477
v  64.56725311279297 99.06562805175781 -25.35926818847656
v  64.24427795410156 97.73792266845703 -27.36623191833496
v  61.44152069091797 99.32113647460938 -25.36173057556152
v  61.22720336914062 97.99901580810547 -27.37066268920898
v  58.3111686706543 99.47466278076172 -25.36325454711914
v  55.180419921875 99.52590179443359 -25.36377716064453
v  97.45729064941406 89.7679443359375 -25.28928756713867
v  94.654052734375 91.07830810546875 -25.29768943786621
v  91.80195617675781 92.30129241943359 -25.30588150024414
v  90.4447021484375 90.85076141357422 -27.27010726928711
v  86.43144226074219 90.31930541992188 -29.05675315856934
v  83.73078918457031 91.39735412597656 -29.07898330688477
v  80.98954010009766 92.37972259521484 -29.10001564025879
v  78.21175384521484 93.26438903808594 -29.11965751647949
v  75.40152740478516 94.04944610595703 -29.1377124786377
v  72.56309509277344 94.73342895507812 -29.15398979187012
v  69.70072174072266 95.31499481201172 -29.16829490661621
v  66.81870269775391 95.79279327392578 -29.18043327331543
v  63.92130279541016 96.16558837890625 -29.19021224975586
v  46.76251220703125 94.36661529541016 -30.80628776550293
v  49.56227874755859 94.63990783691406 -30.8172664642334
v  55.180419921875 94.85950469970703 -30.8264045715332
v  60.79856109619141 94.63990783691406 -30.8172664642334
v  66.385986328125 93.98538208007812 -30.79142761230469
v  85.19488525390625 88.40419769287109 -30.60347366333008
v  82.61331939697266 89.50187683105469 -30.63725662231445
v  79.98963165283203 90.50267791748047 -30.66921806335449
v  77.32794189453125 91.40444946289062 -30.69906616210938
v  74.63242340087891 92.20516967773438 -30.72650718688965
v  71.90737152099609 92.90322113037109 -30.75124359130859
v  69.15711212158203 93.49712371826172 -30.77298164367676
v  98.2584228515625 82.58605194091797 -29.70810890197754
v  96.74848175048828 85.09358215332031 -28.95973587036133
v  98.47831726074219 86.86132049560547 -27.2248420715332
v  100.2081451416016 88.37265777587891 -25.28074073791504
v  91.69480133056641 87.88436126708984 -29.00947761535645
v  93.44783020019531 85.57016754150391 -29.77069664001465
v  90.21517944335938 85.9268798828125 -30.53162574768066
v  92.64593505859375 84.55214691162109 -30.49415016174316
v  91.84404754638672 83.48063659667969 -31.15156555175781
v  89.08744812011719 89.14759826660156 -29.03351974487305
v  87.73020172119141 87.21178436279297 -30.56816482543945
v  87.05156707763672 86.16287231445312 -31.24096298217773
v  99.32895660400391 83.71641540527344 -28.81109237670898
v  101.2034606933594 85.50286102294922 -27.05217552185059
v  103.0716323852539 87.02045440673828 -25.08694839477539
v  81.81008148193359 99.30679321289062 -16
v  76.49742889404297 100.2805557250977 -16
v  73.00057983398438 100.8007659912109 -16
v  79.24703216552734 99.46798706054688 -18.48908996582031
v  95.19508361816406 94.69124603271484 -19.70023345947266
v  89.31813049316406 97.02312469482422 -18.48842239379883
v  89.87686920166016 97.17485046386719 -17.25343704223633
v  96.55233764648438 95.10025024414062 -17.25332832336426
v  83.51460266113281 98.94680786132812 -16
v  90.49938201904297 97.22468566894531 -16
v  97.23093414306641 95.17746734619141 -16
v  99.02927398681641 94.56383514404297 -16
v  103.8724594116211 92.76625061035156 -16
v  101.4667510986328 92.24248504638672 -19.69879722595215
v  100.6648559570312 91.90087890625 -20.88394546508789
v  97.61331176757812 93.17567443847656 -20.88540267944336
v  94.51645660400391 94.36454010009766 -20.88682174682617
v  91.37767791748047 95.46529388427734 -20.8881950378418
v  106.7483139038086 89.15741729736328 -20.71778106689453
v  105.6899337768555 88.66464233398438 -22.03401374816895
v  104.9225540161133 88.24404907226562 -22.96078109741211
v  101.9379730224609 89.60667419433594 -23.15682029724121
v  108.5433502197266 89.75153350830078 -18.39904022216797
v  107.5478057861328 89.46040344238281 -19.69730949401855
v  11.33156204223633 94.56383514404297 -16
v  13.80850410461426 95.10025024414062 -17.25332832336426
v  6.488382816314697 92.76625061035156 -16
v  7.290307521820068 92.67770385742188 -17.25321197509766
v  2.999581336975098 91.33625793457031 -16
v  0.02621858939528465 90.02484893798828 -16
v  0.9551569819450378 89.92413330078125 -17.25309181213379
v  20.48397064208984 97.17485046386719 -17.25343704223633
v  17.74660110473633 96.02477264404297 -18.48816871643066
v  14.48712825775146 94.93731689453125 -18.48790168762207
v  8.894089698791504 92.24248504638672 -19.69879722595215
v  15.16575717926025 94.69124603271484 -19.70023345947266
v  6.693031787872314 90.54245758056641 -20.88246536254883
v  3.612525701522827 89.15741729736328 -20.71778106689453
v  12.74752998352051 93.17567443847656 -20.88540267944336
v  9.695981025695801 91.90087890625 -20.88394546508789
v  27.28812599182129 98.88820648193359 -17.25353240966797
v  24.37174797058105 97.93080902099609 -18.48866081237793
v  21.0427074432373 97.02312469482422 -18.48842239379883
v  13.12990093231201 95.17746734619141 -16
v  19.8614559173584 97.22468566894531 -16
v  26.84623527526855 98.94680786132812 -16
v  28.55075836181641 99.30679321289062 -16
v  33.86341094970703 100.2805557250977 -16
v  34.51914215087891 100.0951232910156 -18.48927688598633
v  31.11380767822266 99.46798706054688 -18.48908996582031
v  27.73003005981445 98.74623870849609 -18.48888397216797
v  72.96239471435547 100.8059234619141 -16
v  69.41498565673828 101.2360610961914 -16
v  68.98228454589844 101.0624465942383 -18.48957633972168
v  65.85915374755859 101.5706024169922 -16
v  65.53617858886719 101.4011917114258 -18.48968887329102
v  64.11065673828125 101.6998519897461 -16
v  62.0844841003418 101.64306640625 -18.48977088928223
v  58.73791122436523 101.9524078369141 -16
v  58.6312255859375 101.7881240844727 -18.48982238769531
v  55.180419921875 102 -16
v  55.180419921875 101.8364639282227 -18.48983955383301
v  51.6229248046875 101.9524078369141 -16
v  51.7296142578125 101.7881240844727 -18.48982238769531
v  46.25018310546875 101.6998519897461 -16
v  48.2763557434082 101.64306640625 -18.48977088928223
v  44.50168609619141 101.5706024169922 -16
v  44.82466125488281 101.4011917114258 -18.48968887329102
v  40.94585037231445 101.2360610961914 -16
v  41.37855911254883 101.0624465942383 -18.48957633972168
v  37.94205474853516 100.6268692016602 -18.48943901062012
v  14.22715950012207 92.27420043945312 -23.16489601135254
v  11.29976654052734 90.98256683349609 -23.16089248657227
v  8.422863006591797 89.60667419433594 -23.15682029724121
v  5.438286781311035 88.24404907226562 -22.96078109741211
v  15.84438228607178 94.36454010009766 -20.88682174682617
v  17.20163154602051 93.47920989990234 -23.16880035400391
v  93.15920257568359 93.47920989990234 -23.16880035400391
v  90.14112091064453 94.59532165527344 -23.17257308959961
v  87.08319091796875 95.62073516845703 -23.17618179321289
v  83.98927307128906 96.55372619628906 -23.17959785461426
v  81.74699401855469 98.22184753417969 -20.89191055297852
v  80.86318969726562 97.39258575439453 -23.18278694152832
v  78.47792816162109 98.9534912109375 -20.89297676086426
v  77.70883178710938 98.1357421875 -23.18571853637695
v  75.18597412109375 99.58950805664062 -20.89393615722656
v  74.53025054931641 98.78208160400391 -23.18836212158203
v  71.87517547607422 100.1290283203125 -20.89478302001953
v  71.33155822753906 99.33065795898438 -23.1906852722168
v  68.549560546875 100.5711822509766 -20.89550018310547
v  68.11685180664062 99.78047943115234 -23.19265556335449
v  65.21320343017578 100.9152450561523 -20.89607620239258
v  64.89022827148438 100.130729675293 -23.19424247741699
v  61.87016296386719 101.1610488891602 -20.89650344848633
v  61.65584182739258 100.3811111450195 -23.19541549682617
v  58.52453994750977 101.3085479736328 -20.89676856994629
v  58.41785430908203 100.5314483642578 -23.19614410400391
v  55.180419921875 101.3577270507812 -20.89685821533203
v  55.180419921875 100.5816040039062 -23.19639205932617
v  51.83629989624023 101.3085479736328 -20.89676856994629
v  51.9429817199707 100.5314483642578 -23.19614410400391
v  48.49067306518555 101.1610488891602 -20.89650344848633
v  48.70499420166016 100.3811111450195 -23.19541549682617
v  45.14763641357422 100.9152450561523 -20.89607620239258
v  45.47061157226562 100.130729675293 -23.19424247741699
v  41.81127548217773 100.5711822509766 -20.89550018310547
v  42.24399185180664 99.78047943115234 -23.19265556335449
v  38.48566818237305 100.1290283203125 -20.89478302001953
v  39.02927780151367 99.33065795898438 -23.1906852722168
v  35.17486190795898 99.58950805664062 -20.89393615722656
v  35.83058547973633 98.78208160400391 -23.18836212158203
v  31.88290786743164 98.9534912109375 -20.89297676086426
v  32.65200805664062 98.1357421875 -23.18571853637695
v  28.61384201049805 98.22184753417969 -20.89191055297852
v  29.49765205383301 97.39258575439453 -23.18278694152832
v  25.37165832519531 97.39557647705078 -20.89075088500977
v  26.37156867980957 96.55372619628906 -23.17959785461426
v  22.16017532348633 96.47618103027344 -20.88950729370117
v  23.27764320373535 95.62073516845703 -23.17618179321289
v  18.9831600189209 95.46529388427734 -20.8881950378418
v  20.21971702575684 94.59532165527344 -23.17257308959961
v  97.46265411376953 81.69699096679688 -30.31994819641113
v  96.60057830810547 80.68904113769531 -30.92685890197754
v  95.73851013183594 79.63653564453125 -31.47271728515625
v  82.05458831787109 88.47360992431641 -31.32441139221191
v  19.05878639221191 74.04263305664062 -33.07510375976562
v  26.41205024719238 67.6116943359375 -38.51111602783203
v  25.13286209106445 68.16604614257812 -36.97683715820312
v  22.5377197265625 70.15962982177734 -34.45712661743164
v  23.43633460998535 69.35350799560547 -35.22584533691406
v  23.83054351806641 69.03624725341797 -35.59979629516602
v  24.28627395629883 68.69951629638672 -36.05793762207031
v  20.95849800109863 71.816162109375 -33.42245864868164
v  21.28226280212402 71.4547119140625 -33.59905242919922
v  21.73645782470703 70.96563720703125 -33.87853622436523
v  19.51100730895996 73.4840087890625 -33.24421691894531
v  20.88651847839355 71.89788818359375 -33.38583374023438
v  20.49753761291504 72.34761810302734 -33.20491027832031
v  20.03657913208008 72.89700317382812 -33.02877807617188
v  16.71903228759766 76.92524719238281 -31.56662750244141
v  19.20719146728516 73.88482666015625 -32.60947799682617
v  18.37780380249023 74.88860321044922 -32.22288513183594
v  17.54841613769531 75.90364074707031 -31.87370109558105
v  16.44161796569824 77.25421905517578 -31.41350364685059
v  15.54556941986084 78.28862762451172 -30.87676239013672
v  14.64952182769775 79.27836608886719 -30.27798843383789
v  12.70967674255371 81.25774383544922 -28.78365898132324
v  10.92575454711914 82.86549377441406 -27.19189453125
v  10.7612943649292 83.00284576416016 -27.03553199768066
v  9.960207939147949 83.64453887939453 -26.25218200683594
v  8.819509506225586 84.47772216796875 -25.07783508300781
v  8.029118537902832 84.99745178222656 -24.22648048400879
v  6.895646572113037 85.65715789794922 -22.95649909973145
v  6.098028182983398 86.05881500244141 -22.03110313415527
v  4.99793529510498 86.52482604980469 -20.71624183654785
v  4.166934490203857 86.80703735351562 -19.69647407531738
v  3.13215708732605 87.07160186767578 -18.39874458312988
v  2.235844612121582 87.22051239013672 -17.25302505493164
v  1.270297884941101 87.29496002197266 -16
v  77.75694274902344 78.95608520507812 -33.06182479858398
v  81.88022613525391 76.93996429443359 -33.16290664672852
v  82.04901123046875 78.12934875488281 -32.70864868164062
v  89.86329650878906 72.34761810302734 -33.20491027832031
v  90.32425689697266 72.89700317382812 -33.02877807617188
v  86.32078552246094 75.69289398193359 -32.86508941650391
v  33.36786270141602 74.54329681396484 -36.96146774291992
v  35.18199920654297 75.55863189697266 -36.95802307128906
v  34.66637802124023 76.03511047363281 -36.00702667236328
v  40.52975845336914 78.50679779052734 -35.98666000366211
v  42.55645751953125 79.14352416992188 -35.98104476928711
v  42.25281143188477 79.69860076904297 -35.08510589599609
v  43.16375350952148 78.36708068847656 -37.97320175170898
v  41.24155426025391 77.71853637695312 -37.97389602661133
v  59.2495002746582 79.98052215576172 -37.97136306762695
v  81.38021850585938 70.58258056640625 -37.9804801940918
v  76.42308044433594 74.18148803710938 -37.97736358642578
v  71.00716400146484 76.97430419921875 -37.97466659545898
v  69.11928558349609 77.71853637695312 -37.97389602661133
v  67.19708251953125 78.36708068847656 -37.97320175170898
v  65.24478149414062 78.91871643066406 -37.97259521484375
v  63.26657867431641 79.37223815917969 -37.97208023071289
v  55.180419921875 80.18476867675781 -37.97111129760742
v  51.1113395690918 79.98052215576172 -37.97136306762695
v  47.09426116943359 79.37223815917969 -37.97208023071289
v  45.11605834960938 78.91871643066406 -37.97259521484375
v  35.6976203918457 75.20420837402344 -37.97640609741211
v  37.50430679321289 76.13568115234375 -37.97550582885742
v  39.35367202758789 76.97430419921875 -37.97466659545898
v  33.9377555847168 74.18148803710938 -37.97736358642578
v  32.22886657714844 73.06913757324219 -37.97836685180664
v  86.53029632568359 69.03624725341797 -35.59979629516602
v  83.58839416503906 72.11367034912109 -35.1931037902832
v  82.85233306884766 71.48307037353516 -36.04004669189453
v  86.07456207275391 68.69951629638672 -36.05793762207031
v  83.70391845703125 69.60724639892578 -36.97663497924805
v  85.22797393798828 68.16604614257812 -36.97683715820312
v  82.9112548828125 69.21243286132812 -37.98157501220703
v  83.94878387451172 67.6116943359375 -38.51111602783203
v  82.11627960205078 70.96870422363281 -36.97269058227539
v  80.006103515625 74.54187774658203 -35.16173553466797
v  79.38138580322266 73.93334197998047 -36.02291107177734
v  81.14591217041016 72.7508544921875 -36.03135299682617
v  78.75668334960938 73.438720703125 -36.9650764465332
v  80.4658203125 72.24654388427734 -36.96882629394531
v  78.13197326660156 73.06913757324219 -37.97836685180664
v  79.78573608398438 71.86884307861328 -37.97940826416016
v  72.23307800292969 78.34593200683594 -35.10681533813477
v  68.10802459716797 79.69860076904297 -35.08510589599609
v  69.83107757568359 78.50679779052734 -35.98666000366211
v  71.82444000244141 77.77567291259766 -35.99290466308594
v  69.47518157958984 78.05355072021484 -36.94897842407227
v  71.41580200195312 77.31528472900391 -36.95175170898438
v  67.500732421875 78.69670867919922 -36.94648361206055
v  67.80438232421875 79.14352416992188 -35.98104476928711
v  65.49665832519531 79.24360656738281 -36.94429397583008
v  63.66774749755859 80.12937927246094 -35.97195053100586
v  46.49250411987305 80.67273712158203 -35.06845855712891
v  46.69308853149414 80.12937927246094 -35.97195053100586
v  50.81315231323242 81.2608642578125 -35.05779266357422
v  50.91254806518555 80.72512054443359 -35.96612167358398
v  55.180419921875 81.45790100097656 -35.05403518676758
v  55.180419921875 80.92487335205078 -35.96406936645508
v  59.54768753051758 81.2608642578125 -35.05779266357422
v  59.44829177856445 80.72512054443359 -35.96612167358398
v  63.86833572387695 80.67273712158203 -35.06845855712891
v  46.8936767578125 79.69306945800781 -36.94244384765625
v  51.01194381713867 80.29563140869141 -36.93985366821289
v  55.180419921875 80.49781799316406 -36.93894195556641
v  59.34889602661133 80.29563140869141 -36.93985366821289
v  63.4671630859375 79.69306945800781 -36.94244384765625
v  38.53639602661133 77.77567291259766 -35.99290466308594
v  38.12775802612305 78.34593200683594 -35.10681533813477
v  36.58056259155273 76.9512939453125 -35.99971389770508
v  36.11868667602539 77.53023529052734 -35.11928176879883
v  26.7724437713623 72.11367034912109 -35.1931037902832
v  27.50850296020508 71.48307037353516 -36.04004669189453
v  30.35473823547363 74.54187774658203 -35.16173553466797
v  29.21492767333984 72.7508544921875 -36.03135299682617
v  37.04243469238281 76.48314666748047 -36.95477676391602
v  38.94503402709961 77.31528472900391 -36.95175170898438
v  40.88565444946289 78.05355072021484 -36.94897842407227
v  42.860107421875 78.69670867919922 -36.94648361206055
v  44.86418151855469 79.24360656738281 -36.94429397583008
v  28.24456214904785 70.96870422363281 -36.97269058227539
v  26.65691947937012 69.60724639892578 -36.97663497924805
v  27.4495849609375 69.21243286132812 -37.98157501220703
v  34.15076065063477 76.62336730957031 -35.13266754150391
v  32.22807312011719 75.62676239013672 -35.14685440063477
v  32.79796981811523 75.02861785888672 -36.0147819519043
v  30.97944831848145 73.93334197998047 -36.02291107177734
v  31.60415840148926 73.438720703125 -36.9650764465332
v  29.89501571655273 72.24654388427734 -36.96882629394531
v  30.57510185241699 71.86884307861328 -37.97940826416016
v  28.98061943054199 70.58258056640625 -37.9804801940918
v  55.180419921875 83.61272430419922 -32.78840255737305
v  55.180419921875 84.48952484130859 -32.21316528320312
v  52.91768646240234 84.44775390625 -32.21726608276367
v  50.51496505737305 83.42440795898438 -32.80147552490234
v  50.41556930541992 84.303955078125 -32.23101043701172
v  45.8907470703125 82.86077117919922 -32.83855819702148
v  47.67881011962891 84.02790832519531 -32.25653839111328
v  45.69015884399414 83.74800872802734 -32.28163528442383
v  41.34186553955078 81.92440795898438 -32.89644622802734
v  42.51919174194336 83.15971374511719 -32.3325080871582
v  41.0382194519043 82.82350921630859 -32.36066436767578
v  36.90184783935547 80.62064361572266 -32.9719352722168
v  37.49807739257812 81.8543701171875 -32.4388313293457
v  36.49320983886719 81.53508758544922 -32.46372604370117
v  32.66043090820312 80.12621307373047 -32.56927490234375
v  32.60389709472656 78.95608520507812 -33.06182479858398
v  32.08827972412109 79.88873291015625 -32.58644104003906
v  28.48061180114746 76.93996429443359 -33.16290664672852
v  28.05389785766602 77.99636840820312 -32.71755218505859
v  24.56426429748535 74.58281707763672 -33.27197647094727
v  23.72038650512695 75.48924255371094 -32.87755584716797
v  26.0363826751709 72.84850311279297 -34.44240951538086
v  29.73003005981445 75.25323486328125 -34.39142608642578
v  33.63513946533203 77.31312561035156 -34.34418106079102
v  37.71912002563477 79.01653289794922 -34.30216598510742
v  85.79657745361328 74.58281707763672 -33.27197647094727
v  89.07857513427734 71.4547119140625 -33.59905242919922
v  89.40234375 71.816162109375 -33.42245864868164
v  89.47431945800781 71.89788818359375 -33.38583374023438
v  78.27256011962891 79.88873291015625 -32.58644104003906
v  77.50616455078125 80.20518493652344 -32.56352996826172
v  73.45899200439453 80.62064361572266 -32.9719352722168
v  73.86763000488281 81.53508758544922 -32.46372604370117
v  72.73163604736328 81.89455413818359 -32.4356689453125
v  69.01897430419922 81.92440795898438 -32.89644622802734
v  69.32261657714844 82.82350921630859 -32.36066436767578
v  67.76544189453125 83.17593383789062 -32.33113479614258
v  64.4700927734375 82.86077117919922 -32.83855819702148
v  64.67067718505859 83.74800872802734 -32.28163528442383
v  62.65212249755859 84.03160095214844 -32.25620269775391
v  59.84587478637695 83.42440795898438 -32.80147552490234
v  59.94527053833008 84.303955078125 -32.23101043701172
v  57.44314956665039 84.44775390625 -32.21726608276367
v  81.25551605224609 76.05629730224609 -33.72185897827148
v  77.24131774902344 78.09412384033203 -33.65081787109375
v  76.72570037841797 77.31312561035156 -34.34418106079102
v  86.92450714111328 69.35350799560547 -35.22584533691406
v  87.8231201171875 70.15962982177734 -34.45712661743164
v  84.32445526123047 72.84850311279297 -34.44240951538086
v  88.62438201904297 70.96563720703125 -33.87853622436523
v  85.06051635742188 73.67555236816406 -33.79851531982422
v  76.2100830078125 76.62336730957031 -35.13266754150391
v  78.13276672363281 75.62676239013672 -35.14685440063477
v  75.6944580078125 76.03511047363281 -36.00702667236328
v  77.56287384033203 75.02861785888672 -36.0147819519043
v  75.17884063720703 75.55863189697266 -36.95802307128906
v  76.99297332763672 74.54329681396484 -36.96146774291992
v  74.66322326660156 75.20420837402344 -37.97640609741211
v  80.63080596923828 75.25323486328125 -34.39142608642578
v  25.30032348632812 73.67555236816406 -33.79851531982422
v  29.10531997680664 76.05629730224609 -33.72185897827148
v  33.1195182800293 78.09412384033203 -33.65081787109375
v  37.31048583984375 79.77794647216797 -33.587646484375
v  41.64551544189453 81.09795379638672 -33.53459167480469
v  41.94916152954102 80.35305023193359 -34.26688385009766
v  46.09133148193359 82.04685974121094 -33.4939079284668
v  46.29191970825195 81.31470489501953 -34.23982620239258
v  50.61436080932617 82.61862945556641 -33.46784591674805
v  50.7137565612793 81.89473724365234 -34.22249221801758
v  55.180419921875 82.80984497070312 -33.45865631103516
v  55.180419921875 82.08889770507812 -34.21638107299805
v  59.74647903442383 82.61862945556641 -33.46784591674805
v  59.6470832824707 81.89473724365234 -34.22249221801758
v  64.26950836181641 82.04685974121094 -33.4939079284668
v  64.06891632080078 81.31470489501953 -34.23982620239258
v  68.71532440185547 81.09795379638672 -33.53459167480469
v  68.41167449951172 80.35305023193359 -34.26688385009766
v  73.05035400390625 79.77794647216797 -33.587646484375
v  72.64171600341797 79.01653289794922 -34.30216598510742
v  74.24214935302734 77.53023529052734 -35.11928176879883
v  73.78028106689453 76.9512939453125 -35.99971389770508
v  73.31840515136719 76.48314666748047 -36.95477676391602
v  72.85652923583984 76.13568115234375 -37.97550582885742
v  69.61892700195312 83.75528717041016 -31.90596389770508
v  64.86641693115234 84.67312622070312 -31.82274627685547
v  74.26638793945312 82.47543334960938 -32.01448440551758
v  91.9830322265625 74.88860321044922 -32.22288513183594
v  87.96915435791016 77.53057861328125 -32.06468963623047
v  83.72414398193359 79.84757995605469 -31.91314315795898
v  79.27886199951172 81.82698059082031 -31.77269744873047
v  74.66514587402344 83.45899200439453 -31.64780616760254
v  45.49442672729492 84.67312622070312 -31.82274627685547
v  40.74191665649414 83.75528717041016 -31.90596389770508
v  55.180419921875 85.40871429443359 -31.75064659118652
v  50.31857681274414 85.22471618652344 -31.76943969726562
v  36.09445190429688 82.47543334960938 -32.01448440551758
v  31.58512496948242 80.83921051025391 -32.14369964599609
v  22.39168357849121 77.53057861328125 -32.06468963623047
v  23.10994338989258 76.53270721435547 -32.44580459594727
v  26.63669776916504 79.84757995605469 -31.91314315795898
v  27.24629974365234 78.85503387451172 -32.28900909423828
v  31.08197402954102 81.82698059082031 -31.77269744873047
v  35.69569778442383 83.45899200439453 -31.64780616760254
v  40.44561004638672 84.73526000976562 -31.54291725158691
v  45.29869079589844 85.65025329589844 -31.46248626708984
v  50.22158432006836 86.19992828369141 -31.41096305847168
v  55.180419921875 86.38321685791016 -31.39279937744141
v  60.13925552368164 86.19992828369141 -31.41096305847168
v  60.04226303100586 85.22471618652344 -31.76943969726562
v  65.06214904785156 85.65025329589844 -31.46248626708984
v  69.91522979736328 84.73526000976562 -31.54291725158691
v  50.12459182739258 87.22219085693359 -31.16254043579102
v  55.180419921875 87.40557861328125 -31.14663124084473
v  55.180419921875 88.46835327148438 -31.01915168762207
v  51.59677124023438 88.37933349609375 -31.0250129699707
v  50.0275993347168 88.28413391113281 -31.03113174438477
v  45.10295486450195 86.67216491699219 -31.20767021179199
v  21.67342185974121 78.54669189453125 -31.73513793945312
v  26.0270938873291 80.86505126953125 -31.60239791870117
v  24.53056907653809 81.47409820556641 -31.38135719299316
v  45.9066162109375 87.86893463134766 -31.05685997009277
v  44.90721893310547 87.73165130615234 -31.06511306762695
v  40.1493034362793 85.7564697265625 -31.27812004089355
v  40.30608749389648 86.91006469726562 -31.11266136169434
v  35.29693984985352 84.47917175292969 -31.3699893951416
v  34.84629058837891 85.51383972167969 -31.18814849853516
v  30.57882118225098 82.84586334228516 -31.47938346862793
v  29.57485961914062 83.69579315185547 -31.2790699005127
v  25.4174919128418 81.90171051025391 -31.36233901977539
v  19.75967788696289 78.87464141845703 -31.4908332824707
v  20.95516395568848 79.57582092285156 -31.4622917175293
v  84.333740234375 80.86505126953125 -31.60239791870117
v  84.94334411621094 81.90171051025391 -31.36233901977539
v  84.32418823242188 82.19055938720703 -31.34932136535645
v  79.78201293945312 82.84586334228516 -31.47938346862793
v  89.11448669433594 79.74136352539062 -31.45544815063477
v  88.68741607666016 78.54669189453125 -31.73513793945312
v  93.64180755615234 76.92524719238281 -31.56662750244141
v  70.21153259277344 85.7564697265625 -31.27812004089355
v  75.06389617919922 84.47917175292969 -31.3699893951416
v  74.00713348388672 85.94686889648438 -31.16533851623535
v  70.50783538818359 86.81197357177734 -31.11816215515137
v  68.56123352050781 87.21132659912109 -31.09555053710938
v  65.25788116455078 86.67216491699219 -31.20767021179199
v  80.28516387939453 83.88967132568359 -31.26971054077148
v  79.2750244140625 84.26685333251953 -31.25128364562988
v  75.46265411376953 85.52937316894531 -31.18733787536621
v  65.45362091064453 87.73165130615234 -31.06511306762695
v  62.97978591918945 88.04521179199219 -31.04609298706055
v  60.23624801635742 87.22219085693359 -31.16254043579102
v  60.3332405090332 88.28413391113281 -31.03113174438477
v  57.314453125 88.43680572509766 -31.0212516784668
v  43.31213760375977 94.62838745117188 -26.1460018157959
v  43.08426666259766 95.35504913330078 -25.18448638916016
v  37.09340667724609 94.41524505615234 -25.1927318572998
v  81.45667266845703 86.12781524658203 -30.16856002807617
v  71.19773864746094 89.06878662109375 -30.0634880065918
v  65.90935516357422 89.99472808837891 -30.02671051025391
v  76.39109802246094 87.77773284912109 -30.1114501953125
v  67.0487060546875 94.62838745117188 -26.1460018157959
v  67.27657318115234 95.35504913330078 -25.18448638916016
v  61.2365608215332 95.91954803466797 -25.1792049407959
v  72.92247772216797 93.69014739990234 -26.1572322845459
v  73.26743316650391 94.41524505615234 -25.1927318572998
v  78.71219635009766 92.38240051269531 -26.17187881469727
v  79.17641448974609 93.10531616210938 -25.2034854888916
v  86.36270904541016 84.12845611572266 -30.23278045654297
v  84.38544464111328 90.71218109130859 -26.18931770324707
v  84.97119140625 91.43241882324219 -25.21628952026367
v  95.2589111328125 86.3291015625 -26.2300910949707
v  96.09508514404297 87.04338073730469 -25.24622344970703
v  90.62078857421875 89.40752410888672 -25.23068809509277
v  101.5413284301758 84.47772216796875 -25.07783508300781
v  100.4006271362305 83.64453887939453 -26.25218200683594
v  99.59954071044922 83.00284576416016 -27.03553199768066
v  99.43508148193359 82.86549377441406 -27.19189453125
v  94.81526947021484 78.28862762451172 -30.87676239013672
v  95.71131896972656 79.27836608886719 -30.27798843383789
v  91.07802581787109 81.79066467285156 -30.30207824707031
v  97.65116119384766 81.25774383544922 -28.78365898132324
v  92.75038146972656 83.78834533691406 -28.85842704772949
v  94.42273712158203 85.54665374755859 -27.16269302368164
v  89.91110992431641 88.69025421142578 -26.20892906188965
v  93.91921997070312 77.25421905517578 -31.41350364685059
v  83.79969024658203 89.92251586914062 -27.10879516601562
v  89.20143127441406 87.90415191650391 -27.13471984863281
v  82.62818145751953 88.14653778076172 -28.77056884765625
v  87.78206634521484 86.13686370849609 -28.81282806396484
v  72.57752990722656 92.89463043212891 -27.06638145446777
v  78.24797058105469 91.58950805664062 -27.08574104309082
v  71.88763427734375 91.10440063476562 -28.70143127441406
v  77.31953430175781 89.80571746826172 -28.73299026489258
v  55.180419921875 96.10771942138672 -25.17734336853027
v  61.1236457824707 95.19198608398438 -26.13880729675293
v  61.0107307434082 94.3934326171875 -27.04202461242676
v  66.82083129882812 93.83094787597656 -27.05153465270996
v  60.7849006652832 92.59568023681641 -28.66172790527344
v  66.36509704589844 92.03600311279297 -28.6772289276123
v  60.5590705871582 90.55101013183594 -30.00315093994141
v  37.43835830688477 93.69014739990234 -26.1572322845459
v  31.18442535400391 93.10531616210938 -25.2034854888916
v  31.64864540100098 92.38240051269531 -26.17187881469727
v  49.3501091003418 94.3934326171875 -27.04202461242676
v  43.54000473022461 93.83094787597656 -27.05153465270996
v  37.78330612182617 92.89463043212891 -27.06638145446777
v  32.11286544799805 91.58950805664062 -27.08574104309082
v  14.26575374603271 87.04338073730469 -25.24622344970703
v  15.1019287109375 86.3291015625 -26.2300910949707
v  19.74004936218262 89.40752410888672 -25.23068809509277
v  20.44972801208496 88.69025421142578 -26.20892906188965
v  21.15941047668457 87.90415191650391 -27.13471984863281
v  15.93810272216797 85.54665374755859 -27.16269302368164
v  17.6104564666748 83.78834533691406 -28.85842704772949
v  55.180419921875 92.78229522705078 -28.6562614440918
v  55.180419921875 94.58096313476562 -27.03867149353027
v  49.5759391784668 92.59568023681641 -28.66172790527344
v  43.99574279785156 92.03600311279297 -28.6772289276123
v  38.47320556640625 91.10440063476562 -28.70143127441406
v  33.04130554199219 89.80571746826172 -28.73299026489258
v  27.73265647888184 88.14653778076172 -28.77056884765625
v  49.8017692565918 90.55101013183594 -30.00315093994141
v  44.45148086547852 89.99472808837891 -30.02671051025391
v  25.3896427154541 91.43241882324219 -25.21628952026367
v  25.97539710998535 90.71218109130859 -26.18931770324707
v  26.56114959716797 89.92251586914062 -27.10879516601562
v  22.57876777648926 86.13686370849609 -28.81282806396484
v  19.28281021118164 81.79066467285156 -30.30207824707031
v  55.180419921875 90.73649597167969 -29.99484443664551
v  39.16310119628906 89.06878662109375 -30.0634880065918
v  33.96974182128906 87.77773284912109 -30.1114501953125
v  28.9041633605957 86.12781524658203 -30.16856002807617
v  23.99813079833984 84.12845611572266 -30.23278045654297
v  34.67876434326172 97.26482391357422 -17.25253868103027
v  34.33380508422852 97.31764221191406 -16
v  27.93488883972168 95.95654296875 -17.25261306762695
v  29.15142822265625 96.36754608154297 -16
v  27.47068786621094 96.01248168945312 -16
v  20.65812492370605 94.3323974609375 -16
v  21.28936767578125 94.28504180908203 -17.2527027130127
v  14.06263160705566 92.32610321044922 -16
v  14.77228450775146 92.26206207275391 -17.25280380249023
v  12.32063388824463 91.7315673828125 -16
v  8.412517547607422 89.90138244628906 -17.25291061401367
v  7.576313018798828 89.97044372558594 -16
v  4.176594257354736 88.57678985595703 -16
v  10.08487129211426 89.49506378173828 -19.69507026672363
v  11.75722503662109 88.74943542480469 -22.02622032165527
v  13.42957496643066 87.68671417236328 -24.21501159667969
v  98.04020690917969 91.7315673828125 -16
v  95.58855438232422 92.26206207275391 -17.25280380249023
v  102.7845230102539 89.97044372558594 -16
v  101.9483184814453 89.90138244628906 -17.25291061401367
v  106.1842422485352 88.57678985595703 -16
v  109.0905380249023 87.29496002197266 -16
v  108.1249923706055 87.22051239013672 -17.25302505493164
v  107.2286834716797 87.07160186767578 -18.39874458312988
v  105.3628997802734 86.52482604980469 -20.71624183654785
v  106.1939010620117 86.80703735351562 -19.69647407531738
v  100.2759704589844 89.49506378173828 -19.69507026672363
v  96.29821014404297 92.32610321044922 -16
v  89.70271301269531 94.3323974609375 -16
v  89.07147216796875 94.28504180908203 -17.2527027130127
v  82.89015197753906 96.01248168945312 -16
v  82.42594909667969 95.95654296875 -17.25261306762695
v  81.20941162109375 96.36754608154297 -16
v  75.68207550048828 97.26482391357422 -17.25253868103027
v  76.02703094482422 97.31764221191406 -16
v  72.59862518310547 97.82781219482422 -16
v  68.87165832519531 98.20262908935547 -17.25248146057129
v  69.09951019287109 98.25269317626953 -16
v  62.0269660949707 98.76508331298828 -17.25244522094727
v  63.90921783447266 98.70661926269531 -16
v  62.13988494873047 98.81357574462891 -16
v  55.180419921875 99 -16
v  55.180419921875 98.95227813720703 -17.25243186950684
v  48.22095108032227 98.81357574462891 -16
v  48.33386993408203 98.76508331298828 -17.25244522094727
v  46.45161819458008 98.70661926269531 -16
v  41.48918533325195 98.20262908935547 -17.25248146057129
v  41.26132583618164 98.25269317626953 -16
v  37.76221466064453 97.82781219482422 -16
v  9.248696327209473 89.74201965332031 -18.48590660095215
v  16.19164657592773 91.86181640625 -19.69372749328613
v  15.48196792602539 92.1063232421875 -18.48538780212402
v  22.46087455749512 93.89006805419922 -19.69248008728027
v  21.87512016296387 94.13247680664062 -18.48490715026855
v  28.86332702636719 95.56615447998047 -19.69137191772461
v  28.39910888671875 95.80674743652344 -18.48447799682617
v  35.3686637878418 96.87843322753906 -19.6904411315918
v  35.02371215820312 97.117431640625 -18.4841194152832
v  41.94492340087891 97.81951141357422 -19.68972778320312
v  41.7170524597168 98.05718231201172 -18.48384284973145
v  48.55970001220703 98.38428497314453 -19.68927192687988
v  48.44678497314453 98.62099456787109 -18.48366737365723
v  55.180419921875 98.57236480712891 -19.68910980224609
v  55.180419921875 98.80870056152344 -18.48360252380371
v  61.8011360168457 98.38428497314453 -19.68927192687988
v  61.9140510559082 98.62099456787109 -18.48366737365723
v  68.41591644287109 97.81951141357422 -19.68972778320312
v  68.64378356933594 98.05718231201172 -18.48384284973145
v  74.99217987060547 96.87843322753906 -19.6904411315918
v  75.33712768554688 97.117431640625 -18.4841194152832
v  81.49751281738281 95.56615447998047 -19.69137191772461
v  81.96173095703125 95.80674743652344 -18.48447799682617
v  87.89996337890625 93.89006805419922 -19.69248008728027
v  88.4857177734375 94.13247680664062 -18.48490715026855
v  94.169189453125 91.86181640625 -19.69372749328613
v  94.87886810302734 92.1063232421875 -18.48538780212402
v  101.1121444702148 89.74201965332031 -18.48590660095215
v  103.4651947021484 85.65715789794922 -22.95649909973145
v  104.262809753418 86.05881500244141 -22.03110313415527
v  98.60361480712891 88.74943542480469 -22.02622032165527
v  102.3317184448242 84.99745178222656 -24.22648048400879
v  96.93126678466797 87.68671417236328 -24.21501159667969
v  10.92104625701904 89.16326904296875 -20.87648010253906
v  17.61100769042969 91.11791229248047 -22.02154350280762
v  16.90132904052734 91.53140258789062 -20.87378692626953
v  23.63238143920898 93.14737701416016 -22.01721000671387
v  23.04662704467773 93.56072998046875 -20.87129211425781
v  29.79176712036133 94.82447052001953 -22.01335716247559
v  29.32754707336426 95.23773956298828 -20.86907196044922
v  36.05855941772461 96.13771820068359 -22.0101203918457
v  35.7136116027832 96.55085754394531 -20.86720848083496
v  42.40066146850586 97.07975769042969 -22.00763893127441
v  42.17279052734375 97.49268341064453 -20.86577987670898
v  48.7855339050293 97.64536285400391 -22.00604820251465
v  48.67261505126953 98.05804443359375 -20.8648624420166
v  55.180419921875 97.83380126953125 -22.0054874420166
v  55.180419921875 98.24636840820312 -20.86454010009766
v  61.5753059387207 97.64536285400391 -22.00604820251465
v  61.6882209777832 98.05804443359375 -20.8648624420166
v  67.96018218994141 97.07975769042969 -22.00763893127441
v  68.18804931640625 97.49268341064453 -20.86577987670898
v  74.30227661132812 96.13771820068359 -22.0101203918457
v  74.64722442626953 96.55085754394531 -20.86720848083496
v  80.56906890869141 94.82447052001953 -22.01335716247559
v  81.03329467773438 95.23773956298828 -20.86907196044922
v  86.72845458984375 93.14737701416016 -22.01721000671387
v  87.314208984375 93.56072998046875 -20.87129211425781
v  92.74983215332031 91.11791229248047 -22.02154350280762
v  93.45951080322266 91.53140258789062 -20.87378692626953
v  99.43978881835938 89.16326904296875 -20.87648010253906
v  12.59340000152588 88.25632476806641 -23.1403694152832
v  19.03037071228027 90.05313110351562 -24.20402336120605
v  18.32068634033203 90.62420654296875 -23.13296508789062
v  24.80389022827148 92.08031463623047 -24.1938419342041
v  24.21813583374023 92.65293884277344 -23.12610244750977
v  30.72020530700684 93.75528717041016 -24.18478584289551
v  30.2559871673584 94.32933044433594 -23.1200008392334
v  36.74845886230469 95.06689453125 -24.17718124389648
v  36.40350723266602 95.64205932617188 -23.11487770080566
v  42.85639953613281 96.00787353515625 -24.17135047912598
v  42.6285285949707 96.58380126953125 -23.11094665527344
v  49.0113639831543 96.57302856445312 -24.1676139831543
v  48.8984489440918 97.14932250976562 -23.10843086242676
v  55.180419921875 96.76138305664062 -24.16629791259766
v  55.180419921875 97.33777618408203 -23.1075439453125
v  61.3494758605957 96.57302856445312 -24.1676139831543
v  61.4623908996582 97.14932250976562 -23.10843086242676
v  67.50444030761719 96.00787353515625 -24.17135047912598
v  67.73230743408203 96.58380126953125 -23.11094665527344
v  73.61238098144531 95.06689453125 -24.17718124389648
v  73.95732879638672 95.64205932617188 -23.11487770080566
v  79.64063262939453 93.75528717041016 -24.18478584289551
v  80.10485076904297 94.32933044433594 -23.1200008392334
v  85.55694580078125 92.08031463623047 -24.1938419342041
v  86.1427001953125 92.65293884277344 -23.12610244750977
v  91.33046722412109 90.05313110351562 -24.20402336120605
v  92.04015350341797 90.62420654296875 -23.13296508789062
v  97.76744079589844 88.25632476806641 -23.1403694152832
v  49.1242790222168 95.91954803466797 -25.1792049407959
v  90.84983062744141 73.4840087890625 -33.24421691894531
v  91.30205535888672 74.04263305664062 -33.07510375976562
v  110.3346176147461 90.02484893798828 -4.999999046325684
v  0.02621858939528465 90.02484893798828 -4.999999046325684
v  2.999581336975098 91.33625793457031 -4.999999046325684
v  107.3612594604492 91.33625793457031 -4.999999046325684
v  99.02927398681641 94.56383514404297 -4.999999046325684
v  90.49938201904297 97.22468566894531 -4.999999046325684
v  81.81008148193359 99.30679321289062 -4.999999046325684
v  73.00057983398438 100.8007659912109 -4.999999046325684
v  64.11065673828125 101.6998519897461 -4.999999046325684
v  55.180419921875 102 -4.999999046325684
v  46.25018310546875 101.6998519897461 -4.999999046325684
v  37.36025619506836 100.8007659912109 -4.999999046325684
v  28.55075836181641 99.30679321289062 -4.999999046325684
v  19.8614559173584 97.22468566894531 -4.999999046325684
v  11.33156204223633 94.56383514404297 -4.999999046325684
v  102.4641647338867 111.9591827392578 0
v  78.84122467041016 113.9147338867188 0
v  78.72561645507812 113.7269744873047 0
v  78.11350250244141 115.7257385253906 0
v  109.3346252441406 127 0
v  77.90012359619141 115.7813034057617 0
v  77.680419921875 115.7999954223633 0
v  78.92343902587891 114.1193313598633 0
v  102.8966751098633 111.9591827392578 0
v  103.4422454833984 90.78585815429688 0
v  97.25714874267578 93.05864715576172 0
v  78.57994079589844 113.5614547729492 0
v  90.96559143066406 95.01754760742188 0
v  78.40838623046875 113.4229354858398 0
v  84.58348083496094 96.65758514404297 0
v  78.21588897705078 113.3153991699219 0
v  78.00798797607422 113.241943359375 0
v  78.12697601318359 97.97463226318359 0
v  77.46071624755859 115.7813034057617 0
v  1.026216864585876 127 0
v  77.24733734130859 115.7257385253906 0
v  78.31442260742188 115.6349182128906 0
v  78.49710083007812 115.5114440917969 0
v  78.65629577636719 115.3588714599609 0
v  25.77735900878906 96.65758514404297 0
v  32.23386001586914 97.97463226318359 0
v  32.57017135620117 113.2046813964844 0
v  8.924040794372559 116.7261810302734 0
v  9.282380104064941 116.4839935302734 0
v  31.51961517333984 113.9147338867188 0
v  38.7484245300293 98.96533966064453 0
v  33.00799179077148 113.241943359375 0
v  32.79066467285156 113.2046813964844 0
v  8.529923439025879 116.9043350219727 0
v  9.444862365722656 112.6590118408203 0
v  9.108353614807129 112.3872985839844 0
v  13.1036901473999 93.05864715576172 0
v  31.70454406738281 115.3588714599609 0
v  31.86373329162598 115.5114440917969 0
v  32.46071624755859 115.7813034057617 0
v  32.680419921875 115.7999954223633 0
v  32.90011978149414 115.7813034057617 0
v  33.11349868774414 115.7257385253906 0
v  77.04641723632812 115.6349182128906 0
v  78.78740692138672 115.1816024780273 0
v  78.88667297363281 114.9847106933594 0
v  101.2524871826172 112.3872985839844 0
v  78.95124053955078 114.7738800048828 0
v  78.979248046875 114.55517578125 0
v  31.39094734191895 114.3348770141602 0
v  31.38158988952637 114.55517578125 0
v  8.111372947692871 117.0133209228516 0
v  32.04641342163086 115.6349182128906 0
v  32.24733734130859 115.7257385253906 0
v  77.79066467285156 113.2046813964844 0
v  77.57017517089844 113.2046813964844 0
v  71.61241912841797 98.96533966064453 0
v  100.6302261352539 112.9836883544922 0
v  100.4034576416016 113.3519821166992 0
v  100.2421951293945 113.753303527832 0
v  105.1186447143555 113.753303527832 0
v  104.9573822021484 113.3519821166992 0
v  110.3346176147461 90.02484893798828 0
v  103.3229675292969 112.0322799682617 0
v  109.5052337646484 88.20492553710938 0
v  103.7307662963867 112.1763687133789 0
v  104.1083526611328 112.3872985839844 0
v  9.730610847473145 112.9836883544922 0
v  8.730769157409668 112.1763687133789 0
v  8.322961807250977 112.0322799682617 0
v  6.918590545654297 90.78585815429688 0
v  58.47515106201172 99.95855712890625 0
v  65.0562744140625 99.62720489501953 0
v  76.78089904785156 113.5614547729492 0
v  76.57343292236328 115.1816024780273 0
v  76.70454406738281 115.3588714599609 0
v  76.86373138427734 115.5114440917969 0
v  78.96988677978516 114.3348770141602 0
v  102.0378799438477 112.0322799682617 0
v  101.6300659179688 112.1763687133789 0
v  100.9159774780273 112.6590118408203 0
v  0.5722269415855408 126.8910064697266 0
v  0.4384331405162811 126.8090133666992 0
v  6.436798572540283 116.7261810302734 0
v  6.830912113189697 116.9043350219727 0
v  0.8697844743728638 126.9876861572266 0
v  31.43740272521973 114.1193313598633 0
v  77.35284423828125 113.241943359375 0
v  77.14494323730469 113.3153991699219 0
v  76.95245361328125 113.4229354858398 0
v  100.1510696411133 114.1761016845703 0
v  100.1327209472656 114.6082229614258 0
v  100.1876525878906 115.0372314453125 0
v  102.2494659423828 117.0133209228516 0
v  102.680419921875 117.0500030517578 0
v  104.7306137084961 112.9836883544922 0
v  104.4448623657227 112.6590118408203 0
v  9.594634056091309 116.1847152709961 0
v  9.85181713104248 115.8369827270508 0
v  10.04653835296631 115.4507827758789 0
v  0.7172003388404846 126.951057434082 0
v  33.84122085571289 113.9147338867188 0
v  51.88568878173828 99.95855712890625 0
v  33.72561645507812 113.7269744873047 0
v  45.30456161499023 99.62720489501953 0
v  33.57994079589844 113.5614547729492 0
v  33.40838623046875 113.4229354858398 0
v  33.21589279174805 113.3153991699219 0
v  100.3143005371094 115.4507827758789 0
v  100.5090179443359 115.8369827270508 0
v  100.7662048339844 116.1847152709961 0
v  105.2097625732422 114.1761016845703 0
v  110.3346176147461 126 0
v  105.2281188964844 114.6082229614258 0
v  9.957380294799805 113.3519821166992 0
v  31.78089904785156 113.5614547729492 0
v  31.95245170593262 113.4229354858398 0
v  19.39525032043457 95.01754760742188 0
v  32.14494705200195 113.3153991699219 0
v  32.35284805297852 113.241943359375 0
v  7.89667272567749 111.9591827392578 0
v  7.464162826538086 111.9591827392578 0
v  0.8556060791015625 88.20492553710938 0
v  7.037874221801758 112.0322799682617 0
v  0.02621858939528465 90.02484893798828 0
v  6.630070686340332 112.1763687133789 0
v  6.252482414245605 112.3872985839844 0
v  5.91597318649292 112.6590118408203 0
v  5.63022518157959 112.9836883544922 0
v  5.403459072113037 113.3519821166992 0
v  5.509018898010254 115.8369827270508 0
v  0.02621858939528465 126 0
v  5.314301490783691 115.4507827758789 0
v  5.187653064727783 115.0372314453125 0
v  0.319112092256546 126.7071075439453 0
v  0.2171993255615234 126.5877838134766 0
v  0.1352131366729736 126.453987121582 0
v  5.766205310821533 116.1847152709961 0
v  6.0784592628479 116.4839935302734 0
v  0.03853068128228188 126.1564331054688 0
v  0.07516145706176758 126.3090133666992 0
v  76.381591796875 114.55517578125 0
v  76.40959930419922 114.7738800048828 0
v  76.47416687011719 114.9847106933594 0
v  33.979248046875 114.55517578125 0
v  33.95124053955078 114.7738800048828 0
v  33.88667297363281 114.9847106933594 0
v  33.96989059448242 114.3348770141602 0
v  33.92343521118164 114.1193313598633 0
v  104.8518218994141 115.8369827270508 0
v  104.5946350097656 116.1847152709961 0
v  104.2823791503906 116.4839935302734 0
v  105.0465393066406 115.4507827758789 0
v  105.1731872558594 115.0372314453125 0
v  7.249466896057129 117.0133209228516 0
v  7.680419921875 117.0500030517578 0
v  33.49710464477539 115.5114440917969 0
v  33.65629196166992 115.3588714599609 0
v  33.78740692138672 115.1816024780273 0
v  101.0784606933594 116.4839935302734 0
v  101.4367980957031 116.7261810302734 0
v  101.8309173583984 116.9043350219727 0
v  10.17318630218506 115.0372314453125 0
v  10.22811985015869 114.6082229614258 0
v  31.63522338867188 113.7269744873047 0
v  10.20976543426514 114.1761016845703 0
v  10.11864471435547 113.753303527832 0
v  5.242195129394531 113.753303527832 0
v  5.151074409484863 114.1761016845703 0
v  5.132716178894043 114.6082229614258 0
v  31.40959739685059 114.7738800048828 0
v  31.47416305541992 114.9847106933594 0
v  31.57343101501465 115.1816024780273 0
v  76.39094543457031 114.3348770141602 0
v  33.31442260742188 115.6349182128906 0
v  76.63522338867188 113.7269744873047 0
v  76.51961517333984 113.9147338867188 0
v  76.43740081787109 114.1193313598633 0
v  103.1113739013672 117.0133209228516 0
v  103.5299301147461 116.9043350219727 0
v  109.4910507202148 126.9876861572266 0
v  103.9240417480469 116.7261810302734 0
v  109.6436386108398 126.951057434082 0
v  110.2856750488281 126.3090133666992 0
v  110.2256240844727 126.453987121582 0
v  110.1436386108398 126.5877838134766 0
v  110.0417251586914 126.7071075439453 0
v  110.3223114013672 126.1564331054688 0
v  109.9224090576172 126.8090133666992 0
v  109.7886123657227 126.8910064697266 0
v  7.287003040313721 89.85619354248047 -1.000002026557922
v  1.270297884941101 87.29496002197266 -1.000002026557922
v  12.32063388824463 91.7315673828125 -1.000002026557922
v  13.42488479614258 92.11163330078125 -1.000002026557922
v  19.66842269897461 94.05558013916016 -1.000002026557922
v  51.91083908081055 98.95887756347656 -1.000002026557922
v  46.45161819458008 98.70661926269531 -1.000002026557922
v  45.37995147705078 98.63005065917969 -1.000002026557922
v  38.87385559082031 97.97323608398438 -1.000002026557922
v  37.76221466064453 97.82781219482422 -1.000002026557922
v  32.40902709960938 96.99008941650391 -1.000002026557922
v  29.15142822265625 96.36754608154297 -1.000002026557922
v  26.00181007385254 95.68309783935547 -1.000002026557922
v  20.65812492370605 94.3323974609375 -1.000002026557922
v  71.48698425292969 97.97323608398438 -1.000002026557922
v  64.98088836669922 98.63005065917969 -1.000002026557922
v  63.90921783447266 98.70661926269531 -1.000002026557922
v  58.45000076293945 98.95887756347656 -1.000002026557922
v  55.180419921875 99 -1.000002026557922
v  98.04020690917969 91.7315673828125 -1.000002026557922
v  96.93595123291016 92.11163330078125 -1.000002026557922
v  90.69241333007812 94.05558013916016 -1.000002026557922
v  89.70271301269531 94.3323974609375 -1.000002026557922
v  84.35903167724609 95.68309783935547 -1.000002026557922
v  81.20941162109375 96.36754608154297 -1.000002026557922
v  77.95181274414062 96.99008941650391 -1.000002026557922
v  72.59862518310547 97.82781219482422 -1.000002026557922
v  109.0905380249023 87.29496002197266 -1.000002026557922
v  103.0738372802734 89.85619354248047 -1.000002026557922
v  1.265190601348877 87.30616760253906 -0.8435659408569336
v  1.04387104511261 87.79180908203125 -0.1089945435523987
v  0.9837523102760315 87.92372894287109 -0.04894286021590233
v  1.250002503395081 87.33950042724609 -0.6909854412078857
v  1.225098967552185 87.39414215087891 -0.5460120439529419
v  1.191098213195801 87.46875 -0.4122145473957062
v  0.9204782247543335 88.06257629394531 -0.01231207977980375
v  1.148838520050049 87.56148529052734 -0.2928934991359711
v  1.099355459213257 87.67005920410156 -0.1909844577312469
v  109.1357421875 87.39414215087891 -0.5460120439529419
v  109.1108322143555 87.33950042724609 -0.6909854412078857
v  109.0956497192383 87.30616760253906 -0.8435659408569336
v  109.4403610229492 88.06257629394531 -0.01231207977980375
v  109.377082824707 87.92372894287109 -0.04894286021590233
v  109.3169708251953 87.79180908203125 -0.1089945435523987
v  109.2614822387695 87.67005920410156 -0.1909844577312469
v  109.2119979858398 87.56148529052734 -0.2928934991359711
v  109.1697387695312 87.46875 -0.4122145473957062
v  1.026216864585876 127 -4.999999046325684
v  109.3346252441406 127 -4.999999046325684
v  110.3346176147461 126 -4.999999046325684
v  32.04641342163086 115.6349182128906 -4.999999046325684
v  31.86373329162598 115.5114440917969 -4.999999046325684
v  7.89667272567749 111.9591827392578 -4.999999046325684
v  78.49710083007812 115.5114440917969 -4.999999046325684
v  78.31442260742188 115.6349182128906 -4.999999046325684
v  78.11350250244141 115.7257385253906 -4.999999046325684
v  77.90012359619141 115.7813034057617 -4.999999046325684
v  32.24733734130859 115.7257385253906 -4.999999046325684
v  8.322961807250977 112.0322799682617 -4.999999046325684
v  32.46071624755859 115.7813034057617 -4.999999046325684
v  8.730769157409668 112.1763687133789 -4.999999046325684
v  9.108353614807129 112.3872985839844 -4.999999046325684
v  9.444862365722656 112.6590118408203 -4.999999046325684
v  9.730610847473145 112.9836883544922 -4.999999046325684
v  9.957380294799805 113.3519821166992 -4.999999046325684
v  101.8309173583984 116.9043350219727 -4.999999046325684
v  101.4367980957031 116.7261810302734 -4.999999046325684
v  78.78740692138672 115.1816024780273 -4.999999046325684
v  101.2524871826172 112.3872985839844 -4.999999046325684
v  101.6300659179688 112.1763687133789 -4.999999046325684
v  105.1186447143555 113.753303527832 -4.999999046325684
v  105.2097625732422 114.1761016845703 -4.999999046325684
v  105.0465393066406 115.4507827758789 -4.999999046325684
v  104.8518218994141 115.8369827270508 -4.999999046325684
v  33.21589279174805 113.3153991699219 -4.999999046325684
v  33.40838623046875 113.4229354858398 -4.999999046325684
v  77.24733734130859 115.7257385253906 -4.999999046325684
v  100.9159774780273 112.6590118408203 -4.999999046325684
v  105.1731872558594 115.0372314453125 -4.999999046325684
v  101.0784606933594 116.4839935302734 -4.999999046325684
v  100.7662048339844 116.1847152709961 -4.999999046325684
v  100.5090179443359 115.8369827270508 -4.999999046325684
v  100.3143005371094 115.4507827758789 -4.999999046325684
v  100.1876525878906 115.0372314453125 -4.999999046325684
v  100.1327209472656 114.6082229614258 -4.999999046325684
v  100.2421951293945 113.753303527832 -4.999999046325684
v  100.4034576416016 113.3519821166992 -4.999999046325684
v  78.96988677978516 114.3348770141602 -4.999999046325684
v  105.2281188964844 114.6082229614258 -4.999999046325684
v  103.1113739013672 117.0133209228516 -4.999999046325684
v  102.680419921875 117.0500030517578 -4.999999046325684
v  33.57994079589844 113.5614547729492 -4.999999046325684
v  33.72561645507812 113.7269744873047 -4.999999046325684
v  33.84122085571289 113.9147338867188 -4.999999046325684
v  77.680419921875 115.7999954223633 -4.999999046325684
v  77.46071624755859 115.7813034057617 -4.999999046325684
v  33.49710464477539 115.5114440917969 -4.999999046325684
v  33.65629196166992 115.3588714599609 -4.999999046325684
v  33.78740692138672 115.1816024780273 -4.999999046325684
v  32.680419921875 115.7999954223633 -4.999999046325684
v  9.594634056091309 116.1847152709961 -4.999999046325684
v  9.282380104064941 116.4839935302734 -4.999999046325684
v  8.924040794372559 116.7261810302734 -4.999999046325684
v  8.529923439025879 116.9043350219727 -4.999999046325684
v  8.111372947692871 117.0133209228516 -4.999999046325684
v  7.680419921875 117.0500030517578 -4.999999046325684
v  78.979248046875 114.55517578125 -4.999999046325684
v  78.95124053955078 114.7738800048828 -4.999999046325684
v  78.88667297363281 114.9847106933594 -4.999999046325684
v  100.6302261352539 112.9836883544922 -4.999999046325684
v  78.84122467041016 113.9147338867188 -4.999999046325684
v  78.92343902587891 114.1193313598633 -4.999999046325684
v  102.0378799438477 112.0322799682617 -4.999999046325684
v  102.4641647338867 111.9591827392578 -4.999999046325684
v  102.8966751098633 111.9591827392578 -4.999999046325684
v  104.1083526611328 112.3872985839844 -4.999999046325684
v  104.4448623657227 112.6590118408203 -4.999999046325684
v  78.65629577636719 115.3588714599609 -4.999999046325684
v  102.2494659423828 117.0133209228516 -4.999999046325684
v  33.92343521118164 114.1193313598633 -4.999999046325684
v  33.96989059448242 114.3348770141602 -4.999999046325684
v  33.979248046875 114.55517578125 -4.999999046325684
v  6.0784592628479 116.4839935302734 -4.999999046325684
v  5.766205310821533 116.1847152709961 -4.999999046325684
v  0.02621858939528465 126 -4.999999046325684
v  10.17318630218506 115.0372314453125 -4.999999046325684
v  10.04653835296631 115.4507827758789 -4.999999046325684
v  9.85181713104248 115.8369827270508 -4.999999046325684
v  33.31442260742188 115.6349182128906 -4.999999046325684
v  33.11349868774414 115.7257385253906 -4.999999046325684
v  32.90011978149414 115.7813034057617 -4.999999046325684
v  103.3229675292969 112.0322799682617 -4.999999046325684
v  103.7307662963867 112.1763687133789 -4.999999046325684
v  104.7306137084961 112.9836883544922 -4.999999046325684
v  104.9573822021484 113.3519821166992 -4.999999046325684
v  33.95124053955078 114.7738800048828 -4.999999046325684
v  33.88667297363281 114.9847106933594 -4.999999046325684
v  7.249466896057129 117.0133209228516 -4.999999046325684
v  6.830912113189697 116.9043350219727 -4.999999046325684
v  0.8697844743728638 126.9876861572266 -4.999999046325684
v  6.436798572540283 116.7261810302734 -4.999999046325684
v  31.70454406738281 115.3588714599609 -4.999999046325684
v  31.57343101501465 115.1816024780273 -4.999999046325684
v  31.47416305541992 114.9847106933594 -4.999999046325684
v  33.00799179077148 113.241943359375 -4.999999046325684
v  77.04641723632812 115.6349182128906 -4.999999046325684
v  32.79066467285156 113.2046813964844 -4.999999046325684
v  76.86373138427734 115.5114440917969 -4.999999046325684
v  76.70454406738281 115.3588714599609 -4.999999046325684
v  76.63522338867188 113.7269744873047 -4.999999046325684
v  76.51961517333984 113.9147338867188 -4.999999046325684
v  76.43740081787109 114.1193313598633 -4.999999046325684
v  76.78089904785156 113.5614547729492 -4.999999046325684
v  76.95245361328125 113.4229354858398 -4.999999046325684
v  77.14494323730469 113.3153991699219 -4.999999046325684
v  77.35284423828125 113.241943359375 -4.999999046325684
v  77.57017517089844 113.2046813964844 -4.999999046325684
v  77.79066467285156 113.2046813964844 -4.999999046325684
v  10.11864471435547 113.753303527832 -4.999999046325684
v  10.20976543426514 114.1761016845703 -4.999999046325684
v  10.22811985015869 114.6082229614258 -4.999999046325684
v  100.1510696411133 114.1761016845703 -4.999999046325684
v  103.5299301147461 116.9043350219727 -4.999999046325684
v  109.4910507202148 126.9876861572266 -4.999999046325684
v  103.9240417480469 116.7261810302734 -4.999999046325684
v  109.6436386108398 126.951057434082 -4.999999046325684
v  104.2823791503906 116.4839935302734 -4.999999046325684
v  109.7886123657227 126.8910064697266 -4.999999046325684
v  109.9224090576172 126.8090133666992 -4.999999046325684
v  110.2256240844727 126.453987121582 -4.999999046325684
v  110.2856750488281 126.3090133666992 -4.999999046325684
v  5.91597318649292 112.6590118408203 -4.999999046325684
v  5.63022518157959 112.9836883544922 -4.999999046325684
v  5.403459072113037 113.3519821166992 -4.999999046325684
v  31.40959739685059 114.7738800048828 -4.999999046325684
v  31.38158988952637 114.55517578125 -4.999999046325684
v  31.39094734191895 114.3348770141602 -4.999999046325684
v  6.252482414245605 112.3872985839844 -4.999999046325684
v  6.630070686340332 112.1763687133789 -4.999999046325684
v  7.037874221801758 112.0322799682617 -4.999999046325684
v  76.57343292236328 115.1816024780273 -4.999999046325684
v  76.47416687011719 114.9847106933594 -4.999999046325684
v  76.40959930419922 114.7738800048828 -4.999999046325684
v  32.14494705200195 113.3153991699219 -4.999999046325684
v  31.95245170593262 113.4229354858398 -4.999999046325684
v  31.78089904785156 113.5614547729492 -4.999999046325684
v  31.63522338867188 113.7269744873047 -4.999999046325684
v  78.72561645507812 113.7269744873047 -4.999999046325684
v  78.57994079589844 113.5614547729492 -4.999999046325684
v  78.40838623046875 113.4229354858398 -4.999999046325684
v  78.21588897705078 113.3153991699219 -4.999999046325684
v  78.00798797607422 113.241943359375 -4.999999046325684
v  104.5946350097656 116.1847152709961 -4.999999046325684
v  110.3223114013672 126.1564331054688 -4.999999046325684
v  5.509018898010254 115.8369827270508 -4.999999046325684
v  5.314301490783691 115.4507827758789 -4.999999046325684
v  5.187653064727783 115.0372314453125 -4.999999046325684
v  110.0417251586914 126.7071075439453 -4.999999046325684
v  110.1436386108398 126.5877838134766 -4.999999046325684
v  0.03853068128228188 126.1564331054688 -4.999999046325684
v  0.07516145706176758 126.3090133666992 -4.999999046325684
v  0.1352131366729736 126.453987121582 -4.999999046325684
v  0.4384331405162811 126.8090133666992 -4.999999046325684
v  0.5722269415855408 126.8910064697266 -4.999999046325684
v  0.7172003388404846 126.951057434082 -4.999999046325684
v  5.132716178894043 114.6082229614258 -4.999999046325684
v  5.151074409484863 114.1761016845703 -4.999999046325684
v  5.242195129394531 113.753303527832 -4.999999046325684
v  32.35284805297852 113.241943359375 -4.999999046325684
v  32.57017135620117 113.2046813964844 -4.999999046325684
v  32.680419921875 113.1999969482422 -4.999999046325684
v  7.464162826538086 111.9591827392578 -4.999999046325684
v  7.680419921875 111.9499969482422 -4.999999046325684
v  76.39094543457031 114.3348770141602 -4.999999046325684
v  76.381591796875 114.55517578125 -4.999999046325684
v  0.2171993255615234 126.5877838134766 -4.999999046325684
v  0.319112092256546 126.7071075439453 -4.999999046325684
v  31.51961517333984 113.9147338867188 -4.999999046325684
v  31.43740272521973 114.1193313598633 -4.999999046325684
v  13.42093181610107 92.12329864501953 -0.8435659408569336
v  25.99904441833496 95.69509887695312 -0.8435659408569336
v  32.40686798095703 97.00221252441406 -0.8435659408569336
v  38.872314453125 97.98545074462891 -0.8435659408569336
v  51.91053009033203 98.97118377685547 -0.8435659408569336
v  58.45030975341797 98.97118377685547 -0.8435659408569336
v  64.98181915283203 98.64232635498047 -0.8435659408569336
v  77.95397186279297 97.00221252441406 -0.8435659408569336
v  84.36179351806641 95.69509887695312 -0.8435659408569336
v  90.69577789306641 94.06742095947266 -0.8435659408569336
v  103.078369140625 89.86763763427734 -0.8435659408569336
v  103.3846130371094 90.64042663574219 -0.01231207977980375
v  103.3283996582031 90.49858093261719 -0.04894286021590233
v  103.2749938964844 90.36380004882812 -0.1089945435523987
v  103.225700378418 90.23941802978516 -0.1909844577312469
v  103.1817398071289 90.12848663330078 -0.2928934991359711
v  103.1441955566406 90.03374481201172 -0.4122145473957062
v  103.1139907836914 89.95751953125 -0.5460120439529419
v  103.0918731689453 89.90169525146484 -0.6909854412078857
v  96.93990325927734 92.12329864501953 -0.8435659408569336
v  96.95167541503906 92.15798950195312 -0.6909854412078857
v  96.97096252441406 92.21485137939453 -0.5460120439529419
v  96.99729156494141 92.29250335693359 -0.4122145473957062
v  97.030029296875 92.38900756835938 -0.2928934991359711
v  97.06835174560547 92.50200653076172 -0.1909844577312469
v  97.111328125 92.62871551513672 -0.1089945435523987
v  97.15789794921875 92.76600646972656 -0.04894286021590233
v  97.20690155029297 92.91050720214844 -0.01231207977980375
v  90.9228515625 94.86705780029297 -0.01231207977980375
v  90.88117218017578 94.72028350830078 -0.04894286021590233
v  90.84156799316406 94.58081817626953 -0.1089945435523987
v  90.80502319335938 94.45211791992188 -0.1909844577312469
v  90.77243041992188 94.33733367919922 -0.2928934991359711
v  90.74459075927734 94.23929595947266 -0.4122145473957062
v  90.72219085693359 94.16042327880859 -0.5460120439529419
v  90.70578765869141 94.1026611328125 -0.6909854412078857
v  84.54837036132812 96.50514221191406 -0.01231207977980375
v  84.51412200927734 96.35645294189453 -0.04894286021590233
v  84.48158264160156 96.21517944335938 -0.1089945435523987
v  84.45155334472656 96.08480072021484 -0.1909844577312469
v  84.42476654052734 95.96852111816406 -0.2928934991359711
v  84.40189361572266 95.86920928955078 -0.4122145473957062
v  84.38349151611328 95.78931427001953 -0.5460120439529419
v  84.37001800537109 95.73079681396484 -0.6909854412078857
v  78.09957885742188 97.82061004638672 -0.01231207977980375
v  78.07285308837891 97.67038726806641 -0.04894286021590233
v  78.04745483398438 97.52765655517578 -0.1089945435523987
v  78.02401733398438 97.39593505859375 -0.1909844577312469
v  78.00312042236328 97.27845764160156 -0.2928934991359711
v  77.98526763916016 97.17812347412109 -0.4122145473957062
v  77.97090148925781 97.09739685058594 -0.5460120439529419
v  77.96038818359375 97.03827667236328 -0.6909854412078857
v  71.488525390625 97.98545074462891 -0.8435659408569336
v  71.49311828613281 98.02178955078125 -0.6909854412078857
v  71.50065612792969 98.08136749267578 -0.5460120439529419
v  71.51094055175781 98.16271209716797 -0.4122145473957062
v  71.52371978759766 98.26381683349609 -0.2928934991359711
v  71.53868865966797 98.38219451904297 -0.1909844577312469
v  71.55546569824219 98.51493072509766 -0.1089945435523987
v  71.57365417480469 98.65876007080078 -0.04894286021590233
v  71.59279632568359 98.81013488769531 -0.01231207977980375
v  65.04448699951172 99.47121429443359 -0.01231207977980375
v  65.03298187255859 99.31906890869141 -0.04894286021590233
v  65.02204895019531 99.17450714111328 -0.1089945435523987
v  65.011962890625 99.04109191894531 -0.1909844577312469
v  65.00296783447266 98.92211151123047 -0.2928934991359711
v  64.99528503417969 98.82048797607422 -0.4122145473957062
v  64.98910522460938 98.73873901367188 -0.5460120439529419
v  64.98458099365234 98.67885589599609 -0.6909854412078857
v  58.47121810913086 99.80217742919922 -0.01231207977980375
v  58.46738052368164 99.64964294433594 -0.04894286021590233
v  58.4637336730957 99.50471496582031 -0.1089945435523987
v  58.46036911010742 99.37095642089844 -0.1909844577312469
v  58.45736694335938 99.25167846679688 -0.2928934991359711
v  58.45480346679688 99.14979553222656 -0.4122145473957062
v  58.45273971557617 99.06783294677734 -0.5460120439529419
v  58.45123291015625 99.00780487060547 -0.6909854412078857
v  51.90960693359375 99.00780487060547 -0.6909854412078857
v  51.90809631347656 99.06783294677734 -0.5460120439529419
v  51.90603637695312 99.14979553222656 -0.4122145473957062
v  51.90347290039062 99.25167846679688 -0.2928934991359711
v  51.90047073364258 99.37095642089844 -0.1909844577312469
v  51.8971061706543 99.50471496582031 -0.1089945435523987
v  51.89345932006836 99.64964294433594 -0.04894286021590233
v  51.88962173461914 99.80217742919922 -0.01231207977980375
v  45.37902069091797 98.64232635498047 -0.8435659408569336
v  45.37625885009766 98.67885589599609 -0.6909854412078857
v  45.37173080444336 98.73873901367188 -0.5460120439529419
v  45.36555099487305 98.82048797607422 -0.4122145473957062
v  45.35786819458008 98.92211151123047 -0.2928934991359711
v  45.34887313842773 99.04109191894531 -0.1909844577312469
v  45.33878707885742 99.17450714111328 -0.1089945435523987
v  45.32785797119141 99.31906890869141 -0.04894286021590233
v  45.31635284423828 99.47121429443359 -0.01231207977980375
v  38.76804733276367 98.81013488769531 -0.01231207977980375
v  38.78718566894531 98.65876007080078 -0.04894286021590233
v  38.80537033081055 98.51493072509766 -0.1089945435523987
v  38.82215118408203 98.38219451904297 -0.1909844577312469
v  38.83711624145508 98.26381683349609 -0.2928934991359711
v  38.84990310668945 98.16271209716797 -0.4122145473957062
v  38.86018371582031 98.08136749267578 -0.5460120439529419
v  38.86771774291992 98.02178955078125 -0.6909854412078857
v  32.26126098632812 97.82061004638672 -0.01231207977980375
v  32.28799057006836 97.67038726806641 -0.04894286021590233
v  32.31338500976562 97.52765655517578 -0.1089945435523987
v  32.33681869506836 97.39593505859375 -0.1909844577312469
v  32.35771942138672 97.27845764160156 -0.2928934991359711
v  32.37557220458984 97.17812347412109 -0.4122145473957062
v  32.38993453979492 97.09739685058594 -0.5460120439529419
v  32.40045166015625 97.03827667236328 -0.6909854412078857
v  25.99082374572754 95.73079681396484 -0.6909854412078857
v  25.97734451293945 95.78931427001953 -0.5460120439529419
v  25.95894241333008 95.86920928955078 -0.4122145473957062
v  25.93606948852539 95.96852111816406 -0.2928934991359711
v  25.90928649902344 96.08480072021484 -0.1909844577312469
v  25.87925720214844 96.21517944335938 -0.1089945435523987
v  25.84671783447266 96.35645294189453 -0.04894286021590233
v  25.81246948242188 96.50514221191406 -0.01231207977980375
v  19.66505813598633 94.06742095947266 -0.8435659408569336
v  19.65505218505859 94.1026611328125 -0.6909854412078857
v  19.63864707946777 94.16042327880859 -0.5460120439529419
v  19.61624908447266 94.23929595947266 -0.4122145473957062
v  19.58841133117676 94.33733367919922 -0.2928934991359711
v  19.55581855773926 94.45211791992188 -0.1909844577312469
v  19.5192699432373 94.58081817626953 -0.1089945435523987
v  19.47966575622559 94.72028350830078 -0.04894286021590233
v  19.43798446655273 94.86705780029297 -0.01231207977980375
v  13.1539363861084 92.91050720214844 -0.01231207977980375
v  13.20294284820557 92.76600646972656 -0.04894286021590233
v  13.24950885772705 92.62871551513672 -0.1089945435523987
v  13.29248428344727 92.50200653076172 -0.1909844577312469
v  13.33080959320068 92.38900756835938 -0.2928934991359711
v  13.36354351043701 92.29250335693359 -0.4122145473957062
v  13.38987827301025 92.21485137939453 -0.5460120439529419
v  13.40916347503662 92.15798950195312 -0.6909854412078857
v  6.976224422454834 90.64042663574219 -0.01231207977980375
v  7.032435417175293 90.49858093261719 -0.04894286021590233
v  7.085844993591309 90.36380004882812 -0.1089945435523987
v  7.135138034820557 90.23941802978516 -0.1909844577312469
v  7.179096221923828 90.12848663330078 -0.2928934991359711
v  7.216639995574951 90.03374481201172 -0.4122145473957062
v  7.246848106384277 89.95751953125 -0.5460120439529419
v  7.268969058990479 89.90169525146484 -0.6909854412078857
v  7.282465934753418 89.86763763427734 -0.8435659408569336
v  62.58833312988281 82.32096099853516 -45.15643692016602
v  66.21767425537109 81.49259185791016 -45.15643692016602
v  73.18125152587891 78.87911224365234 -45.15643692016602
v  76.45942687988281 77.11505126953125 -45.15643692016602
v  85.16750335693359 70.17059326171875 -45.15643692016602
v  87.61679840087891 67.36714935302734 -45.15643692016602
v  91.71429443359375 61.15971374511719 -45.15643692016602
v  93.32949829101562 57.80569839477539 -45.15643692016602
v  96.29263305664062 47.06902313232422 -45.15643692016602
v  96.62633514404297 43.36133575439453 -45.15643692016602
v  96.29263305664062 35.93096923828125 -45.15643692016602
v  95.6279296875 32.26811981201172 -45.15643692016602
v  91.71429443359375 21.84028244018555 -45.15643692016602
v  89.804931640625 18.64455604553223 -45.15643692016602
v  85.16750335693359 12.82940769195557 -45.15643692016602
v  82.47677612304688 10.25680446624756 -45.15643692016602
v  73.18125152587891 4.120886325836182 -45.15643692016602
v  69.75814819335938 2.65777850151062 -45.15643692016602
v  62.58833312988281 0.6790310144424438 -45.15643692016602
v  58.89934539794922 0.1793280243873596 -45.15643692016602
v  47.77250671386719 0.6790310144424438 -45.15643692016602
v  44.14316558837891 1.507408857345581 -45.15643692016602
v  37.17958450317383 4.120886325836182 -45.15643692016602
v  33.90141296386719 5.884945392608643 -45.15643692016602
v  25.19333267211914 12.82940769195557 -45.15643692016602
v  22.74403762817383 15.63284587860107 -45.15643692016602
v  18.64654541015625 21.84028244018555 -45.15643692016602
v  17.03133773803711 25.19429779052734 -45.15643692016602
v  14.06820487976074 35.93096923828125 -45.15643692016602
v  13.73450469970703 39.6386604309082 -45.15643692016602
v  14.06820487976074 47.06902313232422 -45.15643692016602
v  14.73291206359863 50.73187637329102 -45.15643692016602
v  18.64654541015625 61.15971374511719 -45.15643692016602
v  20.55590629577637 64.35543823242188 -45.15643692016602
v  25.19333267211914 70.17059326171875 -45.15643692016602
v  27.88406181335449 72.74319458007812 -45.15643692016602
v  37.17958450317383 78.87911224365234 -45.15643692016602
v  40.60268783569336 80.34221649169922 -45.15643692016602
v  47.77250671386719 82.32096099853516 -45.15643692016602
v  51.46149063110352 82.82067108154297 -45.15643692016602
v  55.180419921875 82.15643310546875 -45.98768997192383
v  51.53600311279297 81.99275970458984 -45.98768997192383
v  55.180419921875 82.30901336669922 -45.95105743408203
v  51.5223274230957 82.14472961425781 -45.95105743408203
v  55.180419921875 82.45398712158203 -45.89100646972656
v  51.50933074951172 82.28912353515625 -45.89100646972656
v  55.180419921875 82.58778381347656 -45.80901718139648
v  51.49733734130859 82.42237854003906 -45.80901718139648
v  55.180419921875 82.70710754394531 -45.70710754394531
v  51.48664093017578 82.54121398925781 -45.70710754394531
v  55.180419921875 82.80901336669922 -45.58778762817383
v  51.47750854492188 82.64271545410156 -45.58778762817383
v  55.180419921875 82.89100646972656 -45.4539909362793
v  51.47015762329102 82.72438049316406 -45.4539909362793
v  55.180419921875 82.95105743408203 -45.30901718139648
v  51.46477508544922 82.78418731689453 -45.30901718139648
v  55.180419921875 82.98768615722656 -45.15643692016602
v  47.92093276977539 81.50306701660156 -45.98768997192383
v  47.8936882019043 81.6531982421875 -45.95105743408203
v  47.86780166625977 81.79584503173828 -45.89100646972656
v  47.84391021728516 81.92748260498047 -45.80901718139648
v  47.82260513305664 82.04489135742188 -45.70710754394531
v  47.80440902709961 82.14516448974609 -45.58778762817383
v  47.78976821899414 82.22583770751953 -45.4539909362793
v  47.77904891967773 82.28491973876953 -45.30901718139648
v  44.14316558837891 81.49259185791016 -45.15643692016602
v  44.15291213989258 81.457275390625 -45.30901718139648
v  44.16888809204102 81.39939117431641 -45.4539909362793
v  44.19069671630859 81.32035827636719 -45.58778762817383
v  44.21781158447266 81.22212219238281 -45.70710754394531
v  44.24955368041992 81.10709381103516 -45.80901718139648
v  44.28514862060547 80.97812652587891 -45.89100646972656
v  44.3237190246582 80.83837127685547 -45.95105743408203
v  44.36431121826172 80.69129180908203 -45.98768997192383
v  40.89477157592773 79.56397247314453 -45.98768997192383
v  40.84115982055664 79.70682525634766 -45.95105743408203
v  40.79021835327148 79.84255218505859 -45.89100646972656
v  40.74320602416992 79.96781921386719 -45.80901718139648
v  40.70127868652344 80.07952880859375 -45.70710754394531
v  40.66547012329102 80.17494201660156 -45.58778762817383
v  40.63666152954102 80.25170135498047 -45.4539909362793
v  40.61556243896484 80.30792236328125 -45.30901718139648
v  37.54025268554688 78.13018035888672 -45.98768997192383
v  37.47405242919922 78.26765441894531 -45.95105743408203
v  37.41114807128906 78.39826965332031 -45.89100646972656
v  37.35309600830078 78.51881408691406 -45.80901718139648
v  37.30132675170898 78.62631988525391 -45.70710754394531
v  37.25711059570312 78.7181396484375 -45.58778762817383
v  37.22153472900391 78.79200744628906 -45.4539909362793
v  37.19548034667969 78.84610748291016 -45.30901718139648
v  33.90141296386719 77.11505126953125 -45.15643692016602
v  33.92020416259766 77.08361053466797 -45.30901718139648
v  33.95100021362305 77.03205871582031 -45.4539909362793
v  33.9930534362793 76.96167755126953 -45.58778762817383
v  34.04532241821289 76.87419128417969 -45.70710754394531
v  34.10652542114258 76.77175903320312 -45.80901718139648
v  34.17514801025391 76.65689849853516 -45.89100646972656
v  34.24950408935547 76.53244781494141 -45.95105743408203
v  34.32776260375977 76.40146636962891 -45.98768997192383
v  31.28316688537598 74.39174652099609 -45.98768997192383
v  31.1934814453125 74.51519012451172 -45.95105743408203
v  31.10826683044434 74.63246917724609 -45.89100646972656
v  31.02962493896484 74.74071502685547 -45.80901718139648
v  30.95948791503906 74.83724975585938 -45.70710754394531
v  30.89958763122559 74.91969299316406 -45.58778762817383
v  30.85139656066895 74.98602294921875 -45.4539909362793
v  30.81609916687012 75.03460693359375 -45.30901718139648
v  30.79456901550293 75.06423950195312 -45.15643692016602
v  28.43097686767578 72.11720275878906 -45.98768997192383
v  28.33058738708496 72.23210144042969 -45.95105743408203
v  28.23520278930664 72.34127807617188 -45.89100646972656
v  28.14717483520508 72.44203948974609 -45.80901718139648
v  28.06866645812988 72.53189086914062 -45.70710754394531
v  28.00161743164062 72.608642578125 -45.58778762817383
v  27.94767379760742 72.67038726806641 -45.4539909362793
v  27.90816307067871 72.71560668945312 -45.30901718139648
v  25.79415702819824 69.59613800048828 -45.98768997192383
v  25.68387031555176 69.70158386230469 -45.95105743408203
v  25.57908630371094 69.80177307128906 -45.89100646972656
v  25.48237800598145 69.89423370361328 -45.80901718139648
v  25.3961353302002 69.97669219970703 -45.70710754394531
v  25.32247543334961 70.047119140625 -45.58778762817383
v  25.26321220397949 70.10377502441406 -45.4539909362793
v  25.21980857849121 70.14527893066406 -45.30901718139648
v  22.74403762817383 67.36714935302734 -45.15643692016602
v  22.77267646789551 67.34430694580078 -45.30901718139648
v  22.81962776184082 67.30686950683594 -45.4539909362793
v  22.88372802734375 67.25575256347656 -45.58778762817383
v  22.96340560913086 67.19220733642578 -45.70710754394531
v  23.05669403076172 67.11781311035156 -45.80901718139648
v  23.16129875183105 67.03439331054688 -45.89100646972656
v  23.27464485168457 66.94400024414062 -45.95105743408203
v  23.39393997192383 66.84886932373047 -45.98768997192383
v  21.24964904785156 63.89750671386719 -45.98768997192383
v  21.12230682373047 63.98156356811523 -45.95105743408203
v  21.00131225585938 64.06142425537109 -45.89100646972656
v  20.88965034484863 64.1351318359375 -45.80901718139648
v  20.79006958007812 64.20086669921875 -45.70710754394531
v  20.70501899719238 64.25701141357422 -45.58778762817383
v  20.63659286499023 64.30217742919922 -45.4539909362793
v  20.58647537231445 64.33525848388672 -45.30901718139648
v  19.37854385375977 60.76580810546875 -45.98768997192383
v  19.24418258666992 60.83811187744141 -45.95105743408203
v  19.11651802062988 60.90681076049805 -45.89100646972656
v  18.99869728088379 60.97021102905273 -45.80901718139648
v  18.89362525939941 61.02675247192383 -45.70710754394531
v  18.80388259887695 61.07504653930664 -45.58778762817383
v  18.7316837310791 61.11389923095703 -45.4539909362793
v  18.67880249023438 61.14235687255859 -45.30901718139648
v  17.03133773803711 57.80569839477539 -45.15643692016602
v  17.06502151489258 57.79130172729492 -45.30901718139648
v  17.1202392578125 57.7677001953125 -45.4539909362793
v  17.19563102722168 57.73547744750977 -45.58778762817383
v  17.28934097290039 57.6954231262207 -45.70710754394531
v  17.39905738830566 57.64852523803711 -45.80901718139648
v  17.5220890045166 57.59594345092773 -45.89100646972656
v  17.6553955078125 57.53896331787109 -45.95105743408203
v  17.79569625854492 57.4789924621582 -45.98768997192383
v  16.51385116577148 54.06352615356445 -45.98768997192383
v  16.36874008178711 54.11067962646484 -45.95105743408203
v  16.23085975646973 54.15547561645508 -45.89100646972656
v  16.10361480712891 54.19682312011719 -45.80901718139648
v  15.99013042449951 54.23369598388672 -45.70710754394531
v  15.89320945739746 54.26518630981445 -45.58778762817383
v  15.8152322769165 54.29052352905273 -45.4539909362793
v  15.75812339782715 54.30907821655273 -45.30901718139648
v  15.72328472137451 54.32040023803711 -45.15643692016602
v  15.54332637786865 50.54690551757812 -45.98768997192383
v  15.39456844329834 50.58086013793945 -45.95105743408203
v  15.25323104858398 50.61311721801758 -45.89100646972656
v  15.12279033660889 50.64289093017578 -45.80901718139648
v  15.00646018981934 50.66944122314453 -45.70710754394531
v  14.90710639953613 50.69211959838867 -45.58778762817383
v  14.82717323303223 50.71036148071289 -45.4539909362793
v  14.76862621307373 50.72372436523438 -45.30901718139648
v  14.89193344116211 46.95744323730469 -45.98768997192383
v  14.74073505401611 46.97792434692383 -45.95105743408203
v  14.59707355499268 46.99738693237305 -45.89100646972656
v  14.46448612213135 47.01534652709961 -45.80901718139648
v  14.34624576568604 47.0313606262207 -45.70710754394531
v  14.24526023864746 47.04504013061523 -45.58778762817383
v  14.16401195526123 47.05604934692383 -45.4539909362793
v  14.10450458526611 47.06410980224609 -45.30901718139648
v  13.73450469970703 43.36133575439453 -45.15643692016602
v  13.77110195159912 43.35969161987305 -45.30901718139648
v  13.83108997344971 43.35699844360352 -45.4539909362793
v  13.91299819946289 43.35331726074219 -45.58778762817383
v  14.01480674743652 43.34874725341797 -45.70710754394531
v  14.13400840759277 43.3433952331543 -45.80901718139648
v  14.26766777038574 43.33739471435547 -45.89100646972656
v  14.4124927520752 43.33089065551758 -45.95105743408203
v  14.5649242401123 43.32404327392578 -45.98768997192383
v  14.5649242401123 39.67595291137695 -45.98768997192383
v  14.4124927520752 39.66910934448242 -45.95105743408203
v  14.26766777038574 39.66260147094727 -45.89100646972656
v  14.13400840759277 39.65660095214844 -45.80901718139648
v  14.01480674743652 39.65124893188477 -45.70710754394531
v  13.91299819946289 39.64667892456055 -45.58778762817383
v  13.83108997344971 39.64299774169922 -45.4539909362793
v  13.77110195159912 39.64030456542969 -45.30901718139648
v  14.89193344116211 36.04255294799805 -45.98768997192383
v  14.74073505401611 36.02207183837891 -45.95105743408203
v  14.59707355499268 36.00260925292969 -45.89100646972656
v  14.46448612213135 35.98464965820312 -45.80901718139648
v  14.34624576568604 35.96863555908203 -45.70710754394531
v  14.24526023864746 35.95495223999023 -45.58778762817383
v  14.16401195526123 35.94394683837891 -45.4539909362793
v  14.10450458526611 35.93588638305664 -45.30901718139648
v  14.73291206359863 32.26811981201172 -45.15643692016602
v  14.76862621307373 32.27626800537109 -45.30901718139648
v  14.82717323303223 32.28963088989258 -45.4539909362793
v  14.90710639953613 32.30787658691406 -45.58778762817383
v  15.00646018981934 32.3305549621582 -45.70710754394531
v  15.12279033660889 32.35710525512695 -45.80901718139648
v  15.25323104858398 32.38687515258789 -45.89100646972656
v  15.39456844329834 32.41913604736328 -45.95105743408203
v  15.54332637786865 32.45309066772461 -45.98768997192383
v  16.51385116577148 28.93646812438965 -45.98768997192383
v  16.36874008178711 28.88931655883789 -45.95105743408203
v  16.23085975646973 28.84452056884766 -45.89100646972656
v  16.10361480712891 28.80317306518555 -45.80901718139648
v  15.99013042449951 28.76630020141602 -45.70710754394531
v  15.89320945739746 28.73480987548828 -45.58778762817383
v  15.8152322769165 28.70947456359863 -45.4539909362793
v  15.75812339782715 28.69091606140137 -45.30901718139648
v  15.72328472137451 28.67959785461426 -45.15643692016602
v  17.79569625854492 25.5210018157959 -45.98768997192383
v  17.6553955078125 25.46103286743164 -45.95105743408203
v  17.5220890045166 25.40405464172363 -45.89100646972656
v  17.39905738830566 25.35146903991699 -45.80901718139648
v  17.28934097290039 25.30457496643066 -45.70710754394531
v  17.19563102722168 25.2645206451416 -45.58778762817383
v  17.1202392578125 25.23229598999023 -45.4539909362793
v  17.06502151489258 25.20869636535645 -45.30901718139648
v  19.37854385375977 22.23418617248535 -45.98768997192383
v  19.24418258666992 22.1618824005127 -45.95105743408203
v  19.11651802062988 22.09318351745605 -45.89100646972656
v  18.99869728088379 22.02978324890137 -45.80901718139648
v  18.89362525939941 21.97324180603027 -45.70710754394531
v  18.80388259887695 21.92494964599609 -45.58778762817383
v  18.7316837310791 21.88609886169434 -45.4539909362793
v  18.67880249023438 21.85764122009277 -45.30901718139648
v  20.55590629577637 18.64455604553223 -45.15643692016602
v  20.58647537231445 18.66473579406738 -45.30901718139648
v  20.63659286499023 18.69781684875488 -45.4539909362793
v  20.70501899719238 18.74298667907715 -45.58778762817383
v  20.79006958007812 18.79912567138672 -45.70710754394531
v  20.88965034484863 18.8648624420166 -45.80901718139648
v  21.00131225585938 18.93856811523438 -45.89100646972656
v  21.12230682373047 19.01843452453613 -45.95105743408203
v  21.24964904785156 19.10249137878418 -45.98768997192383
v  23.39393997192383 16.151123046875 -45.98768997192383
v  23.27464485168457 16.05599403381348 -45.95105743408203
v  23.16129875183105 15.96560287475586 -45.89100646972656
v  23.05669403076172 15.88218688964844 -45.80901718139648
v  22.96340560913086 15.80778503417969 -45.70710754394531
v  22.88372802734375 15.74424648284912 -45.58778762817383
v  22.81962776184082 15.69312858581543 -45.4539909362793
v  22.77267646789551 15.65568923950195 -45.30901718139648
v  25.79415702819824 13.4038553237915 -45.98768997192383
v  25.68387031555176 13.29840755462646 -45.95105743408203
v  25.57908630371094 13.19822692871094 -45.89100646972656
v  25.48237800598145 13.1057653427124 -45.80901718139648
v  25.3961353302002 13.0233097076416 -45.70710754394531
v  25.32247543334961 12.95287895202637 -45.58778762817383
v  25.26321220397949 12.89621734619141 -45.4539909362793
v  25.21980857849121 12.85471725463867 -45.30901718139648
v  27.88406181335449 10.25680446624756 -45.15643692016602
v  27.90816307067871 10.28439426422119 -45.30901718139648
v  27.94767379760742 10.32961177825928 -45.4539909362793
v  28.00161743164062 10.39135456085205 -45.58778762817383
v  28.06866645812988 10.46810340881348 -45.70710754394531
v  28.14717483520508 10.55795669555664 -45.80901718139648
v  28.23520278930664 10.65871906280518 -45.89100646972656
v  28.33058738708496 10.7678918838501 -45.95105743408203
v  28.43097686767578 10.8827953338623 -45.98768997192383
v  31.28316688537598 8.608251571655273 -45.98768997192383
v  31.1934814453125 8.484810829162598 -45.95105743408203
v  31.10826683044434 8.367523193359375 -45.89100646972656
v  31.02962493896484 8.259281158447266 -45.80901718139648
v  30.95948791503906 8.162752151489258 -45.70710754394531
v  30.89958763122559 8.080303192138672 -45.58778762817383
v  30.85139656066895 8.013971328735352 -45.4539909362793
v  30.81609916687012 7.965385913848877 -45.30901718139648
v  30.79456901550293 7.935754776000977 -45.15643692016602
v  34.32776260375977 6.598532199859619 -45.98768997192383
v  34.24950408935547 6.467543601989746 -45.95105743408203
v  34.17514801025391 6.343096733093262 -45.89100646972656
v  34.10652542114258 6.228238105773926 -45.80901718139648
v  34.04532241821289 6.125807762145996 -45.70710754394531
v  33.9930534362793 6.038322925567627 -45.58778762817383
v  33.95100021362305 5.967937469482422 -45.4539909362793
v  33.92020416259766 5.916386604309082 -45.30901718139648
v  37.54025268554688 4.869818687438965 -45.98768997192383
v  37.47405242919922 4.732347965240479 -45.95105743408203
v  37.41114807128906 4.601724624633789 -45.89100646972656
v  37.35309600830078 4.481181621551514 -45.80901718139648
v  37.30132675170898 4.373677253723145 -45.70710754394531
v  37.25711059570312 4.281863689422607 -45.58778762817383
v  37.22153472900391 4.207991123199463 -45.4539909362793
v  37.19548034667969 4.153884887695312 -45.30901718139648
v  40.60268783569336 2.65777850151062 -45.15643692016602
v  40.61556243896484 2.692073583602905 -45.30901718139648
v  40.63666152954102 2.748295783996582 -45.4539909362793
v  40.66547012329102 2.825058937072754 -45.58778762817383
v  40.70127868652344 2.92047119140625 -45.70710754394531
v  40.74320602416992 3.032177686691284 -45.80901718139648
v  40.79021835327148 3.15744423866272 -45.89100646972656
v  40.84115982055664 3.293171405792236 -45.95105743408203
v  40.89477157592773 3.436028957366943 -45.98768997192383
v  44.36431121826172 2.308703899383545 -45.98768997192383
v  44.3237190246582 2.161622047424316 -45.95105743408203
v  44.28514862060547 2.021871566772461 -45.89100646972656
v  44.24955368041992 1.89290189743042 -45.80901718139648
v  44.21781158447266 1.777879953384399 -45.70710754394531
v  44.19069671630859 1.679636478424072 -45.58778762817383
v  44.16888809204102 1.600608229637146 -45.4539909362793
v  44.15291213989258 1.542717218399048 -45.30901718139648
v  47.92093276977539 1.496925950050354 -45.98768997192383
v  47.8936882019043 1.346796751022339 -45.95105743408203
v  47.86780166625977 1.204155445098877 -45.89100646972656
v  47.84391021728516 1.072511076927185 -45.80901718139648
v  47.82260513305664 0.9551048278808594 -45.70710754394531
v  47.80440902709961 0.8548349142074585 -45.58778762817383
v  47.78976821899414 0.7741600275039673 -45.4539909362793
v  47.77904891967773 0.7150769233703613 -45.30901718139648
v  51.46149063110352 0.1793280243873596 -45.15643692016602
v  51.46477508544922 0.2158135175704956 -45.30901718139648
v  51.47015762329102 0.2756193280220032 -45.4539909362793
v  51.47750854492188 0.3572776913642883 -45.58778762817383
v  51.48664093017578 0.4587769508361816 -45.70710754394531
v  51.49733734130859 0.5776211619377136 -45.80901718139648
v  51.50933074951172 0.7108747959136963 -45.89100646972656
v  51.5223274230957 0.8552670478820801 -45.95105743408203
v  51.53600311279297 1.007236480712891 -45.98768997192383
v  55.180419921875 0.8435621857643127 -45.98768997192383
v  55.180419921875 0.6909817457199097 -45.95105743408203
v  55.180419921875 0.5460083484649658 -45.89100646972656
v  55.180419921875 0.4122108221054077 -45.80901718139648
v  55.180419921875 0.2928897738456726 -45.70710754394531
v  55.180419921875 0.1909807324409485 -45.58778762817383
v  55.180419921875 0.1089945435523987 -45.4539909362793
v  55.180419921875 0.04894286021590233 -45.30901718139648
v  55.180419921875 0.01230836007744074 -45.15643692016602
v  58.82483291625977 1.007236480712891 -45.98768997192383
v  58.8385124206543 0.8552670478820801 -45.95105743408203
v  58.85150527954102 0.7108747959136963 -45.89100646972656
v  58.86349868774414 0.5776211619377136 -45.80901718139648
v  58.87419509887695 0.4587769508361816 -45.70710754394531
v  58.88333129882812 0.3572776913642883 -45.58778762817383
v  58.89068222045898 0.2756193280220032 -45.4539909362793
v  58.89606475830078 0.2158135175704956 -45.30901718139648
v  62.43990707397461 1.496925950050354 -45.98768997192383
v  62.4671516418457 1.346796751022339 -45.95105743408203
v  62.49303817749023 1.204155445098877 -45.89100646972656
v  62.51692581176758 1.072511076927185 -45.80901718139648
v  62.53823089599609 0.9551048278808594 -45.70710754394531
v  62.55642700195312 0.8548349142074585 -45.58778762817383
v  62.57106781005859 0.7741600275039673 -45.4539909362793
v  62.58179092407227 0.7150769233703613 -45.30901718139648
v  66.21767425537109 1.507408857345581 -45.15643692016602
v  66.20792388916016 1.542717218399048 -45.30901718139648
v  66.19194793701172 1.600608229637146 -45.4539909362793
v  66.17014312744141 1.679636478424072 -45.58778762817383
v  66.14302825927734 1.777879953384399 -45.70710754394531
v  66.11128234863281 1.89290189743042 -45.80901718139648
v  66.07569122314453 2.021871566772461 -45.89100646972656
v  66.03712463378906 2.161622047424316 -45.95105743408203
v  65.99652862548828 2.308703899383545 -45.98768997192383
v  69.466064453125 3.436028957366943 -45.98768997192383
v  69.51967620849609 3.293171405792236 -45.95105743408203
v  69.57061767578125 3.15744423866272 -45.89100646972656
v  69.61763000488281 3.032177686691284 -45.80901718139648
v  69.65956115722656 2.92047119140625 -45.70710754394531
v  69.69536590576172 2.825058937072754 -45.58778762817383
v  69.72417449951172 2.748295783996582 -45.4539909362793
v  69.74527740478516 2.692073583602905 -45.30901718139648
v  72.82058715820312 4.869818687438965 -45.98768997192383
v  72.88678741455078 4.732347965240479 -45.95105743408203
v  72.94969177246094 4.601724624633789 -45.89100646972656
v  73.00774383544922 4.481181621551514 -45.80901718139648
v  73.05950927734375 4.373677253723145 -45.70710754394531
v  73.10372924804688 4.281863689422607 -45.58778762817383
v  73.13930511474609 4.207991123199463 -45.4539909362793
v  73.16535949707031 4.153884887695312 -45.30901718139648
v  76.45942687988281 5.884945392608643 -45.15643692016602
v  76.44063568115234 5.916386604309082 -45.30901718139648
v  76.40983581542969 5.967937469482422 -45.4539909362793
v  76.36778259277344 6.038322925567627 -45.58778762817383
v  76.31551361083984 6.125807762145996 -45.70710754394531
v  76.25431060791016 6.228238105773926 -45.80901718139648
v  76.18569183349609 6.343096733093262 -45.89100646972656
v  76.11133575439453 6.467543601989746 -45.95105743408203
v  76.03307342529297 6.598532199859619 -45.98768997192383
v  79.07767486572266 8.608251571655273 -45.98768997192383
v  79.1673583984375 8.484810829162598 -45.95105743408203
v  79.25257110595703 8.367523193359375 -45.89100646972656
v  79.33121490478516 8.259281158447266 -45.80901718139648
v  79.40135192871094 8.162752151489258 -45.70710754394531
v  79.46125030517578 8.080303192138672 -45.58778762817383
v  79.50944519042969 8.013971328735352 -45.4539909362793
v  79.54473876953125 7.965385913848877 -45.30901718139648
v  79.56626892089844 7.935754776000977 -45.15643692016602
v  81.92986297607422 10.8827953338623 -45.98768997192383
v  82.03025054931641 10.7678918838501 -45.95105743408203
v  82.12563323974609 10.65871906280518 -45.89100646972656
v  82.21366119384766 10.55795669555664 -45.80901718139648
v  82.29216766357422 10.46810340881348 -45.70710754394531
v  82.35922241210938 10.39135456085205 -45.58778762817383
v  82.41316223144531 10.32961177825928 -45.4539909362793
v  82.45267486572266 10.28439426422119 -45.30901718139648
v  84.56668090820312 13.4038553237915 -45.98768997192383
v  84.67697143554688 13.29840755462646 -45.95105743408203
v  84.78175354003906 13.19822692871094 -45.89100646972656
v  84.87845611572266 13.1057653427124 -45.80901718139648
v  84.96470642089844 13.0233097076416 -45.70710754394531
v  85.03836059570312 12.95287895202637 -45.58778762817383
v  85.09762573242188 12.89621734619141 -45.4539909362793
v  85.14102935791016 12.85471725463867 -45.30901718139648
v  87.61679840087891 15.63284587860107 -45.15643692016602
v  87.58815765380859 15.65568923950195 -45.30901718139648
v  87.54121398925781 15.69312858581543 -45.4539909362793
v  87.47711181640625 15.74424648284912 -45.58778762817383
v  87.39743041992188 15.80778503417969 -45.70710754394531
v  87.30414581298828 15.88218688964844 -45.80901718139648
v  87.19953918457031 15.96560287475586 -45.89100646972656
v  87.08619689941406 16.05599403381348 -45.95105743408203
v  86.96689605712891 16.151123046875 -45.98768997192383
v  89.11119079589844 19.10249137878418 -45.98768997192383
v  89.23853302001953 19.01843452453613 -45.95105743408203
v  89.35952758789062 18.93856811523438 -45.89100646972656
v  89.47118377685547 18.8648624420166 -45.80901718139648
v  89.57077026367188 18.79912567138672 -45.70710754394531
v  89.65582275390625 18.74298667907715 -45.58778762817383
v  89.7242431640625 18.69781684875488 -45.4539909362793
v  89.77436065673828 18.66473579406738 -45.30901718139648
v  90.98229217529297 22.23418617248535 -45.98768997192383
v  91.11665344238281 22.1618824005127 -45.95105743408203
v  91.24432373046875 22.09318351745605 -45.89100646972656
v  91.36214447021484 22.02978324890137 -45.80901718139648
v  91.46721649169922 21.97324180603027 -45.70710754394531
v  91.55695343017578 21.92494964599609 -45.58778762817383
v  91.62915802001953 21.88609886169434 -45.4539909362793
v  91.68203735351562 21.85764122009277 -45.30901718139648
v  93.32949829101562 25.19429779052734 -45.15643692016602
v  93.29581451416016 25.20869636535645 -45.30901718139648
v  93.2406005859375 25.23229598999023 -45.4539909362793
v  93.16520690917969 25.2645206451416 -45.58778762817383
v  93.07149505615234 25.30457496643066 -45.70710754394531
v  92.96178436279297 25.35146903991699 -45.80901718139648
v  92.83875274658203 25.40405464172363 -45.89100646972656
v  92.7054443359375 25.46103286743164 -45.95105743408203
v  92.56513977050781 25.5210018157959 -45.98768997192383
v  93.84698486328125 28.93646812438965 -45.98768997192383
v  93.99209594726562 28.88931655883789 -45.95105743408203
v  94.12998199462891 28.84452056884766 -45.89100646972656
v  94.25722503662109 28.80317306518555 -45.80901718139648
v  94.37070465087891 28.76630020141602 -45.70710754394531
v  94.46762847900391 28.73480987548828 -45.58778762817383
v  94.54560852050781 28.70947456359863 -45.4539909362793
v  94.60271453857422 28.69091606140137 -45.30901718139648
v  94.63755035400391 28.67959785461426 -45.15643692016602
v  94.81751251220703 32.45309066772461 -45.98768997192383
v  94.96627044677734 32.41913604736328 -45.95105743408203
v  95.10760498046875 32.38687515258789 -45.89100646972656
v  95.23805236816406 32.35710525512695 -45.80901718139648
v  95.35437774658203 32.3305549621582 -45.70710754394531
v  95.4537353515625 32.30787658691406 -45.58778762817383
v  95.53366851806641 32.28963088989258 -45.4539909362793
v  95.59220886230469 32.27626800537109 -45.30901718139648
v  95.46890258789062 36.04255294799805 -45.98768997192383
v  95.62010192871094 36.02207183837891 -45.95105743408203
v  95.76376342773438 36.00260925292969 -45.89100646972656
v  95.89635467529297 35.98464965820312 -45.80901718139648
v  96.01459503173828 35.96863555908203 -45.70710754394531
v  96.11557769775391 35.95495223999023 -45.58778762817383
v  96.19682312011719 35.94394683837891 -45.4539909362793
v  96.25633239746094 35.93588638305664 -45.30901718139648
v  96.62633514404297 39.6386604309082 -45.15643692016602
v  96.58973693847656 39.64030456542969 -45.30901718139648
v  96.52974700927734 39.64299774169922 -45.4539909362793
v  96.44783782958984 39.64667892456055 -45.58778762817383
v  96.34603118896484 39.65124893188477 -45.70710754394531
v  96.22682952880859 39.65660095214844 -45.80901718139648
v  96.09317016601562 39.66260147094727 -45.89100646972656
v  95.94834899902344 39.66910934448242 -45.95105743408203
v  95.79591369628906 39.67595291137695 -45.98768997192383
v  95.79591369628906 43.32404327392578 -45.98768997192383
v  95.94834899902344 43.33089065551758 -45.95105743408203
v  96.09317016601562 43.33739471435547 -45.89100646972656
v  96.22682952880859 43.3433952331543 -45.80901718139648
v  96.34603118896484 43.34874725341797 -45.70710754394531
v  96.44783782958984 43.35331726074219 -45.58778762817383
v  96.52974700927734 43.35699844360352 -45.4539909362793
v  96.58973693847656 43.35969161987305 -45.30901718139648
v  95.46890258789062 46.95744323730469 -45.98768997192383
v  95.62010192871094 46.97792434692383 -45.95105743408203
v  95.76376342773438 46.99738693237305 -45.89100646972656
v  95.89635467529297 47.01534652709961 -45.80901718139648
v  96.01459503173828 47.0313606262207 -45.70710754394531
v  96.11557769775391 47.04504013061523 -45.58778762817383
v  96.19682312011719 47.05604934692383 -45.4539909362793
v  96.25633239746094 47.06410980224609 -45.30901718139648
v  95.6279296875 50.73187637329102 -45.15643692016602
v  95.59220886230469 50.72372436523438 -45.30901718139648
v  95.53366851806641 50.71036148071289 -45.4539909362793
v  95.4537353515625 50.69211959838867 -45.58778762817383
v  95.35437774658203 50.66944122314453 -45.70710754394531
v  95.23805236816406 50.64289093017578 -45.80901718139648
v  95.10760498046875 50.61311721801758 -45.89100646972656
v  94.96627044677734 50.58086013793945 -45.95105743408203
v  94.81751251220703 50.54690551757812 -45.98768997192383
v  93.84698486328125 54.06352615356445 -45.98768997192383
v  93.99209594726562 54.11067962646484 -45.95105743408203
v  94.12998199462891 54.15547561645508 -45.89100646972656
v  94.25722503662109 54.19682312011719 -45.80901718139648
v  94.37070465087891 54.23369598388672 -45.70710754394531
v  94.46762847900391 54.26518630981445 -45.58778762817383
v  94.54560852050781 54.29052352905273 -45.4539909362793
v  94.60271453857422 54.30907821655273 -45.30901718139648
v  94.63755035400391 54.32040023803711 -45.15643692016602
v  92.56513977050781 57.4789924621582 -45.98768997192383
v  92.7054443359375 57.53896331787109 -45.95105743408203
v  92.83875274658203 57.59594345092773 -45.89100646972656
v  92.96178436279297 57.64852523803711 -45.80901718139648
v  93.07149505615234 57.6954231262207 -45.70710754394531
v  93.16520690917969 57.73547744750977 -45.58778762817383
v  93.2406005859375 57.7677001953125 -45.4539909362793
v  93.29581451416016 57.79130172729492 -45.30901718139648
v  90.98229217529297 60.76580810546875 -45.98768997192383
v  91.11665344238281 60.83811187744141 -45.95105743408203
v  91.24432373046875 60.90681076049805 -45.89100646972656
v  91.36214447021484 60.97021102905273 -45.80901718139648
v  91.46721649169922 61.02675247192383 -45.70710754394531
v  91.55695343017578 61.07504653930664 -45.58778762817383
v  91.62915802001953 61.11389923095703 -45.4539909362793
v  91.68203735351562 61.14235687255859 -45.30901718139648
v  89.804931640625 64.35543823242188 -45.15643692016602
v  89.77436065673828 64.33525848388672 -45.30901718139648
v  89.7242431640625 64.30217742919922 -45.4539909362793
v  89.65582275390625 64.25701141357422 -45.58778762817383
v  89.57077026367188 64.20086669921875 -45.70710754394531
v  89.47118377685547 64.1351318359375 -45.80901718139648
v  89.35952758789062 64.06142425537109 -45.89100646972656
v  89.23853302001953 63.98156356811523 -45.95105743408203
v  89.11119079589844 63.89750671386719 -45.98768997192383
v  86.96689605712891 66.84886932373047 -45.98768997192383
v  87.08619689941406 66.94400024414062 -45.95105743408203
v  87.19953918457031 67.03439331054688 -45.89100646972656
v  87.30414581298828 67.11781311035156 -45.80901718139648
v  87.39743041992188 67.19220733642578 -45.70710754394531
v  87.47711181640625 67.25575256347656 -45.58778762817383
v  87.54121398925781 67.30686950683594 -45.4539909362793
v  87.58815765380859 67.34430694580078 -45.30901718139648
v  84.56668090820312 69.59613800048828 -45.98768997192383
v  84.67697143554688 69.70158386230469 -45.95105743408203
v  84.78175354003906 69.80177307128906 -45.89100646972656
v  84.87845611572266 69.89423370361328 -45.80901718139648
v  84.96470642089844 69.97669219970703 -45.70710754394531
v  85.03836059570312 70.047119140625 -45.58778762817383
v  85.09762573242188 70.10377502441406 -45.4539909362793
v  85.14102935791016 70.14527893066406 -45.30901718139648
v  82.47677612304688 72.74319458007812 -45.15643692016602
v  82.45267486572266 72.71560668945312 -45.30901718139648
v  82.41316223144531 72.67038726806641 -45.4539909362793
v  82.35922241210938 72.608642578125 -45.58778762817383
v  82.29216766357422 72.53189086914062 -45.70710754394531
v  82.21366119384766 72.44203948974609 -45.80901718139648
v  82.12563323974609 72.34127807617188 -45.89100646972656
v  82.03025054931641 72.23210144042969 -45.95105743408203
v  81.92986297607422 72.11720275878906 -45.98768997192383
v  79.07767486572266 74.39174652099609 -45.98768997192383
v  79.1673583984375 74.51519012451172 -45.95105743408203
v  79.25257110595703 74.63246917724609 -45.89100646972656
v  79.33121490478516 74.74071502685547 -45.80901718139648
v  79.40135192871094 74.83724975585938 -45.70710754394531
v  79.46125030517578 74.91969299316406 -45.58778762817383
v  79.50944519042969 74.98602294921875 -45.4539909362793
v  79.54473876953125 75.03460693359375 -45.30901718139648
v  79.56626892089844 75.06423950195312 -45.15643692016602
v  76.03307342529297 76.40146636962891 -45.98768997192383
v  76.11133575439453 76.53244781494141 -45.95105743408203
v  76.18569183349609 76.65689849853516 -45.89100646972656
v  76.25431060791016 76.77175903320312 -45.80901718139648
v  76.31551361083984 76.87419128417969 -45.70710754394531
v  76.36778259277344 76.96167755126953 -45.58778762817383
v  76.40983581542969 77.03205871582031 -45.4539909362793
v  76.44063568115234 77.08361053466797 -45.30901718139648
v  72.82058715820312 78.13018035888672 -45.98768997192383
v  72.88678741455078 78.26765441894531 -45.95105743408203
v  72.94969177246094 78.39826965332031 -45.89100646972656
v  73.00774383544922 78.51881408691406 -45.80901718139648
v  73.05950927734375 78.62631988525391 -45.70710754394531
v  73.10372924804688 78.7181396484375 -45.58778762817383
v  73.13930511474609 78.79200744628906 -45.4539909362793
v  73.16535949707031 78.84610748291016 -45.30901718139648
v  69.75814819335938 80.34221649169922 -45.15643692016602
v  69.74527740478516 80.30792236328125 -45.30901718139648
v  69.72417449951172 80.25170135498047 -45.4539909362793
v  69.69536590576172 80.17494201660156 -45.58778762817383
v  69.65956115722656 80.07952880859375 -45.70710754394531
v  69.61763000488281 79.96781921386719 -45.80901718139648
v  69.57061767578125 79.84255218505859 -45.89100646972656
v  69.51967620849609 79.70682525634766 -45.95105743408203
v  69.466064453125 79.56397247314453 -45.98768997192383
v  65.99652862548828 80.69129180908203 -45.98768997192383
v  66.03712463378906 80.83837127685547 -45.95105743408203
v  66.07569122314453 80.97812652587891 -45.89100646972656
v  66.11128234863281 81.10709381103516 -45.80901718139648
v  66.14302825927734 81.22212219238281 -45.70710754394531
v  66.17014312744141 81.32035827636719 -45.58778762817383
v  66.19194793701172 81.39939117431641 -45.4539909362793
v  66.20792388916016 81.457275390625 -45.30901718139648
v  62.43990707397461 81.50306701660156 -45.98768997192383
v  62.4671516418457 81.6531982421875 -45.95105743408203
v  62.49303817749023 81.79584503173828 -45.89100646972656
v  62.51692581176758 81.92748260498047 -45.80901718139648
v  62.53823089599609 82.04489135742188 -45.70710754394531
v  62.55642700195312 82.14516448974609 -45.58778762817383
v  62.57106781005859 82.22583770751953 -45.4539909362793
v  62.58179092407227 82.28491973876953 -45.30901718139648
v  58.89934539794922 82.82067108154297 -45.15643692016602
v  58.89606475830078 82.78418731689453 -45.30901718139648
v  58.89068222045898 82.72438049316406 -45.4539909362793
v  58.88333129882812 82.64271545410156 -45.58778762817383
v  58.87419509887695 82.54121398925781 -45.70710754394531
v  58.86349868774414 82.42237854003906 -45.80901718139648
v  58.85150527954102 82.28912353515625 -45.89100646972656
v  58.8385124206543 82.14472961425781 -45.95105743408203
v  58.82483291625977 81.99275970458984 -45.98768997192383

# 0 UV coordinates

# 4078 vertex normals
vn -0.6908699870109558 0.7229800224304199 0
vn -0.6713500022888184 0.7411400079727173 0
vn 0.7343299984931946 0.6787999868392944 0
vn 0.7115399837493896 0.7026399970054626 -0.003980000037699938
vn 0.6878600120544434 0.725849986076355 0
vn 0.712909996509552 0.701259970664978 -0.002210000064224005
vn 0.7038800120353699 0.7102299928665161 0.01099999994039536
vn 0.7540900111198425 0.6566799879074097 -0.01052000001072884
vn 0.6691499948501587 0.7431300282478333 0
vn 0.6713500022888184 0.7411400079727173 0.000859999970998615
vn 0.631600022315979 0.7752900123596191 -0.001290000043809414
vn 0.6234800219535828 0.7818199992179871 -0.005830000154674053
vn 0.5985599756240845 0.8010799884796143 0
vn 0.497409999370575 0.8675199747085571 0.0003100000030826777
vn 0.5264800190925598 0.8501899838447571 -0.00023999999393709
vn 0.5508900284767151 0.8345599770545959 -0.006140000186860561
vn 0.5505499839782715 0.8347799777984619 -0.006310000084340572
vn 0.575469970703125 0.8178200125694275 0
vn 0.4305599927902222 0.9025599956512451 0.001260000048205256
vn 0.4564599990844727 0.889739990234375 -0.001889999955892563
vn 0.4579800069332123 0.8889600038528442 -0.002300000051036477
vn 0.4733400046825409 0.8808799982070923 0
vn 0.4984200000762939 0.8669400215148926 0
vn 0.3906599879264832 0.920520007610321 -0.005729999858886003
vn 0.4012599885463715 0.9159600138664246 0
vn 0.3671000003814697 0.9301800131797791 0
vn 0.3597599864006042 0.9330400228500366 -0.000119999996968545
vn 0.3393700122833252 0.9406499862670898 0.002249999903142452
vn 0.3090099990367889 0.9510300159454346 -0.006920000072568655
vn 0.2851699888706207 0.9584699869155884 0.001440000021830201
vn 0.2532100081443787 0.9674100279808044 -0.0005300000193528831
vn 0.2573699951171875 0.9663100242614746 0
vn 0.2254700064659119 0.9742500185966492 0
vn 0.2137600034475327 0.9768800139427185 -0.003969999961555004
vn 0.1739400029182434 0.984749972820282 0.002769999904558063
vn 0.1519999951124191 0.9883800148963928 -0.002360000042244792
vn 0.1354800015687943 0.9907799959182739 0
vn 0.1067999973893166 0.9942799806594849 0
vn 0.1075000017881393 0.9941999912261963 0.0001800000027287751
vn 0.07655999809503555 0.9970700144767761 -0.000119999996968545
vn 0.04486000165343285 0.9989799857139587 -0.00558000011369586
vn 0.03632999956607819 0.9993399977684021 -0.001739999977871776
vn -0.04486000165343285 0.9989699721336365 -0.006899999920278788
vn -0.02465000003576279 0.9997000098228455 0
vn 0.003879999974742532 0.9999899864196777 0
vn -0.2137600034475327 0.9768800139427185 -0.004329999908804893
vn -0.1914200037717819 0.9815099835395813 0.00227999989874661
vn -0.1519999951124191 0.9883800148963928 -0.002080000005662441
vn -0.1442099958658218 0.989549994468689 0
vn -0.1075000017881393 0.9941999912261963 0
vn -0.1157900020480156 0.9932699799537659 -0.002069999929517508
vn -0.07778999954462051 0.996969997882843 0.002330000046640635
vn -0.3090099990367889 0.9510400295257568 -0.006459999829530716
vn -0.2731600105762482 0.9619699716567993 0.00203000009059906
vn -0.2573699951171875 0.9663100242614746 0
vn -0.2455700039863586 0.9693800210952759 0
vn -0.2310599982738495 0.9729400277137756 -0.0006699999794363976
vn -0.4579800069332123 0.8889600038528442 -0.002490000100806355
vn -0.4520300030708313 0.8920000195503235 -0.001350000035017729
vn -0.4262799918651581 0.9045900106430054 0.001769999973475933
vn -0.4012599885463715 0.9159500002861023 -0.004420000128448009
vn -0.3862900137901306 0.9223799705505371 0
vn -0.3597599864006042 0.9330400228500366 0
vn -0.3597899973392487 0.9330300092697144 0
vn -0.3245800137519836 0.9458600282669067 9.999999747378752e-06
vn -0.5508900284767151 0.8345599770545959 -0.006029999814927578
vn -0.5513100028038025 0.8342800140380859 -0.006250000093132257
vn -0.527239978313446 0.8497099876403809 -0.0004199999966658652
vn -0.5115299820899963 0.8592699766159058 9.999999747378752e-05
vn -0.497409999370575 0.8675199747085571 -0.0007200000109151006
vn -0.4942300021648407 0.8693299889564514 0
vn -0.4689599871635437 0.8832200169563293 0
vn -0.6698700189590454 0.7424799799919128 0.0005000000237487257
vn -0.6330699920654297 0.7740899920463562 -0.0008399999933317304
vn -0.6234800219535828 0.7818199992179871 -0.006049999967217445
vn -0.5993099808692932 0.8005200028419495 0
vn -0.5762199759483337 0.817300021648407 0
vn -0.7471399903297424 0.6646699905395508 0
vn -0.7540900111198425 0.6566799879074097 -0.01052000001072884
vn -0.7038800120353699 0.7102299928665161 0.01099999994039536
vn -0.7114099860191345 0.7027699947357178 0
vn -0.7174999713897705 0.6965500116348267 -0.004519999958574772
vn -0.776199996471405 0.6304799914360046 0
vn -0.8089399933815002 0.5877299904823303 0.01336999982595444
vn -0.8089500069618225 0.5877299904823303 0.01336999982595444
vn -0.8394899964332581 0.5433800220489502 0
vn -0.8763099908828735 0.4817500114440918 0
vn -0.8620799779891968 0.5046200156211853 0.0467200018465519
vn -0.8930299878120422 0.4499900043010712 0
vn -0.9123200178146362 0.4094699919223785 0
vn -0.9295499920845032 0.3680300116539001 0.0222800001502037
vn -0.9362300038337708 0.3513799905776978 0
vn -0.9639599919319153 0.2660399973392487 0
vn -0.9683399796485901 0.2486300021409988 0.0222800001502037
vn -0.9951300024986267 0.098580002784729 0
vn -0.9917600154876709 0.1252900063991547 0.02672999911010265
vn -0.9869800209999084 0.1608700007200241 0
vn -0.9787700176239014 0.2049800008535385 0
vn -0.9985499978065491 0.05383000150322914 0
vn -0.9999099969863892 0 0.01336999982595444
vn -0.9985499978065491 -0.05383000150322914 -0
vn -0.992110013961792 -0.125330001115799 -0
vn -0.9940400123596191 -0.09847000241279602 0.0467200018465519
vn -0.9869800209999084 -0.1608700007200241 -0
vn -0.9787700176239014 -0.2049800008535385 -0
vn -0.9683399796485901 -0.2486300021409988 0.0222800001502037
vn -0.9639599919319153 -0.2660399973392487 -0
vn -0.9362300038337708 -0.3513799905776978 -0
vn -0.9295499920845032 -0.3680300116539001 0.0222800001502037
vn -0.8630200028419495 -0.5051699876785278 0
vn -0.8759899735450745 -0.48157998919487 0.02672999911010265
vn -0.8930299878120422 -0.4499900043010712 -0
vn -0.9123200178146362 -0.4094699919223785 0
vn -0.8394899964332581 -0.5433800220489502 0
vn -0.8089399933815002 -0.5877299904823303 0.01336999982595444
vn -0.8089500069618225 -0.5877299904823303 0.01336999982595444
vn -0.776199996471405 -0.6304799914360046 -0
vn -0.7289699912071228 -0.6845499873161316 -0
vn -0.7463200092315674 -0.6639500260353088 0.0467200018465519
vn -0.7039300203323364 -0.7102699875831604 -0
vn -0.6713500022888184 -0.7411400079727173 -0
vn -0.6372699737548828 -0.7703199982643127 0.0222800001502037
vn -0.6234899759292603 -0.7818300127983093 -0
vn -0.5508999824523926 -0.8345699906349182 -0
vn -0.5356900095939636 -0.8441200256347656 0.0222800001502037
vn -0.4012599885463715 -0.9159600138664246 0
vn -0.4256300032138824 -0.9045000076293945 0.02672999911010265
vn -0.4579800069332123 -0.8889600038528442 -0
vn -0.497409999370575 -0.8675199747085571 0
vn -0.3597599864006042 -0.9330400228500366 0
vn -0.3089900016784668 -0.9509699940681458 0.01336999982595444
vn -0.2573699951171875 -0.9663100242614746 -0
vn -0.1873800009489059 -0.9822900295257568 -0
vn -0.2135300040245056 -0.975820004940033 0.0467200018465519
vn -0.1519999951124191 -0.9883800148963928 -0
vn -0.1075000017881393 -0.9941999912261963 -0
vn -0.06277000159025192 -0.9977800250053406 0.0222800001502037
vn -0.04486000165343285 -0.998989999294281 -0
vn 0.04486000165343285 -0.998989999294281 0
vn 0.06277000159025192 -0.9977800250053406 0.0222800001502037
vn 0.2137600034475327 -0.9768900275230408 0
vn 0.1873199939727783 -0.981939971446991 0.02672999911010265
vn 0.1519999951124191 -0.9883800148963928 0
vn 0.1075000017881393 -0.9941999912261963 0
vn 0.2573699951171875 -0.9663100242614746 0
vn 0.3089900016784668 -0.9509699940681458 0.01336999982595444
vn 0.3597599864006042 -0.9330400228500366 0
vn 0.4257799983024597 -0.9048299789428711 0
vn 0.4008300006389618 -0.9149600267410278 0.0467200018465519
vn 0.4579800069332123 -0.8889600038528442 0
vn 0.497409999370575 -0.8675199747085571 0
vn 0.5356900095939636 -0.8441200256347656 0.0222800001502037
vn 0.5508999824523926 -0.8345699906349182 0
vn 0.6234899759292603 -0.7818300127983093 0
vn 0.6372699737548828 -0.7703199982643127 0.0222800001502037
vn 0.7471399903297424 -0.6646699905395508 0
vn 0.7287099957466125 -0.6843000054359436 0.02672999911010265
vn 0.7039300203323364 -0.7102699875831604 0
vn 0.6713500022888184 -0.7411400079727173 0
vn 0.776199996471405 -0.6304799914360046 0
vn 0.8089399933815002 -0.5877299904823303 0.01336999982595444
vn 0.8089500069618225 -0.5877299904823303 0.01336999982595444
vn 0.8394899964332581 -0.5433800220489502 0
vn 0.8763099908828735 -0.4817500114440918 0
vn 0.8620799779891968 -0.5046200156211853 0.0467200018465519
vn 0.8930299878120422 -0.4499900043010712 0
vn 0.9123200178146362 -0.4094699919223785 0
vn 0.9295499920845032 -0.3680300116539001 0.0222800001502037
vn 0.9362300038337708 -0.3513799905776978 0
vn 0.9639599919319153 -0.2660399973392487 0
vn 0.9683399796485901 -0.2486300021409988 0.0222800001502037
vn 0.9951300024986267 -0.098580002784729 0
vn 0.9917600154876709 -0.1252900063991547 0.02672999911010265
vn 0.9869800209999084 -0.1608700007200241 0
vn 0.9787700176239014 -0.2049800008535385 0
vn 0.9985499978065491 -0.05383000150322914 0
vn 0.9999099969863892 0 0.01336999982595444
vn 0.9985499978065491 0.05383000150322914 0
vn 0.992110013961792 0.125330001115799 0
vn 0.9940400123596191 0.09847000241279602 0.0467200018465519
vn 0.9869800209999084 0.1608700007200241 0
vn 0.9787700176239014 0.2049800008535385 0
vn 0.9683399796485901 0.2486300021409988 0.0222800001502037
vn 0.9639599919319153 0.2660399973392487 0
vn 0.9362300038337708 0.3513799905776978 0
vn 0.9295499920845032 0.3680300116539001 0.0222800001502037
vn 0.8630200028419495 0.5051699876785278 0
vn 0.8759899735450745 0.48157998919487 0.02672999911010265
vn 0.8930299878120422 0.4499900043010712 0
vn 0.9123200178146362 0.4094699919223785 0
vn 0.8394899964332581 0.5433800220489502 0
vn 0.8089399933815002 0.5877299904823303 0.01336999982595444
vn 0.8089500069618225 0.5877299904823303 0.01336999982595444
vn 0.776199996471405 0.6304799914360046 0
vn 0.7471399903297424 0.6646699905395508 0
vn 0 0 1
vn 0.6593000292778015 -0.7517899870872498 0.01147000025957823
vn 0.673740029335022 -0.7389600276947021 0.003409999888390303
vn 0.7013000249862671 -0.7128700017929077 0
vn 0.5321599841117859 -0.8463699817657471 0.02144999988377094
vn 0.5555700063705444 -0.8314700126647949 0.002719999989494681
vn 0.5814800262451172 -0.8135600090026855 0.0007600000244565308
vn 0.6070399880409241 -0.7946699857711792 0
vn 0.6303399801254272 -0.7763199806213379 0
vn 0.4007099866867065 -0.9161999821662903 0
vn 0.4455099999904633 -0.8952100276947021 0.01066000014543533
vn 0.4422700107097626 -0.89683997631073 0.008689999580383301
vn 0.4861100018024445 -0.8738999962806702 0
vn 0.5034899711608887 -0.8640000224113464 0
vn 0.2549600005149841 -0.966949999332428 0
vn 0.2835200130939484 -0.9589700102806091 0
vn 0.3214200139045715 -0.9468700289726257 0.01123000029474497
vn 0.3361000120639801 -0.9418200254440308 0.004430000204592943
vn 0.3732999861240387 -0.9277099967002869 0
vn 0.1407600045204163 -0.9900400042533875 0
vn 0.1950899958610535 -0.9807699918746948 0.006260000169277191
vn 0.180419996380806 -0.9834700226783752 0.01528999954462051
vn 0.2304800003767014 -0.9730799794197083 0.001109999953769147
vn 0.01638999953866005 -0.9998700022697449 0
vn 0.06238999962806702 -0.9980199933052063 0.008299999870359898
vn 0.06539999693632126 -0.9978100061416626 0.009820000268518925
vn 0.09759999811649323 -0.9952200055122375 0.002929999958723783
vn 0.1168899983167648 -0.9931399822235107 0
vn -0.1295800060033798 -0.991569995880127 0
vn -0.1159500032663345 -0.9932600259780884 0.0001400000037392601
vn -0.08611000329256058 -0.9962700009346008 0.004679999779909849
vn -0.06539999693632126 -0.9977899789810181 0.011739999987185
vn -0.04774999991059303 -0.9988499879837036 0.005030000116676092
vn -0.01326000038534403 -0.9999099969863892 0
vn -0.1950899958610535 -0.9807800054550171 0.004470000043511391
vn -0.2164600044488907 -0.9761099815368652 0.01854000054299831
vn -0.159060001373291 -0.9872699975967407 0
vn -0.3704999983310699 -0.9288300275802612 -0
vn -0.3304100036621094 -0.9438199996948242 0.006190000101923943
vn -0.3214200139045715 -0.9468799829483032 0.01066000014543533
vn -0.2806299924850464 -0.9598199725151062 0
vn -0.2520900070667267 -0.9677000045776367 0
vn -0.501010000705719 -0.8654400110244751 -0
vn -0.4750199913978577 -0.8799800276756287 0
vn -0.4422599971294403 -0.896809995174408 0.01159000024199486
vn -0.4226599931716919 -0.9062899947166443 0.002769999904558063
vn -0.3889900147914886 -0.921239972114563 0
vn -0.6047800183296204 -0.7963899970054626 0
vn -0.5555700063705444 -0.8314700126647949 0.003329999977722764
vn -0.5767300128936768 -0.8166800141334534 0.02047000080347061
vn -0.5274500250816345 -0.849590003490448 0.0003999999898951501
vn -0.6281099915504456 -0.7781199812889099 -0
vn -0.659309983253479 -0.7517899870872498 0.01104999985545874
vn -0.6621699929237366 -0.7492899894714355 0.009349999949336052
vn -0.7284799814224243 -0.6850699782371521 0.002129999920725822
vn -0.7133600115776062 -0.7008000016212463 0
vn -0.6922299861907959 -0.7216799855232239 0
vn 0.7223600149154663 -0.691510021686554 0
vn 0.7517099976539612 -0.6592400074005127 0.01830999925732613
vn 0.766040027141571 -0.6427900195121765 0
vn 0.8314700126647949 -0.5555700063705444 0
vn 0.8968700170516968 -0.4422900080680847 0
vn 0.9469299912452698 -0.3214400112628937 0
vn 0.9807900190353394 -0.1950899958610535 0
vn 0.9978600144386292 -0.06539999693632126 0
vn 0.9978600144386292 0.06539999693632126 0
vn 0.9807900190353394 0.1950899958610535 0
vn 0.9469299912452698 0.3214400112628937 0
vn 0.8968700170516968 0.4422900080680847 0
vn 0.8314700126647949 0.5555700063705444 0
vn 0.7518399953842163 0.6593499779701233 0
vn 0.6593499779701233 0.7518399953842163 0
vn 0.5555700063705444 0.8314700126647949 0
vn 0.4422900080680847 0.8968700170516968 0
vn 0.3214400112628937 0.9469299912452698 0
vn 0.1950899958610535 0.9807900190353394 0
vn 0.06539999693632126 0.9978600144386292 0
vn -0.06539999693632126 0.9978600144386292 0
vn -0.1950899958610535 0.9807900190353394 0
vn -0.3214400112628937 0.9469299912452698 0
vn -0.4422900080680847 0.8968700170516968 0
vn -0.5555700063705444 0.8314700126647949 0
vn -0.6593499779701233 0.7518399953842163 0
vn -0.7518399953842163 0.6593499779701233 0
vn -0.8314700126647949 0.5555700063705444 0
vn -0.8968700170516968 0.4422900080680847 0
vn -0.9469299912452698 0.3214400112628937 0
vn -0.9807900190353394 0.1950899958610535 0
vn -0.9978600144386292 0.06539999693632126 0
vn -0.9978600144386292 -0.06539999693632126 0
vn -0.9807900190353394 -0.1950899958610535 0
vn -0.9469299912452698 -0.3214400112628937 0
vn -0.8968700170516968 -0.4422900080680847 0
vn -0.8314700126647949 -0.5555700063705444 0
vn -0.7518399953842163 -0.6593499779701233 0
vn -0.7657600045204163 -0.642549991607666 0.02745000086724758
vn -0.7223600149154663 -0.691510021686554 -0
vn 0 0 -1
vn -0.6755899786949158 -0.737280011177063 0
vn 0.6755899786949158 -0.737280011177063 0
vn -0.02019999921321869 0.3894200026988983 -0.9208400249481201
vn -0.05445000156760216 0.09612999856472015 -0.9938799738883972
vn 0.2474000006914139 0.2765800058841705 -0.928600013256073
vn 0.1890600025653839 0.1994599997997284 -0.9614999890327454
vn 0.06724999845027924 0.0914900004863739 -0.9935299754142761
vn 0.005940000060945749 0.04475999996066093 -0.9989799857139587
vn 0.5222899913787842 0.5787000060081482 -0.6263599991798401
vn 0.1940300017595291 0.8533700108528137 -0.4838500022888184
vn 0.4194700121879578 0.4663699865341187 -0.7788100242614746
vn 0.1837799996137619 0.8078799843788147 -0.5599600076675415
vn -0.1161800026893616 0.9126700162887573 -0.3918299973011017
vn -0.1610299944877625 0.647409975528717 -0.7449399828910828
vn 0.579770028591156 0.5725399851799011 -0.5796999931335449
vn 0.3809800148010254 0.8319699764251709 -0.4033400118350983
vn 0.3498899936676025 0.886650025844574 -0.3023599982261658
vn -0.1706099957227707 0.9430099725723267 -0.2856999933719635
vn -0.4021300077438354 0.8532900214195251 -0.3319399952888489
vn -0.5691999793052673 0.5956799983978271 -0.5667200088500977
vn -0.5857200026512146 0.5686399936676025 -0.5775700211524963
vn -0.5934699773788452 0.5679500102996826 -0.5702800154685974
vn -0.4887000024318695 0.7439699769020081 -0.4557200074195862
vn -0.5050399899482727 0.7163400053977966 -0.4814499914646149
vn -0.5256100296974182 0.7020300030708313 -0.4805099964141846
vn -0.4473699927330017 0.7869200110435486 -0.4249899983406067
vn -0.4642699956893921 0.7799199819564819 -0.4197399914264679
vn -0.458299994468689 0.7813000082969666 -0.4237000048160553
vn -0.4713599979877472 0.7597100138664246 -0.447950005531311
vn -0.4912700057029724 0.7434800267219543 -0.4537500143051147
vn -0.4283899962902069 0.8067799806594849 -0.4069199860095978
vn -0.4243499934673309 0.8152499794960022 -0.3940599858760834
vn -0.4152700006961823 0.8194000124931335 -0.3951300084590912
vn -0.3420400023460388 0.8870800137519836 -0.3099899888038635
vn -0.2371200025081635 0.9358800053596497 -0.2605800032615662
vn -0.2623000144958496 0.9236199855804443 -0.2795099914073944
vn -0.02503000013530254 0.9760500192642212 -0.2161200046539307
vn -0.07575999945402145 0.970740020275116 -0.2278600037097931
vn -0.07466000318527222 0.969760000705719 -0.2323399931192398
vn -0.1127799972891808 0.9677000045776367 -0.225490003824234
vn -0.1248600035905838 0.970740020275116 -0.2051199972629547
vn -0.1397500038146973 0.9592400193214417 -0.2456099987030029
vn -0.1868499964475632 0.9581400156021118 -0.2169000059366226
vn 0.03562000021338463 0.9792100191116333 -0.1996899992227554
vn 0.003789999987930059 0.9754999876022339 -0.2199700027704239
vn -0.02407000027596951 0.9752200245857239 -0.2199099957942963
vn 0.02479000017046928 0.96670001745224 -0.2547000050544739
vn 0.07515999674797058 0.9762600064277649 -0.2031400054693222
vn 0.0749799981713295 0.9764000177383423 -0.2025399953126907
vn 0.2179200053215027 0.941510021686554 -0.2570300102233887
vn 0.1688999980688095 0.9564399719238281 -0.2381100058555603
vn 0.2723999917507172 0.9154599905014038 -0.2962000072002411
vn 0.3753600120544434 0.8845099806785583 -0.2770400047302246
vn 0.4254699945449829 0.7251899838447571 -0.5413699746131897
vn 0.4537099897861481 0.7734500169754028 -0.4426299929618835
vn 0.4362500011920929 0.8118399977684021 -0.3880800008773804
vn 0.4228399991989136 0.8123400211334229 -0.401639997959137
vn 0.4504599869251251 0.7835500240325928 -0.4279400110244751
vn 0.4803000092506409 0.77565997838974 -0.4094699919223785
vn 0.5202699899673462 0.6962599754333496 -0.4945200085639954
vn 0.5386199951171875 0.6611199975013733 -0.5223199725151062
vn 0.5588799715042114 0.6193299889564514 -0.5514299869537354
vn 0.5821099877357483 0.6142799854278564 -0.5327399969100952
vn 0.5602999925613403 0.6222400069236755 -0.5467000007629395
vn -0.4194700121879578 0.4663699865341187 -0.7788100242614746
vn -0.4217700064182281 0.4706700146198273 -0.7749699950218201
vn -0.4555799961090088 0.5072199702262878 -0.7315599918365479
vn -0.4809499979019165 0.5212399959564209 -0.7049800157546997
vn -0.484580010175705 0.5257599949836731 -0.6991199851036072
vn -0.3006399869918823 0.5999400019645691 -0.7414100170135498
vn -0.328359991312027 0.5828800201416016 -0.7432600259780884
vn -0.2551800012588501 0.6636599898338318 -0.7031599879264832
vn -0.2862800061702728 0.6485999822616577 -0.70524001121521
vn -0.2489099949598312 0.6075900197029114 -0.7542399764060974
vn -0.5611299872398376 0.6219499707221985 -0.5461800098419189
vn -0.5612099766731262 0.6219199895858765 -0.5461300015449524
vn -0.5222899913787842 0.5787000060081482 -0.6263599991798401
vn -0.5741099715232849 0.5656300187110901 -0.5920000076293945
vn -0.5569800138473511 0.5568900108337402 -0.6161500215530396
vn -0.5792499780654907 0.5792099833488464 -0.5735700130462646
vn -0.5301499962806702 0.5614799857139587 -0.6353600025177002
vn -0.503000020980835 0.5458999872207642 -0.6700699925422668
vn -0.4486699998378754 0.682889997959137 -0.5764999985694885
vn -0.4467200040817261 0.6973199844360352 -0.5605199933052063
vn -0.420879989862442 0.7173500061035156 -0.5552300214767456
vn -0.4183000028133392 0.7303000092506409 -0.5400800108909607
vn -0.3902300000190735 0.749530017375946 -0.5347200036048889
vn -0.3871900141239166 0.7609500288963318 -0.5206000208854675
vn -0.3568699955940247 0.7791900038719177 -0.5152699947357178
vn -0.2257300019264221 0.6847500205039978 -0.6929399967193604
vn -0.2563500106334686 0.7240599989891052 -0.6403300166130066
vn -0.2225099951028824 0.6262400150299072 -0.7472000122070312
vn -0.2196699976921082 0.620930016040802 -0.7524499893188477
vn -0.1912499964237213 0.5380300283432007 -0.8209400177001953
vn -0.1599099934101105 0.711679995059967 -0.6840599775314331
vn -0.1708499938249588 0.7613199949264526 -0.625469982624054
vn -0.1913100033998489 0.7553499937057495 -0.62677001953125
vn -0.2718000113964081 0.8134999871253967 -0.5141400098800659
vn -0.2980299890041351 0.8020399808883667 -0.5175999999046326
vn -0.3154000043869019 0.8088799715042114 -0.4962199926376343
vn -0.353549987077713 0.789080023765564 -0.5023499727249146
vn -0.02342000044882298 0.9224299788475037 -0.385450005531311
vn 0.0362900011241436 0.7346299886703491 -0.6775000095367432
vn 0.03900999948382378 0.7908099889755249 -0.6108099818229675
vn -0.03923000022768974 0.7908099889755249 -0.6108099818229675
vn -0.04159000143408775 0.8392199873924255 -0.5422000288963318
vn -0.1041399985551834 0.8323299884796143 -0.5444099903106689
vn -0.1093000024557114 0.8739500045776367 -0.4735600054264069
vn -0.1535400003194809 0.8659200072288513 -0.4760299921035767
vn -0.159620001912117 0.9004499912261963 -0.4046199917793274
vn -0.2059800028800964 0.8890799880027771 -0.4087899923324585
vn -0.2123699933290482 0.9167799949645996 -0.3382599949836731
vn -0.2603799998760223 0.9018999934196472 -0.3446399867534637
vn -0.2673999965190887 0.9262499809265137 -0.2656199932098389
vn -0.30935999751091 0.9015399813652039 -0.3025200068950653
vn 0.2215999960899353 0.6265799999237061 -0.747189998626709
vn 0.1615799963474274 0.6472300291061401 -0.7449700236320496
vn 0.1251199990510941 0.7197499871253967 -0.6828600168228149
vn 0.1345600038766861 0.7751399874687195 -0.6172900199890137
vn 0.0971900001168251 0.7817400097846985 -0.6159899830818176
vn 0.1033900007605553 0.8324300050735474 -0.5443999767303467
vn 0.04188000038266182 0.8392000198364258 -0.5422099828720093
vn 0.2837600111961365 0.6099200248718262 -0.7399200201034546
vn 0.3197599947452545 0.7130600214004517 -0.6239399909973145
vn 0.3127300143241882 0.7096499800682068 -0.6313400268554688
vn 0.3503499925136566 0.687969982624054 -0.6355800032615662
vn 0.4414199888706207 0.6889899969100952 -0.5748400092124939
vn 0.4048500061035156 0.6314700245857239 -0.6613199710845947
vn 0.3945800065994263 0.6283000111579895 -0.6704800128936768
vn 0.3898400068283081 0.4417200088500977 -0.8080300092697144
vn 0.4217700064182281 0.4706700146198273 -0.7749699950218201
vn 0.3732599914073944 0.5155400037765503 -0.7712900042533875
vn 0.3862499892711639 0.5245299935340881 -0.7587400078773499
vn 0.3322399854660034 0.5657100081443787 -0.7547199726104736
vn 0.3815000057220459 0.6071199774742126 -0.6970300078392029
vn 0.328359991312027 0.5828800201416016 -0.7432600259780884
vn 0.3695600032806396 0.6573500037193298 -0.6567500233650208
vn 0.02342000044882298 0.9224299788475037 -0.385450005531311
vn 0.04799000173807144 0.9546599984169006 -0.2938199937343597
vn 0.06998000293970108 0.9182500243186951 -0.3897599875926971
vn 0.1599099934101105 0.711679995059967 -0.6840599775314331
vn 0.1714700013399124 0.7641500234603882 -0.6218299865722656
vn 0.135000005364418 0.7728000283241272 -0.6201300024986267
vn 0.1437200009822845 0.8234599828720093 -0.5488700270652771
vn 0.1039299964904785 0.8306000232696533 -0.5470899939537048
vn 0.1095200031995773 0.8757399916648865 -0.4702000021934509
vn 0.04403999820351601 0.8829399943351746 -0.4674200117588043
vn 0.04447999969124794 0.8843200206756592 -0.4647499918937683
vn -0.04447999969124794 0.8843200206756592 -0.4647499918937683
vn -0.04799000173807144 0.9546599984169006 -0.2938199937343597
vn -0.06998000293970108 0.9182500243186951 -0.3897599875926971
vn 0.1719100028276443 0.7610200047492981 -0.625540018081665
vn 0.1831399947404861 0.8114299774169922 -0.5550100207328796
vn 0.1443500071763992 0.8207899928092957 -0.5526900291442871
vn 0.1518200039863586 0.8636500239372253 -0.4806900024414062
vn 0.1253200024366379 0.8263499736785889 -0.5490300059318542
vn 0.1426199972629547 0.9411900043487549 -0.3063200116157532
vn 0.1161800026893616 0.9126700162887573 -0.3918299973011017
vn 0.1880799978971481 0.7563499808311462 -0.626550018787384
vn 0.1926099956035614 0.6964899897575378 -0.6912400126457214
vn 0.2072499990463257 0.7504500150680542 -0.627590000629425
vn 0.2049899995326996 0.7732899785041809 -0.6000000238418579
vn 0.2229799926280975 0.7958999872207642 -0.5628700256347656
vn 0.2344900071620941 0.8374000191688538 -0.4937399923801422
vn 0.1949200034141541 0.8496099710464478 -0.4900799989700317
vn 0.2040400058031082 0.8895999789237976 -0.4086399972438812
vn 0.1611299961805344 0.9001100063323975 -0.4047699868679047
vn 0.16703000664711 0.9331899881362915 -0.3182100057601929
vn 0.1211000010371208 0.9414899945259094 -0.3145399987697601
vn 0.1200499981641769 0.9432299733161926 -0.3096800148487091
vn 0.07304999977350235 0.9488400220870972 -0.3071799874305725
vn 0.07237000018358231 0.9498299956321716 -0.3042899966239929
vn 0.02443999983370304 0.9526699781417847 -0.3030200004577637
vn 0.02418999932706356 0.9529799818992615 -0.3020699918270111
vn -0.02443999983370304 0.952970027923584 -0.3020600080490112
vn -0.02418999932706356 0.9526799917221069 -0.3030099868774414
vn -0.07311999797821045 0.9497600197792053 -0.3043000102043152
vn -0.07230000197887421 0.9489200115203857 -0.3071399927139282
vn -0.121299996972084 0.9430500268936157 -0.3097400069236755
vn -0.1198600009083748 0.9416800141334534 -0.3144299983978271
vn -0.1687700003385544 0.9328299760818481 -0.318340003490448
vn 0.220890000462532 0.9431599974632263 -0.248319998383522
vn 0.2145700007677078 0.9161499738693237 -0.3385699987411499
vn 0.2577199935913086 0.9027900099754333 -0.3443000018596649
vn 0.247859999537468 0.8681600093841553 -0.4299499988555908
vn 0.2876999974250793 0.8530899882316589 -0.4352799952030182
vn 0.2740899920463562 0.812529981136322 -0.514460027217865
vn 0.3105399906635284 0.7962999939918518 -0.51910001039505
vn 0.2871400117874146 0.7357800006866455 -0.6133300065994263
vn 0.2811599969863892 0.7325000166893005 -0.6199899911880493
vn 0.2551800012588501 0.6636599898338318 -0.7031599879264832
vn 0.2862800061702728 0.6485999822616577 -0.70524001121521
vn 0.3208000063896179 0.889240026473999 -0.326090008020401
vn 0.3131400048732758 0.9082199931144714 -0.2776199877262115
vn 0.3023000061511993 0.8767600059509277 -0.3740400075912476
vn 0.341949999332428 0.8588700294494629 -0.3813199996948242
vn 0.3432700037956238 0.8518999814987183 -0.3955099880695343
vn 0.3487699925899506 0.865559995174408 -0.3594099879264832
vn 0.3760699927806854 0.862089991569519 -0.3396700024604797
vn 0.3964200019836426 0.8309199810028076 -0.390419989824295
vn 0.4191499948501587 0.8169699907302856 -0.3960799872875214
vn 0.3836300075054169 0.7538800239562988 -0.5333799719810486
vn 0.3939599990844727 0.7567099928855896 -0.5217099785804749
vn 0.3507300019264221 0.7827299833297729 -0.5141199827194214
vn 0.3598200082778931 0.7856500148773193 -0.5032699704170227
vn 0.30935999751091 0.8118500113487244 -0.495169997215271
vn 0.3299300074577332 0.8285800218582153 -0.452320009469986
vn 0.2887699902057648 0.8471800088882446 -0.4459800124168396
vn 0.3007700145244598 0.8825100064277649 -0.3615500032901764
vn 0.2593100070953369 0.8981900215148926 -0.3549700081348419
vn 0.2674799859523773 0.9265199899673462 -0.2645899951457977
vn 0.2441399991512299 0.9325900077819824 -0.265859991312027
vn 0.5386800169944763 0.6620100140571594 -0.521120011806488
vn 0.5027099847793579 0.6177099943161011 -0.6047400236129761
vn 0.4876700043678284 0.6163300275802612 -0.6183099746704102
vn 0.4541999995708466 0.6913099884986877 -0.5619500279426575
vn 0.4138999879360199 0.7225599884986877 -0.5537099838256836
vn 0.3787400126457214 0.6607000231742859 -0.6480900049209595
vn 0.3422499895095825 0.6845399737358093 -0.6436499953269958
vn 0.3279600143432617 0.6554800271987915 -0.6802899837493896
vn 0.2489099949598312 0.6075900197029114 -0.7542399764060974
vn 0.2205300033092499 0.6205499768257141 -0.7525200247764587
vn 0.2563500106334686 0.7240599989891052 -0.6403300166130066
vn 0.2257300019264221 0.6847500205039978 -0.6929399967193604
vn 0.247759997844696 0.7528799772262573 -0.609749972820282
vn 0.2527300119400024 0.7559400200843811 -0.6038900017738342
vn 0.2734000086784363 0.818340003490448 -0.5055400133132935
vn 0.2353399991989136 0.8326299786567688 -0.5013399720191956
vn 0.2466800063848495 0.8729699850082397 -0.4208000004291534
vn 0.2052299976348877 0.8858299851417542 -0.4161500036716461
vn 0.2130499929189682 0.919700026512146 -0.329800009727478
vn 0.1683599948883057 0.9305899739265442 -0.3250400125980377
vn 0.1719799935817719 0.9506300091743469 -0.2583099901676178
vn 0.124499998986721 0.9679499864578247 -0.2180899977684021
vn 0.1329499930143356 0.9724799990653992 -0.1913300007581711
vn 0.1036399975419044 0.9650400280952454 -0.2407499998807907
vn 0.484580010175705 0.5257599949836731 -0.6991199851036072
vn 0.503000020980835 0.5458999872207642 -0.6700699925422668
vn 0.5628100037574768 0.5794199705123901 -0.5895000100135803
vn 0.5437099933624268 0.5435900092124939 -0.6394400000572205
vn 0.5736899971961975 0.5736299753189087 -0.5846599936485291
vn 0.6257299780845642 0.4519400000572205 -0.6357799768447876
vn 0.5943300127983093 0.5493999719619751 -0.5873100161552429
vn 0.4555799961090088 0.5072199702262878 -0.7315599918365479
vn 0.4809499979019165 0.5212399959564209 -0.7049800157546997
vn 0.4247399866580963 0.5777400135993958 -0.6970000267028809
vn 0.4851000010967255 0.6130599975585938 -0.6235600113868713
vn 0.4285599887371063 0.6004800200462341 -0.6751000285148621
vn 0.4660600125789642 0.6534500122070312 -0.5964699983596802
vn 0.4799999892711639 0.6553599834442139 -0.5831800103187561
vn 0.51801997423172 0.7073900103569031 -0.4808900058269501
vn 0.4810099899768829 0.7322199940681458 -0.4821699857711792
vn 0.5188199877738953 0.737309992313385 -0.4326600134372711
vn 0.4906400144100189 0.7440000176429749 -0.4535700082778931
vn 0.06683000177145004 0.2383099943399429 -0.9688900113105774
vn 0.08241000026464462 0.3056100010871887 -0.9485800266265869
vn 0.04961999878287315 0.3118999898433685 -0.9488199949264526
vn 0.05982999876141548 0.3855400085449219 -0.9207500219345093
vn 0.01999999955296516 0.3894400000572205 -0.9208400249481201
vn 0.02353999949991703 0.4657900035381317 -0.8845800161361694
vn -0.02339999936521053 0.4657900035381317 -0.8845800161361694
vn -0.379830002784729 0.8406000137329102 -0.3861599862575531
vn -0.3809800148010254 0.8319699764251709 -0.4033400118350983
vn -0.3398700058460236 0.8536099791526794 -0.3947699964046478
vn -0.3299300074577332 0.8285800218582153 -0.452320009469986
vn -0.2861000001430511 0.8483200073242188 -0.4455400109291077
vn -0.2757300138473511 0.8174099922180176 -0.5057700276374817
vn -0.2333700060844421 0.833329975605011 -0.5011000037193298
vn -0.2229799926280975 0.7958999872207642 -0.5628700256347656
vn -0.1824299991130829 0.8082600235939026 -0.5598499774932861
vn -0.1725499927997589 0.7638800144195557 -0.6218600273132324
vn -0.1341899931430817 0.7729799747467041 -0.6200799942016602
vn -0.1251199990510941 0.7197499871253967 -0.6828600168228149
vn -0.1149699985980988 0.7783899903297424 -0.6171600222587585
vn -0.09895999729633331 0.6672300100326538 -0.7382500171661377
vn -0.03317999839782715 0.674560010433197 -0.7374699711799622
vn -0.03010999970138073 0.609790027141571 -0.7919899821281433
vn 0.03009999915957451 0.609790027141571 -0.7919899821281433
vn 0.02683000080287457 0.5404099822044373 -0.8409799933433533
vn 0.07986000180244446 0.534850001335144 -0.8411700129508972
vn 0.0700099989771843 0.4648300111293793 -0.8826299905776978
vn 0.1071000024676323 0.4573000073432922 -0.8828399777412415
vn -0.3112100064754486 0.9026200175285339 -0.2973800003528595
vn -0.303849995136261 0.8812599778175354 -0.3620199859142303
vn -0.2566699981689453 0.8991199731826782 -0.35453000664711
vn -0.2490099966526031 0.872189998626709 -0.4210399985313416
vn -0.2033099979162216 0.8863800168037415 -0.4159199893474579
vn -0.1956800073385239 0.8529400229454041 -0.4839499890804291
vn -0.1518200039863586 0.8636500239372253 -0.4806900024414062
vn -0.1447799950838089 0.8232499957084656 -0.5489100217819214
vn -0.1031799986958504 0.8307200074195862 -0.5470499992370605
vn -0.09736999869346619 0.7832599878311157 -0.6140199899673462
vn -0.03894999995827675 0.789650022983551 -0.6123200058937073
vn -0.03632999956607819 0.7355300188064575 -0.6765199899673462
vn 0.03618000075221062 0.7355300188064575 -0.6765199899673462
vn 0.03325999900698662 0.6745499968528748 -0.7374799847602844
vn 0.09865999966859818 0.6672700047492981 -0.7382599711418152
vn 0.08942999690771103 0.6026700139045715 -0.792959988117218
vn 0.1379099935293198 0.592199981212616 -0.7939000129699707
vn 0.1076299995183945 0.4239999949932098 -0.8992400169372559
vn 0.1314799934625626 0.5248200297355652 -0.8410000205039978
vn 0.07986000180244446 0.5357699990272522 -0.8405799865722656
vn 0.08942999690771103 0.6032999753952026 -0.7924799919128418
vn 0.03009999915957451 0.60971999168396 -0.7920399904251099
vn 0.03320999816060066 0.6750900149345398 -0.7369899749755859
vn -0.03328999876976013 0.6750800013542175 -0.7369899749755859
vn -0.03613999858498573 0.7346400022506714 -0.6774899959564209
vn -0.09019000083208084 0.7288100123405457 -0.6787499785423279
vn -0.09661000221967697 0.7818300127983093 -0.6159600019454956
vn -0.1353799998760223 0.7749800086021423 -0.6173099875450134
vn -0.1433099955320358 0.8210200071334839 -0.552619993686676
vn -0.1845099925994873 0.8110799789428711 -0.5550799965858459
vn -0.1932899951934814 0.8500800132751465 -0.4899100065231323
vn -0.2364999949932098 0.8367400169372559 -0.4939000010490417
vn -0.2455600053071976 0.8689799904823303 -0.4296199977397919
vn -0.2904100120067596 0.8519999980926514 -0.4356099963188171
vn -0.2992599904537201 0.8780500292778015 -0.3734500110149384
vn -0.3454099893569946 0.8572199940681458 -0.3819299936294556
vn -0.3570599853992462 0.8861700296401978 -0.295309990644455
vn -0.3641400039196014 0.8695200085639954 -0.3336800038814545
vn 0.1008099988102913 0.1846799999475479 -0.977620005607605
vn 0.09497000277042389 0.1646600067615509 -0.9817699790000916
vn 0.07450000196695328 0.1164000034332275 -0.9904099702835083
vn 0.09077999740839005 0.1088699996471405 -0.9898999929428101
vn 0.1167600005865097 0.1771000027656555 -0.9772400259971619
vn 0.1597000062465668 0.1536000072956085 -0.9751399755477905
vn 0.1642400026321411 0.1579799950122833 -0.9736899733543396
vn 0.1467200070619583 0.1700599938631058 -0.9744499921798706
vn 0.1301800012588501 0.154789999127388 -0.9793300032615662
vn 0.1135699972510338 0.164340004324913 -0.9798399806022644
vn 0.2905800044536591 0.3301399946212769 -0.8980900049209595
vn 0.2979399859905243 0.3354800045490265 -0.8936899900436401
vn 0.2638599872589111 0.3623799979686737 -0.8938999772071838
vn 0.2638899981975555 0.3623999953269958 -0.8938800096511841
vn 0.229200005531311 0.3851999938488007 -0.8939200043678284
vn 0.2275899946689606 0.3835600018501282 -0.8950300216674805
vn 0.1912499964237213 0.4029499888420105 -0.8950099945068359
vn 0.1887599974870682 0.3998199999332428 -0.8969500064849854
vn 0.2176699936389923 0.2358700037002563 -0.9470900297164917
vn 0.2331299930810928 0.2512199878692627 -0.9394299983978271
vn 0.2061399966478348 0.2710599899291992 -0.9402300119400024
vn 0.1982299983501434 0.2640700042247772 -0.9439100027084351
vn 0.1746200025081635 0.2785399854183197 -0.9444199800491333
vn 0.1660500019788742 0.2693000137805939 -0.9486299753189087
vn 0.1420000046491623 0.2812899947166443 -0.9490600228309631
vn 0.1338099986314774 0.2705000042915344 -0.9533699750900269
vn 0.1063800007104874 0.2811999917030334 -0.9537299871444702
vn 0.1508100032806396 0.4156700074672699 -0.8969299793243408
vn 0.1481499969959259 0.4115599989891052 -0.8992599844932556
vn -0.1597000062465668 0.1536000072956085 -0.9751399755477905
vn -0.1642400026321411 0.1579799950122833 -0.9736899733543396
vn -0.1122199967503548 0.1651100069284439 -0.9798700213432312
vn -0.09077999740839005 0.1088699996471405 -0.9898999929428101
vn -0.07721000164747238 0.1151499971747398 -0.990339994430542
vn -0.2331299930810928 0.2512199878692627 -0.9394299983978271
vn -0.2176699936389923 0.2358700037002563 -0.9470900297164917
vn -0.1890600025653839 0.1994599997997284 -0.9614999890327454
vn -0.005940000060945749 0.04475999996066093 -0.9989799857139587
vn -0.005650000181049109 0.04932000115513802 -0.998769998550415
vn -0.01772000081837177 0.04828000068664551 -0.9986799955368042
vn -0.01805000007152557 0.06097999960184097 -0.997979998588562
vn -0.02889999933540821 0.05908999964594841 -0.9978299736976624
vn -0.05173999816179276 0.1585800051689148 -0.9859899878501892
vn -0.06812000274658203 0.1540900021791458 -0.9857100248336792
vn -0.1035099998116493 0.2822999954223633 -0.9537199735641479
vn -0.09318000078201294 0.2308599948883057 -0.9685099720954895
vn -0.0681999996304512 0.2379299998283386 -0.9688900113105774
vn -0.04645000025629997 0.1435499936342239 -0.9885500073432922
vn -0.02862000092864037 0.1467500030994415 -0.9887599945068359
vn -0.02834000065922737 0.1360300034284592 -0.9902999997138977
vn -0.009259999729692936 0.1377200037240982 -0.9904299974441528
vn -0.009510000236332417 0.1338299959897995 -0.9909600019454956
vn 0.009510000236332417 0.1338299959897995 -0.9909600019454956
vn 0.005650000181049109 0.04932000115513802 -0.998769998550415
vn 0.01772000081837177 0.04828000068664551 -0.9986799955368042
vn -0.297789990901947 0.3355999886989594 -0.8937000036239624
vn -0.2701399922370911 0.3047699928283691 -0.9133099913597107
vn -0.2474000006914139 0.2765800058841705 -0.928600013256073
vn -0.3898400068283081 0.4417200088500977 -0.8080300092697144
vn -0.3618400096893311 0.4090000092983246 -0.8377299904823303
vn -0.361409991979599 0.408160001039505 -0.8383200168609619
vn -0.3278999924659729 0.3748199939727783 -0.8671799898147583
vn -0.2973999977111816 0.3347800076007843 -0.8941299915313721
vn -0.06435000151395798 0.09254000335931778 -0.9936299920082092
vn -0.1030099987983704 0.1836400032043457 -0.9775800108909607
vn -0.1196700036525726 0.175709992647171 -0.9771400094032288
vn -0.1689199954271317 0.2678500115871429 -0.9485399723052979
vn -0.1719799935817719 0.2801400125026703 -0.9444299936294556
vn -0.2281499952077866 0.3832499980926514 -0.8950200080871582
vn -0.2286899983882904 0.3855200111865997 -0.8939099907875061
vn -0.2847500145435333 0.4862500131130219 -0.8261200189590454
vn -0.2833200097084045 0.4799099862575531 -0.8303099870681763
vn -0.3470000028610229 0.5916500091552734 -0.7276999950408936
vn -0.3484899997711182 0.5537199974060059 -0.7562800049781799
vn -0.5377699732780457 0.6608899831771851 -0.5234799981117249
vn -0.4951800107955933 0.608430027961731 -0.620169997215271
vn -0.4949199855327606 0.6255699992179871 -0.6031000018119812
vn -0.4432699978351593 0.5598199963569641 -0.7000799775123596
vn -0.4438599944114685 0.6041799783706665 -0.6617799997329712
vn -0.3772000074386597 0.5120300054550171 -0.7717099785804749
vn -0.3819600045681 0.5279399752616882 -0.7585399746894836
vn -0.3216499984264374 0.4421299993991852 -0.8373000025749207
vn -0.3244099915027618 0.4508599936962128 -0.8315600156784058
vn -0.2638700008392334 0.3623700141906738 -0.8938999772071838
vn -0.2638800144195557 0.3624100089073181 -0.8938800096511841
vn -0.2039600014686584 0.2726399898529053 -0.9402499794960022
vn -0.2006299942731857 0.2625899910926819 -0.9438199996948242
vn -0.1422100067138672 0.1731400042772293 -0.9745799899101257
vn -0.1351400017738342 0.1519200056791306 -0.9791100025177002
vn -0.1493300050497055 0.4111799895763397 -0.8992400169372559
vn -0.1145500019192696 0.305869996547699 -0.9451599717140198
vn -0.08449999988079071 0.3146399855613708 -0.9454399943351746
vn -0.06396999955177307 0.2260099947452545 -0.9720199704170227
vn -0.03915999829769135 0.2306099981069565 -0.9722599983215332
vn -0.03894999995827675 0.2219499945640564 -0.9742799997329712
vn -0.01288000028580427 0.2243400067090988 -0.9744300246238708
vn -0.01308999955654144 0.2211599946022034 -0.9751499891281128
vn 0.01308999955654144 0.2211599946022034 -0.9751499891281128
vn 0.009259999729692936 0.1377200037240982 -0.9904299974441528
vn 0.02834000065922737 0.1360300034284592 -0.9902999997138977
vn 0.01805000007152557 0.06097999960184097 -0.997979998588562
vn 0.03101000003516674 0.0587100014090538 -0.9977899789810181
vn -0.0604499988257885 0.3899999856948853 -0.9188299775123596
vn -0.05928999930620193 0.385589987039566 -0.9207599759101868
vn -0.07034000009298325 0.4647600054740906 -0.88264000415802
vn -0.08935000002384186 0.6026899814605713 -0.792959988117218
vn -0.1472100019454956 0.5900200009346008 -0.7938600182533264
vn -0.1347800046205521 0.558650016784668 -0.8183799982070923
vn -0.1913599967956543 0.5401399731636047 -0.8195300102233887
vn -0.1496900022029877 0.4161199927330017 -0.8968999981880188
vn 0.05003000050783157 0.1590500026941299 -0.9860000014305115
vn 0.06539999693632126 0.2257400006055832 -0.9719899892807007
vn 0.03915999829769135 0.2306099981069565 -0.9722599983215332
vn 0.04946999996900558 0.3053100109100342 -0.9509699940681458
vn 0.0164599996060133 0.3084399998188019 -0.9510999917984009
vn 0.02012000046670437 0.3876799941062927 -0.9215700030326843
vn -0.01991000026464462 0.387690007686615 -0.9215800166130066
vn -0.02359000034630299 0.4668700098991394 -0.8840100169181824
vn -0.06964000314474106 0.4621999859809875 -0.8840399980545044
vn -0.295879989862442 0.6368200182914734 -0.7119799852371216
vn -0.2396000027656555 0.5120999813079834 -0.8248299956321716
vn -0.2401600033044815 0.5161700248718262 -0.822130024433136
vn -0.1903499960899353 0.4034200012683868 -0.8949900269508362
vn -0.1897200047969818 0.3994100093841553 -0.8969299793243408
vn -0.1391199976205826 0.2827099859714508 -0.9490600228309631
vn -0.1368899941444397 0.2692799866199493 -0.953279972076416
vn -0.09262000024318695 0.1655399948358536 -0.9818400144577026
vn -0.07616999745368958 0.1716700047254562 -0.9822099804878235
vn -0.04467000067234039 0.07463999837636948 -0.996209979057312
vn -0.03522999957203865 0.07716000080108643 -0.996399998664856
vn 0.03317999839782715 0.07769999653100967 -0.9964200258255005
vn 0.04822999984025955 0.1432200074195862 -0.9885100126266479
vn 0.02862000092864037 0.1467500030994415 -0.9887599945068359
vn 0.03894999995827675 0.2219499945640564 -0.9742799997329712
vn 0.01288000028580427 0.2243400067090988 -0.9744300246238708
vn 0.01662999950349331 0.305979996919632 -0.9518899917602539
vn -0.01662999950349331 0.305979996919632 -0.9518899917602539
vn -0.0164599996060133 0.3084399998188019 -0.9510999917984009
vn -0.04946999996900558 0.3053100109100342 -0.9509699940681458
vn -0.04961999878287315 0.3118999898433685 -0.9488199949264526
vn -0.08132000267505646 0.3058300018310547 -0.9486100077629089
vn -0.09914000332355499 0.3823300004005432 -0.918690025806427
vn -0.1037399992346764 0.4251500070095062 -0.8991600275039673
vn -0.1151100024580956 0.4555799961090088 -0.8827199935913086
vn -0.1314799934625626 0.5248200297355652 -0.8410000205039978
vn -0.07998000085353851 0.5357400178909302 -0.8405900001525879
vn -0.0797400027513504 0.5348600149154663 -0.8411700129508972
vn -0.02689000032842159 0.5404000282287598 -0.8409799933433533
vn 0.3464199900627136 0.3992399871349335 -0.8488799929618835
vn 0.3612399995326996 0.4083099961280823 -0.8383200168609619
vn 0.319599986076355 0.4438199996948242 -0.8371800184249878
vn 0.3266499936580658 0.4492200016975403 -0.831570029258728
vn 0.2818099856376648 0.4809499979019165 -0.8302299976348877
vn 0.2863799929618835 0.4852800071239471 -0.8261299729347229
vn 0.2386099994182587 0.5126500129699707 -0.8247799873352051
vn 0.2412199974060059 0.5156800150871277 -0.822130024433136
vn 0.1907300055027008 0.5382599830627441 -0.8209199905395508
vn 0.1919099986553192 0.5399500131607056 -0.8195300102233887
vn 0.1393100023269653 0.5572400093078613 -0.8185799717903137
vn 0.1618999987840652 0.6510599851608276 -0.7415599822998047
vn 0.09867999702692032 0.6653100252151489 -0.7400100231170654
vn 0.1149699985980988 0.7783899903297424 -0.6171600222587585
vn 0.09019000083208084 0.7288100123405457 -0.6787499785423279
vn 0.09679999947547913 0.7833399772644043 -0.6140099763870239
vn 0.03917000070214272 0.7896299958229065 -0.6123300194740295
vn 0.04165999963879585 0.8405600190162659 -0.540120005607605
vn -0.04194999858736992 0.8405399918556213 -0.540120005607605
vn -0.04403999820351601 0.8829399943351746 -0.4674200117588043
vn -0.1104300022125244 0.8756099939346313 -0.4702199995517731
vn -0.1148800030350685 0.9110999703407288 -0.3958599865436554
vn -0.1615699976682663 0.9025999903678894 -0.3990100026130676
vn -0.1666299998760223 0.9309700131416321 -0.3248400092124939
vn -0.2152599990367889 0.9190999865531921 -0.330020010471344
vn -0.2217299938201904 0.9467499852180481 -0.2334699928760529
vn -0.2241600006818771 0.9437800049781799 -0.2429800033569336
vn 0.04729000106453896 0.07394000142812729 -0.9961400032043457
vn 0.05195999890565872 0.09702999889850616 -0.9939200282096863
vn 0.07028999924659729 0.1535000056028366 -0.9856500029563904
vn 0.07412000000476837 0.1724299937486649 -0.982230007648468
vn 0.09318000078201294 0.2308599948883057 -0.9685099720954895
vn 0.1085399985313416 0.3076499998569489 -0.9452900290489197
vn 0.08344999700784683 0.3149400055408478 -0.9454299807548523
vn 0.09914000332355499 0.3823300004005432 -0.918690025806427
vn 0.05992000177502632 0.3901000022888184 -0.9188200235366821
vn 0.06998000293970108 0.4621700048446655 -0.8840299844741821
vn 0.02346000075340271 0.4668799936771393 -0.8840100169181824
vn 0.02686999924480915 0.539929986000061 -0.8412799835205078
vn -0.02680999971926212 0.539929986000061 -0.8412799835205078
vn -0.03009000048041344 0.60971999168396 -0.7920399904251099
vn -0.08951999992132187 0.6032900214195251 -0.7924799919128418
vn -0.09838999807834625 0.665369987487793 -0.7400000095367432
vn -0.1624799966812134 0.6509100198745728 -0.7415599822998047
vn -0.1880799978971481 0.7563499808311462 -0.626550018787384
vn -0.1926099956035614 0.6964899897575378 -0.6912400126457214
vn -0.2127200067043304 0.7706300020217896 -0.6007300019264221
vn -0.2491900026798248 0.7573099732398987 -0.6036499738693237
vn -0.251230001449585 0.7514299750328064 -0.6101099848747253
vn -0.2830800116062164 0.7376199960708618 -0.6130099892616272
vn -0.2851200103759766 0.7305799722671509 -0.6204500198364258
vn -0.3152300119400024 0.7154200077056885 -0.6235399842262268
vn -0.3171499967575073 0.7071899771690369 -0.6319000124931335
vn -0.3453800082206726 0.6909199953079224 -0.6350899934768677
vn -0.3470700085163116 0.6814799904823303 -0.6442999839782715
vn -0.3734000027179718 0.6643000245094299 -0.6475099921226501
vn -0.3747400045394897 0.653659999370575 -0.6574900150299072
vn -0.399179995059967 0.6357499957084656 -0.6606699824333191
vn -0.4000599980354309 0.6239399909973145 -0.6713100075721741
vn -0.4285599887371063 0.6004800200462341 -0.6751000285148621
vn -0.4723199903964996 0.6622899770736694 -0.5816199779510498
vn -0.4734899997711182 0.6464499831199646 -0.5982599854469299
vn -0.5152900218963623 0.7036600112915039 -0.48921999335289
vn -0.5402899980545044 0.6605899930000305 -0.5212600231170654
vn 0.2063599973917007 0.2146500051021576 -0.9546399712562561
vn 0.1753599941730499 0.1862100064754486 -0.9667400121688843
vn 0.1812700033187866 0.2281399965286255 -0.9566100239753723
vn 0.176939994096756 0.231110006570816 -0.9567000269889832
vn 0.1802999973297119 0.2739300131797791 -0.9447000026702881
vn 0.1718399971723557 0.2789300084114075 -0.9448099732398987
vn 0.1723099946975708 0.3206300139427185 -0.9314000010490417
vn 0.1715199947357178 0.3595300018787384 -0.9172400236129761
vn 0.1322299987077713 0.3222300112247467 -0.9373800158500671
vn 0.1517200022935867 0.3307400047779083 -0.9314500093460083
vn 0.08393999934196472 0.3988099992275238 -0.9131900072097778
vn 0.1058700010180473 0.4137000143527985 -0.904229998588562
vn 0.1456799954175949 0.4018400013446808 -0.9040499925613403
vn 0.1117599979043007 0.3633300065994263 -0.9249299764633179
vn 0.1327300071716309 0.3749200105667114 -0.9175099730491638
vn 0.1114600002765656 0.4361799955368042 -0.8929299712181091
vn 0.06829000264406204 0.4447599947452545 -0.8930400013923645
vn 0.06355000287294388 0.4602499902248383 -0.8855100274085999
vn 0.02377999946475029 0.4641300141811371 -0.885450005531311
vn 0.0216899998486042 0.4693599939346313 -0.8827400207519531
vn -0.02400000020861626 0.4693300127983093 -0.8827000260353088
vn -0.02149000018835068 0.4643299877643585 -0.8853999972343445
vn -0.07015000283718109 0.4595299959182739 -0.8853899836540222
vn -0.06182000041007996 0.4459699988365173 -0.8929100036621094
vn -0.09151999652385712 0.4402500092983246 -0.8931999802589417
vn -0.1068399995565414 0.4143500030040741 -0.9038199782371521
vn -0.1058700010180473 0.4137000143527985 -0.904229998588562
vn -0.1237900033593178 0.4084599912166595 -0.9043400287628174
vn -0.1385499984025955 0.3781000077724457 -0.9153400063514709
vn -0.1327300071716309 0.3749200105667114 -0.9175099730491638
vn -0.1486700028181076 0.3686800003051758 -0.9175900220870972
vn -0.1619199961423874 0.3351500034332275 -0.9281499981880188
vn -0.1517200022935867 0.3307400047779083 -0.9314500093460083
vn 0.2089899927377701 0.2328599989414215 -0.9497900009155273
vn 0.1934799998998642 0.243599995970726 -0.9503800272941589
vn 0.1948599964380264 0.2608999907970428 -0.9455000162124634
vn 0.1760299950838089 0.2719700038433075 -0.9460700154304504
vn 0.1762199997901917 0.2878099977970123 -0.9413400292396545
vn 0.1538099944591522 0.298689991235733 -0.9418699741363525
vn 0.152989998459816 0.3125 -0.9375200271606445
vn 0.1267299950122833 0.3226099908351898 -0.9380099773406982
vn 0.1252100020647049 0.3338600099086761 -0.9342700242996216
vn 0.09508000314235687 0.3424899876117706 -0.9347000122070312
vn 0.09329999983310699 0.350739985704422 -0.9318100214004517
vn 0.05933000147342682 0.3571900129318237 -0.9321500062942505
vn 0.05781999975442886 0.36217001080513 -0.9303200244903564
vn 0.02034999988973141 0.3657000064849854 -0.9305099844932556
vn 0.01970000006258488 0.367330014705658 -0.9298800230026245
vn -0.02041999995708466 0.3673200011253357 -0.9298700094223022
vn -0.01962999999523163 0.3657599985599518 -0.9304999709129333
vn -0.05996000021696091 0.361950010061264 -0.9302700161933899
vn -0.05724000185728073 0.3575699925422668 -0.932129979133606
vn -0.09677000343799591 0.350059986114502 -0.9317200183868408
vn -0.09173999726772308 0.3434300124645233 -0.934689998626709
vn -0.1298500001430511 0.3324899971485138 -0.9341199994087219
vn -0.1223199963569641 0.3242799937725067 -0.9380199909210205
vn -0.158610001206398 0.3102900087833405 -0.9373199939727783
vn -0.1485400050878525 0.3012199997901917 -0.9419100284576416
vn -0.1826100051403046 0.2846600115299225 -0.941070020198822
vn -0.1701100021600723 0.2754200100898743 -0.946150004863739
vn -0.2018200010061264 0.2567600011825562 -0.945169985294342
vn -0.1870999932289124 0.2479899972677231 -0.9505199790000916
vn -0.2163199931383133 0.227730005979538 -0.9493899941444397
vn -0.1996899992227554 0.2199400067329407 -0.9548599720001221
vn -0.1655099987983704 0.3239899873733521 -0.9314699769020081
vn -0.1766799986362457 0.2887299954891205 -0.9409700036048889
vn -0.1627999991178513 0.2842299938201904 -0.9448400139808655
vn -0.1967799961566925 0.2640900015830994 -0.9442099928855896
vn -0.161760002374649 0.241459995508194 -0.9568300247192383
vn -0.197500005364418 0.2169100046157837 -0.9559999704360962
vn -0.1605399996042252 0.197720006108284 -0.9670199751853943
vn -0.1329900026321411 0.9846600294113159 -0.1129299998283386
vn -0.3620199859142303 0.8110600113868713 -0.4594900012016296
vn 0.3321700096130371 0.7510700225830078 -0.5705699920654297
vn 0.3344100117683411 0.8781399726867676 -0.3420999944210052
vn 0.37814000248909 0.8573499917984009 -0.3492299914360046
vn 0.2571499943733215 0.8977400064468384 -0.3576700091362
vn 0.231560006737709 0.9535999894142151 -0.1924200057983398
vn 0.151869997382164 0.9775300025939941 -0.1462000012397766
vn 0.2738400101661682 0.5422999858856201 -0.7943099737167358
vn -0.1103499978780746 0.6464599967002869 -0.7549200057983398
vn -0.06827999651432037 0.830020010471344 -0.5535399913787842
vn -0.1003300026059151 0.8179000020027161 -0.5665500164031982
vn -0.3309699892997742 0.5681899785995483 -0.7534000277519226
vn -0.3259400129318237 0.5836300253868103 -0.7437300086021423
vn -0.3213599920272827 0.5875099897384644 -0.7426699995994568
vn -0.3131000101566315 0.6128399968147278 -0.7255399823188782
vn -0.3097699880599976 0.6154199838638306 -0.7247700095176697
vn -0.3009800016880035 0.6393399834632874 -0.7075700163841248
vn -0.2963300049304962 0.6426399946212769 -0.7065399885177612
vn -0.2871200144290924 0.6649799942970276 -0.6894699931144714
vn -0.281029999256134 0.6689199805259705 -0.6881700158119202
vn -0.2715300023555756 0.6895300149917603 -0.6714299917221069
vn -0.2639400064945221 0.6939600110054016 -0.6698899865150452
vn -0.2542999982833862 0.7127299904823303 -0.6537200212478638
vn -0.2450899928808212 0.7175499796867371 -0.651960015296936
vn -0.2354899942874908 0.7343800067901611 -0.6365699768066406
vn -0.2245199978351593 0.7394800186157227 -0.6346399784088135
vn -0.2151399999856949 0.7543200254440308 -0.6202499866485596
vn -0.2023199945688248 0.7595499753952026 -0.6181899905204773
vn -0.2437199950218201 0.3387399911880493 -0.9087700247764587
vn -0.2408500015735626 0.3371100127696991 -0.9101399779319763
vn -0.2203499972820282 0.3007499873638153 -0.9279000163078308
vn -0.2419900000095367 0.3693900108337402 -0.8972200155258179
vn -0.2283200025558472 0.3792699873447418 -0.8966699838638306
vn -0.2292799949645996 0.3797900080680847 -0.8962100148200989
vn -0.2283699959516525 0.4166499972343445 -0.8799200057983398
vn -0.2127400040626526 0.4262999892234802 -0.8792099952697754
vn -0.1662199944257736 0.3947100043296814 -0.9036499857902527
vn -0.2279299944639206 0.3576900064945221 -0.9055899977684021
vn -0.2047899961471558 0.3352499902248383 -0.9196000099182129
vn -0.2379900068044662 0.3116799890995026 -0.9199000000953674
vn -0.1987600028514862 0.2798300087451935 -0.9392499923706055
vn -0.3061299920082092 0.4852100014686584 -0.8190600275993347
vn -0.3012700080871582 0.5012699961662292 -0.8111500144004822
vn -0.2982000112533569 0.5038300156593323 -0.810699999332428
vn -0.2904599905014038 0.5296499729156494 -0.7969300150871277
vn -0.2887200117111206 0.5309900045394897 -0.7966700196266174
vn -0.2804299890995026 0.5556899905204773 -0.7826700210571289
vn -0.2774600088596344 0.5577899813652039 -0.782230019569397
vn -0.2686899900436401 0.5811899900436401 -0.7681300044059753
vn -0.2643499970436096 0.5839999914169312 -0.7675099968910217
vn -0.2552100121974945 0.6058899760246277 -0.7534999847412109
vn -0.2494100034236908 0.6093000173568726 -0.7526900172233582
vn -0.2400600016117096 0.6295099854469299 -0.7389799952507019
vn -0.2326599955558777 0.6334199905395508 -0.7379999756813049
vn -0.2232300043106079 0.6518099904060364 -0.7247800230979919
vn -0.2140800058841705 0.6561300158500671 -0.7236400246620178
vn -0.2047699987888336 0.6725800037384033 -0.7111300230026245
vn -0.1937299966812134 0.6771699786186218 -0.7098600268363953
vn -0.1847299933433533 0.6916000247001648 -0.6982600092887878
vn -0.1717800050973892 0.6962699890136719 -0.6969199776649475
vn -0.120959997177124 0.8138700127601624 -0.5683199763298035
vn -0.1275500059127808 0.8068400025367737 -0.5768399834632874
vn -0.1461299955844879 0.8022599816322327 -0.5788099765777588
vn -0.1537099927663803 0.7933599948883057 -0.5890300273895264
vn -0.1702899932861328 0.7883999943733215 -0.5911200046539307
vn -0.07044000178575516 0.7493399977684021 -0.6584299802780151
vn -0.0437299981713295 0.8323799967765808 -0.5524700284004211
vn -0.04118999838829041 0.8344299793243408 -0.5495700240135193
vn -0.01465999986976385 0.8356999754905701 -0.54899001121521
vn -0.09181000292301178 0.7461299896240234 -0.6594399809837341
vn -0.09745000302791595 0.7399200201034546 -0.6656000018119812
vn -0.1167000010609627 0.7360399961471558 -0.6668099761009216
vn -0.1234999969601631 0.7278199791908264 -0.6745499968528748
vn -0.1405799984931946 0.7234899997711182 -0.6758700013160706
vn -0.2759099900722504 0.3985399901866913 -0.8746700286865234
vn -0.2712900042533875 0.4145700037479401 -0.8686400055885315
vn -0.2700000107288361 0.4156000018119812 -0.8685500025749207
vn -0.2626799941062927 0.4413099884986877 -0.8580499887466431
vn -0.2627800107002258 0.4412400126457214 -0.8580499887466431
vn -0.2548800110816956 0.4661299884319305 -0.8472099900245667
vn -0.2538500130176544 0.4668500125408173 -0.8471199870109558
vn -0.2454500049352646 0.4907000064849854 -0.8360499739646912
vn -0.2431199997663498 0.4921799898147583 -0.835860013961792
vn -0.2343100011348724 0.514769971370697 -0.8246899843215942
vn -0.2305800020694733 0.5169299840927124 -0.8243899941444397
vn -0.2214699983596802 0.5380499958992004 -0.8133000135421753
vn -0.2161899954080582 0.5408099889755249 -0.8128799796104431
vn -0.2069299966096878 0.5602700114250183 -0.8020399808883667
vn -0.1999199986457825 0.5635600090026855 -0.8015199899673462
vn -0.1906899958848953 0.5811799764633179 -0.7911199927330017
vn -0.1817899942398071 0.584879994392395 -0.7904899716377258
vn -0.1727699935436249 0.6005200147628784 -0.7807199954986572
vn -0.1619199961423874 0.6044399738311768 -0.780019998550415
vn -0.1533399969339371 0.6179999709129333 -0.7710800170898438
vn -0.1404000073671341 0.6219800114631653 -0.7703400254249573
vn -0.1089200004935265 0.5359799861907959 -0.8371700048446655
vn -0.09493000060319901 0.8231499791145325 -0.5598300099372864
vn -0.07233999669551849 0.8264300227165222 -0.5583699941635132
vn -0.06617999821901321 0.7536299824714661 -0.6539599895477295
vn -0.0398700013756752 0.7562199831008911 -0.6531000137329102
vn -0.02817999944090843 0.7478799819946289 -0.6632300019264221
vn -0.0133899999782443 0.7605000138282776 -0.6492000222206116
vn 0.02862000092864037 0.7602599859237671 -0.6489899754524231
vn -0.1216700002551079 0.5327600240707397 -0.8374699950218201
vn -0.129720002412796 0.5205299854278564 -0.8439300060272217
vn -0.1401900053024292 0.5173500180244446 -0.844219982624054
vn -0.1488499939441681 0.5029399991035461 -0.8514099717140198
vn -0.1571899950504303 0.4999800026416779 -0.8516499996185303
vn -0.1662199944257736 0.4835300147533417 -0.8593999743461609
vn -0.1725800037384033 0.4809400141239166 -0.8596000075340271
vn -0.1817599982023239 0.4626100063323975 -0.8677300214767456
vn -0.1862500011920929 0.4605500102043152 -0.8678699731826782
vn -0.1953700035810471 0.440530002117157 -0.8762199878692627
vn -0.198170006275177 0.4390999972820282 -0.8763099908828735
vn -0.2070900052785873 0.4176099896430969 -0.8847100138664246
vn -0.223810002207756 0.4081099927425385 -0.8850700259208679
vn 0.2504200041294098 0.7016900181770325 -0.6670200228691101
vn 0.2681300044059753 0.7053099870681763 -0.6562299728393555
vn 0.2322500050067902 0.724120020866394 -0.649399995803833
vn 0.2486000061035156 0.7281200289726257 -0.6387799978256226
vn 0.2125000059604645 0.744920015335083 -0.6324099898338318
vn 0.2273799926042557 0.749180018901825 -0.6221200227737427
vn 0.1912599951028824 0.7639300227165222 -0.6163100004196167
vn 0.2045699954032898 0.7682899832725525 -0.6065300107002258
vn 0.1687099933624268 0.7809500098228455 -0.6013799905776978
vn 0.1803900003433228 0.7852699756622314 -0.5922999978065491
vn 0.1449899971485138 0.7958599925041199 -0.5878700017929077
vn 0.1549499928951263 0.7999799847602844 -0.5796700119972229
vn 0.1201900020241737 0.8085700273513794 -0.5759999752044678
vn 0.1283800005912781 0.8123300075531006 -0.5688899755477905
vn 0.09446000307798386 0.8189799785614014 -0.5659999847412109
vn 0.1008500009775162 0.8222200274467468 -0.5601699948310852
vn 0.06803999841213226 0.8270099759101868 -0.5580599904060364
vn 0.07259999960660934 0.82955002784729 -0.5536900162696838
vn 0.04109999909996986 0.832610011100769 -0.5523399710655212
vn 0.01343000028282404 0.8148699998855591 -0.5794900059700012
vn 0.2950800061225891 0.6266499757766724 -0.7212799787521362
vn 0.3161199986934662 0.6283800005912781 -0.7107800245285034
vn 0.2818999886512756 0.6527199745178223 -0.7031999826431274
vn 0.3019700050354004 0.6551899909973145 -0.6924899816513062
vn 0.2355300039052963 0.6173200011253357 -0.7506300210952759
vn 0.2543100118637085 0.6218100190162659 -0.7407299876213074
vn 0.2194000035524368 0.6403099894523621 -0.7361199855804443
vn 0.2368099987506866 0.6452599763870239 -0.7263299822807312
vn 0.2016099989414215 0.6618999838829041 -0.7219700217247009
vn 0.217509999871254 0.6671500205993652 -0.7124599814414978
vn 0.1821999996900558 0.6818500161170959 -0.7084400057792664
vn 0.196480005979538 0.6872400045394897 -0.6993600130081177
vn 0.1613499969244003 0.6999300122261047 -0.6957499980926514
vn 0.1738899946212769 0.7052599787712097 -0.6872900128364563
vn 0.1391600072383881 0.715939998626709 -0.6841499805450439
vn 0.1498800069093704 0.7210299968719482 -0.6765000224113464
vn 0.1157300025224686 0.7297199964523315 -0.6738799810409546
vn 0.1245599985122681 0.7343699932098389 -0.6672300100326538
vn 0.09121999889612198 0.7411100268363953 -0.6651600003242493
vn 0.09809999912977219 0.7451099753379822 -0.6596800088882446
vn 0.065870001912117 0.7499799728393555 -0.6581699848175049
vn -0.09290999919176102 0.6500099897384644 -0.7542200088500977
vn -0.08707000315189362 0.6570500135421753 -0.7488099932670593
vn -0.06735999882221222 0.660040020942688 -0.748199999332428
vn -0.06289999932050705 0.6649399995803833 -0.7442399859428406
vn -0.02732999995350838 0.6683700084686279 -0.7433300018310547
vn -0.02545999921858311 0.6719800233840942 -0.7401300072669983
vn 0.02747000008821487 0.6719499826431274 -0.740090012550354
vn 0.02534000016748905 0.6685299873352051 -0.7432500123977661
vn 0.08109000325202942 0.6628599762916565 -0.7443400025367737
vn 0.2163700014352798 0.5250599980354309 -0.8230999708175659
vn 0.2361100018024445 0.530239999294281 -0.8143100142478943
vn 0.2025599926710129 0.5478600263595581 -0.811680018901825
vn 0.2209399938583374 0.5535699725151062 -0.8029599785804749
vn 0.1870400011539459 0.5695099830627441 -0.8004199862480164
vn 0.2038899958133698 0.5755900144577026 -0.7919099926948547
vn 0.1698199957609177 0.5897499918937683 -0.7895299792289734
vn 0.1850000023841858 0.5960000157356262 -0.7813900113105774
vn 0.1510500013828278 0.6082800030708313 -0.7792199850082397
vn 0.1644099950790405 0.6144899725914001 -0.7716000080108643
vn 0.1307999938726425 0.6248599886894226 -0.7696999907493591
vn 0.1422500014305115 0.6308000087738037 -0.7627900242805481
vn 0.1091900020837784 0.639270007610321 -0.7611899971961975
vn 0.1186200007796288 0.6447100043296814 -0.7551699876785278
vn 0.08634000271558762 0.6513000130653381 -0.7538899779319763
vn 0.06013999879360199 0.6341400146484375 -0.7708699703216553
vn 0.07078000158071518 0.7531200051307678 -0.6540700197219849
vn 0.02662999927997589 0.7573199868202209 -0.6524999737739563
vn 0.02928999997675419 0.8360700011253357 -0.5478399991989136
vn -0.01377999968826771 0.8363500237464905 -0.5480300188064575
vn 0.2446299940347672 0.4095999896526337 -0.878849983215332
vn 0.3059700131416321 0.5175399780273438 -0.7990800142288208
vn 0.2832300066947937 0.5161399841308594 -0.8083199858665466
vn 0.3284099996089935 0.6007300019264221 -0.728879988193512
vn 0.306549996137619 0.599839985370636 -0.7390699982643127
vn 0.2510699927806854 0.4687600135803223 -0.8468899726867676
vn 0.2515900135040283 0.421099990606308 -0.8714200258255005
vn 0.2283200025558472 0.3792699873447418 -0.8966699838638306
vn 0.2838500142097473 0.5712100267410278 -0.7701600193977356
vn 0.2389300018548965 0.4770700037479401 -0.845770001411438
vn 0.260890007019043 0.4807499945163727 -0.837149977684021
vn 0.2020200043916702 0.3648500144481659 -0.9088799953460693
vn 0.2440699934959412 0.4067499935626984 -0.8803300261497498
vn 0.2757599949836731 0.4235799908638 -0.8628699779510498
vn 0.3102700114250183 0.493690013885498 -0.8123999834060669
vn 0.2975000143051147 0.4928799867630005 -0.8176500201225281
vn 0.334520012140274 0.5762900114059448 -0.7456499934196472
vn 0.3226900100708008 0.5756800174713135 -0.7513099908828735
vn 0.1783699989318848 0.9731799960136414 -0.1453000009059906
vn 0.1898899972438812 0.9776800274848938 -0.08987999707460403
vn 0.1466899961233139 0.9860299825668335 -0.07891999930143356
vn 0.1876199990510941 0.9659600257873535 -0.1781200021505356
vn 0.2079000025987625 0.9746699929237366 -0.08250000327825546
vn 0.1790000051259995 0.9719099998474121 -0.1527899950742722
vn 0.2910999953746796 0.8926600217819214 -0.3441300094127655
vn 0.2609699964523315 0.9571300148963928 -0.1256999969482422
vn 0.2380000054836273 0.9451299905776978 -0.2237900048494339
vn 0.2878099977970123 0.9260900020599365 -0.2439900040626526
vn 0.2052000015974045 0.9716100096702576 -0.1177600026130676
vn 0.2373899966478348 0.9628499746322632 -0.128700003027916
vn 0.241129994392395 0.9575700163841248 -0.1578299999237061
vn 0.2862299978733063 0.9411799907684326 -0.1795800030231476
vn 0.2898800075054169 0.9327300190925598 -0.2144200056791306
vn 0.3145000040531158 0.9217000007629395 -0.2270700037479401
vn 0.3491699993610382 0.8518900275230408 -0.3903299868106842
vn 0.3316799998283386 0.870989978313446 -0.3624500036239624
vn 0.3329200148582458 0.8524199724197388 -0.4031699895858765
vn 0.3234800100326538 0.8282300233840942 -0.4575999975204468
vn 0.3589000105857849 0.858709990978241 -0.3657900094985962
vn 0.3255000114440918 0.8474000096321106 -0.4194799959659576
vn 0.2838900089263916 0.8705000281333923 -0.4020400047302246
vn 0.3150799870491028 0.8980699777603149 -0.3069199919700623
vn 0.2822499871253967 0.8865600228309631 -0.3665300011634827
vn 0.3589499890804291 0.7418699860572815 -0.5663800239562988
vn 0.3452799916267395 0.7134799957275391 -0.6096900105476379
vn 0.3763999938964844 0.7452600002288818 -0.5503699779510498
vn 0.3526400029659271 0.7356299757957458 -0.5783500075340271
vn 0.3342899978160858 0.9006699919700623 -0.2775500118732452
vn 0.3796800076961517 0.8735100030899048 -0.3046700060367584
vn 0.3714599907398224 0.8546100258827209 -0.3628399968147278
vn 0.3717800080776215 0.8350499868392944 -0.4055399894714355
vn 0.3689999878406525 0.8281800150871277 -0.421860009431839
vn 0.3687500059604645 0.8057500123977661 -0.463450014591217
vn 0.3655999898910522 0.7988700270652771 -0.4776400029659271
vn -0.3345099985599518 0.9012600183486938 -0.2753599882125854
vn -0.3346700072288513 0.9004600048065186 -0.2777799963951111
vn -0.3624500036239624 0.8842800259590149 -0.2944099903106689
vn -0.37814000248909 0.8573499917984009 -0.3492299914360046
vn -0.3722400069236755 0.856410026550293 -0.3577800095081329
vn -0.3651300072669983 0.8400300145149231 -0.4012799859046936
vn -0.2891300022602081 0.9303399920463562 -0.2255499958992004
vn -0.326229989528656 0.8566499948501587 -0.3996500074863434
vn -0.3386099934577942 0.8670200109481812 -0.3655300140380859
vn -0.3765400052070618 0.8227999806404114 -0.4256899952888489
vn -0.36735999584198 0.8027200102806091 -0.4697799980640411
vn -0.3731600046157837 0.7680799961090088 -0.5203999876976013
vn -0.3319000005722046 0.8497999906539917 -0.4095000028610229
vn -0.3412199914455414 0.8162599802017212 -0.4661499857902527
vn -0.3626100122928619 0.801069974899292 -0.4762400090694427
vn -0.2405299991369247 0.9552000164985657 -0.1724700033664703
vn -0.255950003862381 0.9386600255966187 -0.231110006570816
vn -0.2813299894332886 0.9287599921226501 -0.2413800060749054
vn -0.3145000040531158 0.9217000007629395 -0.2270700037479401
vn -0.2843799889087677 0.9350699782371521 -0.2115900069475174
vn -0.291810005903244 0.9389500021934509 -0.1822600066661835
vn -0.2364699989557266 0.9591000080108643 -0.155579999089241
vn -0.2421099990606308 0.9614599943161011 -0.1303000003099442
vn -0.2052000015974045 0.9716100096702576 -0.1177600026130676
vn -0.1889300048351288 0.9727299809455872 -0.1345199942588806
vn -0.1796000003814697 0.9798600077629089 -0.08727999776601791
vn -0.1466899961233139 0.9860299825668335 -0.07891999930143356
vn -0.1224600002169609 0.982699990272522 -0.1389600038528442
vn -0.1790000051259995 0.9719099998474121 -0.1527899950742722
vn -0.1890799999237061 0.9735000133514404 -0.1286499947309494
vn -0.2050600051879883 0.9613299965858459 -0.1838299930095673
vn -0.231560006737709 0.9535999894142151 -0.1924200057983398
vn 0.1329900026321411 0.9846600294113159 -0.1129299998283386
vn 0.1377799957990646 0.9853000044822693 -0.1009500026702881
vn 0.1198000013828278 0.9880300164222717 -0.09722000360488892
vn 0.125229999423027 0.9879800081253052 -0.09066999703645706
vn 0.09333000332117081 0.9919700026512146 -0.08540000021457672
vn 0.09752000123262405 0.9919999837875366 -0.08015000075101852
vn 0.07349999994039536 0.9943000078201294 -0.07718999683856964
vn 0.06967999786138535 0.99440997838974 -0.07938999682664871
vn 0.04687000066041946 0.9970399737358093 -0.06088000163435936
vn 0.04188000038266182 0.9968400001525879 -0.06757000088691711
vn 0.01334999967366457 0.9976999759674072 -0.06639999896287918
vn 0.01398000027984381 0.9977499842643738 -0.06553000211715698
vn -0.01334999967366457 0.997759997844696 -0.06553000211715698
vn -0.01398000027984381 0.9976900219917297 -0.06643000245094299
vn -0.04684999957680702 0.9965999722480774 -0.06776999682188034
vn -0.04190000146627426 0.9975000023841858 -0.05685000121593475
vn -0.07346999645233154 0.9938799738883972 -0.08246000111103058
vn -0.06970000267028809 0.9946100115776062 -0.07671999931335449
vn -0.09336999803781509 0.9924399852752686 -0.07964000105857849
vn -0.0974700003862381 0.9915099740028381 -0.08608999848365784
vn -0.119889996945858 0.9887199997901917 -0.08979000151157379
vn -0.1251399964094162 0.9872499704360962 -0.09832999855279922
vn -0.1526799947023392 0.9827899932861328 -0.1040299981832504
vn -0.3285199999809265 0.7857999801635742 -0.5240100026130676
vn -0.3385100066661835 0.7655100226402283 -0.5471699833869934
vn -0.344539999961853 0.7610499858856201 -0.5496199727058411
vn -0.3541499972343445 0.7388100028038025 -0.5733500123023987
vn -0.3606100082397461 0.7335399985313416 -0.5760899782180786
vn -0.3668000102043152 0.7183700203895569 -0.5910999774932861
vn -0.3779000043869019 0.8502600193023682 -0.3664000034332275
vn -0.3278299868106842 0.8820599913597107 -0.3383899927139282
vn -0.3390499949455261 0.8903399705886841 -0.3038699924945831
vn -0.3032200038433075 0.9087899923324585 -0.2866100072860718
vn -0.2968699932098389 0.8897299766540527 -0.3467699885368347
vn -0.2682699859142303 0.8784999847412109 -0.3953100144863129
vn -0.3255000114440918 0.8474000096321106 -0.4194799959659576
vn -0.3108299970626831 0.8090800046920776 -0.498769998550415
vn -0.3210499882698059 0.7907900214195251 -0.5211300253868103
vn 0.3639400005340576 0.7757899761199951 -0.5154600143432617
vn 0.360619992017746 0.767549991607666 -0.5299199819564819
vn 0.3301900029182434 0.7897999882698059 -0.5169100165367126
vn 0.3255900144577026 0.7877699732780457 -0.5228800177574158
vn 0.3072600066661835 0.7997599840164185 -0.5157300233840942
vn 0.3249199986457825 0.8004000186920166 -0.5037800073623657
vn 0.2885600030422211 0.8222100138664246 -0.4906199872493744
vn 0.3050599992275238 0.8232899904251099 -0.4786700010299683
vn 0.2684000134468079 0.842930018901825 -0.4663000106811523
vn 0.2836799919605255 0.8443599939346313 -0.4545100033283234
vn 0.2469000071287155 0.8618199825286865 -0.4430600106716156
vn 0.2608799934387207 0.8635299801826477 -0.4315800070762634
vn 0.2241300046443939 0.8788599967956543 -0.4211600124835968
vn 0.2367600053548813 0.8807500004768372 -0.4101600050926208
vn 0.2002100050449371 0.8939999938011169 -0.4008499979972839
vn 0.21144999563694 0.8959900140762329 -0.390500009059906
vn 0.1753900051116943 0.9071999788284302 -0.3824000060558319
vn 0.1851900070905685 0.9092100262641907 -0.3728800117969513
vn 0.1497700065374374 0.9184799790382385 -0.366019994020462
vn 0.1581099927425385 0.9204300045967102 -0.3574999868869781
vn 0.1234399974346161 0.927869975566864 -0.3518800139427185
vn 0.1303000003099442 0.9296799898147583 -0.3445500135421753
vn 0.09651999920606613 0.9354000091552734 -0.3401600122451782
vn 0.1018700003623962 0.9369900226593018 -0.334170013666153
vn 0.06923999637365341 0.9410899877548218 -0.3309899866580963
vn 0.07306999713182449 0.942359983921051 -0.3265199959278107
vn 0.04168999940156937 0.9449700117111206 -0.3244799971580505
vn 0.04399000108242035 0.9458199739456177 -0.3216899931430817
vn 0.01393999997526407 0.9470700025558472 -0.320719987154007
vn 0.01470000017434359 0.9473900198936462 -0.3197599947452545
vn -0.01393999997526407 0.9473999738693237 -0.3197599947452545
vn -0.01468999963253736 0.9470499753952026 -0.3207499980926514
vn -0.04173000156879425 0.9459499716758728 -0.3216300010681152
vn -0.04394000023603439 0.9448199868202209 -0.3246400058269501
vn -0.06936000287532806 0.9427199959754944 -0.3262999951839447
vn -0.07293999940156937 0.9406800270080566 -0.3313699960708618
vn -0.09675999730825424 0.9376999735832214 -0.3337000012397766
vn -0.1016200035810471 0.9346100091934204 -0.3408400118350983
vn -0.1238399967551231 0.9308599829673767 -0.3437399864196777
vn -0.1298699975013733 0.926580011844635 -0.3529599905014038
vn -0.1503700017929077 0.9222000241279602 -0.3562900125980377
vn -0.1574600040912628 0.9165800213813782 -0.3675499856472015
vn -0.1762499958276749 0.9116799831390381 -0.3711900115013123
vn -0.1842599958181381 0.9045699834823608 -0.384440004825592
vn -0.2013899981975555 0.8992599844932556 -0.3882899880409241
vn -0.2101799994707108 0.8905400037765503 -0.4034500122070312
vn -0.2256699949502945 0.8849300146102905 -0.4073899984359741
vn -0.2350900024175644 0.874459981918335 -0.4243299961090088
vn -0.248870000243187 0.8687199950218201 -0.4282400012016296
vn -0.2587400078773499 0.8563899993896484 -0.4468199908733368
vn -0.2708500027656555 0.8506500124931335 -0.4505900144577026
vn -0.2810199856758118 0.8363800048828125 -0.4706400036811829
vn 0.3348299860954285 0.9009000062942505 -0.2761499881744385
vn 0.3322699964046478 0.8939899802207947 -0.3006300032138824
vn 0.2910299897193909 0.9146199822425842 -0.2806800007820129
vn 0.2885200083255768 0.9067299962043762 -0.3075500130653381
vn 0.2514899969100952 0.922290027141571 -0.2934899926185608
vn 0.2446399927139282 0.9197999835014343 -0.3067800104618073
vn 0.2250899970531464 0.9269300103187561 -0.3002299964427948
vn 0.2364899963140488 0.9275400042533875 -0.2893899977207184
vn 0.2003600001335144 0.9392600059509277 -0.278659999370575
vn 0.2104700058698654 0.9399999976158142 -0.2685199975967407
vn 0.1749400049448013 0.9498299956321716 -0.2592599987983704
vn 0.1837400048971176 0.9506499767303467 -0.2499900013208389
vn 0.14894999563694 0.9587200284004211 -0.2422000020742416
vn 0.1564300060272217 0.9595800042152405 -0.2339600026607513
vn 0.1224500015377998 0.9660199880599976 -0.227620005607605
vn 0.128600001335144 0.9668599963188171 -0.220550000667572
vn 0.09553000330924988 0.9717900156974792 -0.21560999751091
vn 0.1003300026059151 0.97257000207901 -0.2098699957132339
vn 0.06840000301599503 0.9761000275611877 -0.2062900066375732
vn 0.07184000313282013 0.9767400026321411 -0.2020200043916702
vn 0.04112999886274338 0.9789900183677673 -0.1997299939393997
vn 0.04320000112056732 0.9794399738311768 -0.1970600038766861
vn 0.01374000031501055 0.9805099964141846 -0.1959699988365173
vn 0.01443000044673681 0.9806900024414062 -0.1950500011444092
vn -0.01374000031501055 0.9807000160217285 -0.1950500011444092
vn -0.01441999990493059 0.9804999828338623 -0.1959999948740005
vn -0.04114999994635582 0.9795399904251099 -0.1969899982213974
vn -0.04317000135779381 0.9788699746131897 -0.1998900026082993
vn -0.06847000122070312 0.9770399928092957 -0.2017800062894821
vn -0.07176999747753143 0.9757699966430664 -0.2066799998283386
vn -0.09566999971866608 0.9731500148773193 -0.2093600034713745
vn -0.1001899987459183 0.9711700081825256 -0.2163199931383133
vn -0.1226800009608269 0.9678300023078918 -0.2196799963712692
vn -0.1283500045537949 0.9649900197982788 -0.228740006685257
vn -0.1493099927902222 0.9610300064086914 -0.2326499968767166
vn -0.1560399979352951 0.9571899771690369 -0.2438099980354309
vn -0.1754699945449829 0.9526900053024292 -0.2481700032949448
vn -0.1831700056791306 0.9476799964904785 -0.2614299952983856
vn -0.2011000066995621 0.9427300095558167 -0.2661100029945374
vn -0.2096599936485291 0.9363899827003479 -0.2814500033855438
vn -0.2260899990797043 0.9310700297355652 -0.2863300144672394
vn -0.2353899925947189 0.923229992389679 -0.3037000000476837
vn -0.2502300143241882 0.917680025100708 -0.3086400032043457
vn -0.2601200044155121 0.9081799983978271 -0.3279399871826172
vn -0.2733800113201141 0.9024999737739563 -0.3328100144863129
vn -0.2837199866771698 0.8912000060081482 -0.3539299964904785
vn -0.3084000051021576 0.8789499998092651 -0.3637900054454803
vn -0.2915500104427338 0.8307499885559082 -0.4741899967193604
vn -0.3018200099468231 0.8144800066947937 -0.4955100119113922
vn 0.2627699971199036 0.5680500268936157 -0.7799199819564819
vn 0.2958199977874756 0.5446199774742126 -0.7847800254821777
vn 0.2583799958229065 0.4728299975395203 -0.8424199819564819
vn 0.2895900011062622 0.4491199851036072 -0.8452399969100952
vn 0.2659299969673157 0.410400003194809 -0.8722699880599976
vn 0.2576900124549866 0.3805499970912933 -0.8881300091743469
vn 0.2485599964857101 0.3645699918270111 -0.8973900079727173
vn 0.2423799932003021 0.3398500084877014 -0.9087100028991699
vn 0.2203499972820282 0.3007499873638153 -0.9279000163078308
vn 0.1858000010251999 0.4163900017738342 -0.8899999856948853
vn 0.2032999992370605 0.4074899852275848 -0.8902900218963623
vn 0.1981800049543381 0.3758600056171417 -0.905239999294281
vn 0.219870001077652 0.3626700043678284 -0.9056100249290466
vn 0.212229996919632 0.3300400078296661 -0.9197999835014343
vn 0.2343699932098389 0.3142899870872498 -0.9199399948120117
vn 0.2102400064468384 0.2707499861717224 -0.9394099712371826
vn -0.193340003490448 0.7723900079727173 -0.6050099730491638
vn -0.1786700040102005 0.7775599956512451 -0.6029000282287598
vn -0.1632899940013885 0.7086300253868103 -0.6864299774169922
vn -0.1483300030231476 0.7132200002670288 -0.6850699782371521
vn -0.1324999928474426 0.6333799958229065 -0.7624099850654602
vn -0.1173499971628189 0.6372500061988831 -0.7616699934005737
vn -0.1017299965023994 0.545960009098053 -0.8316100239753723
vn -0.07970000058412552 0.5503600239753723 -0.8311200141906738
vn -0.07395000010728836 0.5464699864387512 -0.8342099785804749
vn -0.05835999920964241 0.5647500157356262 -0.823199987411499
vn -0.02565000019967556 0.5679000020027161 -0.822700023651123
vn -0.02369000017642975 0.571940004825592 -0.8199599981307983
vn 0.02580999955534935 0.57191002368927 -0.8199099898338318
vn 0.02353999949991703 0.56809002161026 -0.822629988193512
vn 0.07591000199317932 0.5627999901771545 -0.8230999708175659
vn 0.06855999678373337 0.5524700284004211 -0.8307099938392639
vn 0.1103999987244606 0.544160008430481 -0.8316900134086609
vn 0.100380003452301 0.5380799770355225 -0.8368899822235107
vn 0.131850004196167 0.5301200151443481 -0.8376100063323975
vn 0.1197099983692169 0.5235000252723694 -0.8435699939727783
vn 0.1517100036144257 0.5137699842453003 -0.8444100022315979
vn 0.1375699937343597 0.506879985332489 -0.8509699702262878
vn 0.1698600053787231 0.4954000115394592 -0.8518999814987183
vn 0.1538500040769577 0.4884899854660034 -0.8589000105857849
vn 0.1862100064754486 0.4753099977970123 -0.8598899841308594
vn 0.1684899926185608 0.4686200022697449 -0.8671799898147583
vn 0.1800400018692017 0.4633899927139282 -0.8676699995994568
vn 0.1904599964618683 0.4718100130558014 -0.8608800172805786
vn 0.2244299948215485 0.4541999995708466 -0.8621600270271301
vn 0.1850100010633469 0.4075999855995178 -0.8942199945449829
vn 0.2127400040626526 0.4262999892234802 -0.8792099952697754
vn 0.2494200021028519 0.50586998462677 -0.8257600069046021
vn 0.2284799963235855 0.5013800263404846 -0.8345199823379517
vn 0.2699899971485138 0.5970399975776672 -0.7554100155830383
vn 0.2499900013208389 0.5931500196456909 -0.7652999758720398
vn 0.2859399914741516 0.6809300184249878 -0.6742200255393982
vn 0.2669900059700012 0.6778200268745422 -0.6850399971008301
vn 0.3427799940109253 0.6537399888038635 -0.6746299862861633
vn 0.3541100025177002 0.6540799736976624 -0.668429970741272
vn 0.3252800107002258 0.6782000064849854 -0.6589699983596802
vn 0.3461399972438812 0.6784499883651733 -0.6479899883270264
vn 0.3118399977684021 0.704800009727478 -0.6371899843215942
vn 0.3317900002002716 0.705780029296875 -0.6259300112724304
vn 0.296669989824295 0.7303199768066406 -0.6153200268745422
vn 0.3155899941921234 0.7319499850273132 -0.6038699746131897
vn 0.2797900140285492 0.7545599937438965 -0.5935900211334229
vn 0.2975699901580811 0.7567300200462341 -0.5820800065994263
vn 0.2613199949264526 0.7773000001907349 -0.5722900032997131
vn 0.2778699994087219 0.7798900008201599 -0.5608500242233276
vn 0.2413599938154221 0.7983599901199341 -0.5516899824142456
vn 0.2565700113773346 0.8012800216674805 -0.5404800176620483
vn 0.2199500054121017 0.8176500201225281 -0.5320500135421753
vn 0.2337500005960464 0.8207700252532959 -0.5212500095367432
vn 0.1972099989652634 0.8350399732589722 -0.5136399865150452
vn 0.2095199972391129 0.8382599949836731 -0.5034199953079224
vn 0.1733399927616119 0.8504199981689453 -0.4967299997806549
vn 0.1841000020503998 0.8536199927330017 -0.487280011177063
vn 0.1484799981117249 0.8637400269508362 -0.4815700054168701
vn 0.1576499938964844 0.8668000102043152 -0.4730899930000305
vn 0.1227200031280518 0.8749600052833557 -0.4683800041675568
vn 0.1302600055932999 0.8777700066566467 -0.4610399901866913
vn 0.09618999809026718 0.8840699791908264 -0.4573499858379364
vn 0.1020699962973595 0.8864899873733521 -0.451339989900589
vn 0.0691400021314621 0.8910199999809265 -0.4486599862575531
vn 0.07333999872207642 0.8929399847984314 -0.4441699981689453
vn 0.04168999940156937 0.8958200216293335 -0.4424499869346619
vn 0.04421000182628632 0.8970900177955627 -0.4396399855613708
vn 0.01394999958574772 0.8984699845314026 -0.4388200044631958
vn 0.0147900003939867 0.8989300131797791 -0.4378499984741211
vn -0.01396000012755394 0.8989400267601013 -0.4378600120544434
vn -0.01477999985218048 0.8984400033950806 -0.4388499855995178
vn -0.04176000133156776 0.8972300291061401 -0.4395900070667267
vn -0.04413999989628792 0.8956300020217896 -0.4426000118255615
vn -0.06932000070810318 0.8933500051498413 -0.4439699947834015
vn -0.07315000146627426 0.890529990196228 -0.4490100145339966
vn -0.09653999656438828 0.8873199820518494 -0.4509299993515015
vn -0.1016900017857552 0.8831300139427185 -0.4579800069332123
vn -0.1233000010251999 0.8791400194168091 -0.4603300094604492
vn -0.1296299993991852 0.8734400272369385 -0.4693599939346313
vn -0.1493500024080276 0.8688399791717529 -0.4720200002193451
vn -0.1567099988460541 0.8615099787712097 -0.4829500019550323
vn -0.1745599955320358 0.8564500212669373 -0.4858199954032898
vn -0.182779997587204 0.8473799824714661 -0.4985400140285492
vn -0.198840007185936 0.8419899940490723 -0.5015199780464172
vn -0.207749992609024 0.8310700058937073 -0.5159100294113159
vn -0.2220499962568283 0.8255000114440918 -0.5188900232315063
vn -0.2314800024032593 0.8126599788665771 -0.5347899794578552
vn -0.2439700067043304 0.8070799708366394 -0.5376700162887573
vn -0.2537400126457214 0.7922800183296204 -0.554889976978302
vn -0.2645100057125092 0.78684002161026 -0.5576000213623047
vn -0.2744199931621552 0.7700600028038025 -0.5759299993515015
vn -0.2835800051689148 0.7648699879646301 -0.5784100294113159
vn -0.2934699952602386 0.7461299896240234 -0.5976300239562988
vn -0.3010999858379364 0.7413100004196167 -0.5998299717903137
vn -0.3107999861240387 0.7206699848175049 -0.6197100281715393
vn -0.3169400095939636 0.7163900136947632 -0.6215699911117554
vn -0.3262999951839447 0.6939200162887573 -0.6418700218200684
vn -0.3310399949550629 0.690280020236969 -0.6433699727058411
vn -0.33992999792099 0.6661199927330017 -0.6638799905776978
vn -0.3456499874591827 0.661300003528595 -0.6657400131225586
vn -0.3510499894618988 0.6463000178337097 -0.6775400042533875
vn -0.7532299757003784 -0.6360599994659424 0.1675499975681305
vn -0.6385300159454346 -0.6968399882316589 -0.3266400098800659
vn -0.6339300274848938 -0.687529981136322 -0.3541699945926666
vn -0.6476799845695496 -0.6972500085830688 -0.3071599900722504
vn -0.6506500244140625 -0.7023500204086304 -0.2887099981307983
vn -0.6545100212097168 -0.7007700204849243 -0.2837899923324585
vn -0.6643099784851074 -0.6982399821281433 -0.266730010509491
vn -0.7134900093078613 -0.6922900080680847 -0.1080700010061264
vn -0.7138699889183044 -0.6926100254058838 -0.1033800020813942
vn -0.7047500014305115 -0.6921499967575073 -0.1557299941778183
vn -0.706570029258728 -0.6946700215339661 -0.134890004992485
vn -0.6951799988746643 -0.695930004119873 -0.1800100058317184
vn -0.6948500275611877 -0.6956200003623962 -0.1824800074100494
vn -0.6795300245285034 -0.6999899744987488 -0.2196699976921082
vn -0.6812000274658203 -0.7026500105857849 -0.2055599987506866
vn -0.6761500239372253 -0.6975799798965454 -0.237079992890358
vn -0.7476999759674072 -0.6628900170326233 0.03905000165104866
vn -0.7427300214767456 -0.6695399880409241 0.008689999580383301
vn -0.7434099912643433 -0.6686300039291382 0.01673999987542629
vn -0.7383900284767151 -0.6740700006484985 -0.02040999941527843
vn -0.7388100028038025 -0.6738200187683105 -0.01140000019222498
vn -0.7285000085830688 -0.6825900077819824 -0.0579800009727478
vn -0.7291499972343445 -0.6833500266075134 -0.03712999820709229
vn -0.7244300246238708 -0.6848199963569641 -0.07887999713420868
vn -0.7509499788284302 -0.6473699808120728 0.1303499937057495
vn -0.7516999840736389 -0.6483500003814697 0.1207799986004829
vn -0.7490000128746033 -0.6571099758148193 0.08485999703407288
vn -0.7468600273132324 -0.6647999882698059 0.01561000011861324
vn -0.747979998588562 -0.6625800132751465 0.03886999934911728
vn -0.7535300254821777 -0.6509900093078613 0.09168999642133713
vn -0.7547600269317627 -0.6530900001525879 0.06177999824285507
vn -0.7589600086212158 -0.6438400149345398 0.09724999964237213
vn -0.7923600077629089 -0.6100599765777588 -0.001530000008642673
vn -0.7608799934387207 -0.6484900116920471 0.02271999977529049
vn -0.7656499743461609 -0.6427199840545654 0.02620000019669533
vn -0.7608799934387207 -0.6479399800300598 0.03519000113010406
vn -0.7778599858283997 -0.6266000270843506 0.04791999980807304
vn -0.7773200273513794 -0.6288400292396545 -0.01834999956190586
vn -0.7782300114631653 -0.627839982509613 -0.01317999977618456
vn -0.7910100221633911 -0.6101599931716919 -0.04476999863982201
vn -0.7867100238800049 -0.6039599776268005 -0.1277499943971634
vn -0.7911999821662903 -0.6062099933624268 -0.08066999912261963
vn -0.7876899838447571 -0.5895699858665466 -0.1787499934434891
vn -0.7928599715232849 -0.5926499962806702 -0.1419299989938736
vn -0.7865300178527832 -0.5734999775886536 -0.2290499955415726
vn -0.7907199859619141 -0.5761500000953674 -0.2069199979305267
vn -0.7850599884986877 -0.5391299724578857 -0.3049899935722351
vn -0.7774999737739563 -0.5342699885368347 -0.3317300081253052
vn -0.7939299941062927 -0.5152400135993958 -0.3228000104427338
vn -0.7781699895858765 -0.5017600059509277 -0.3777399957180023
vn -0.7760900259017944 -0.5004600286483765 -0.3837000131607056
vn -0.7873700261116028 -0.4971100091934204 -0.3646000027656555
vn -0.7763000130653381 -0.4687100052833557 -0.4215100109577179
vn -0.7719900012016296 -0.466159999370575 -0.4321300089359283
vn -0.7830700278282166 -0.463019996881485 -0.415230005979538
vn -0.7720400094985962 -0.4357100129127502 -0.4627200067043304
vn -0.7671499848365784 -0.4329699873924255 -0.4733000099658966
vn -0.7779899835586548 -0.429830014705658 -0.4582400023937225
vn -0.7670000195503235 -0.4039300084114075 -0.4985600113868713
vn -0.7613599896430969 -0.4009700119495392 -0.5094599723815918
vn -0.7761800289154053 -0.3962100148200989 -0.4904699921607971
vn -0.7578200101852417 -0.3868499994277954 -0.5253999829292297
vn -0.7733299732208252 -0.3794200122356415 -0.5079299807548523
vn -0.7544100284576416 -0.3701499998569489 -0.5420799851417542
vn -0.769599974155426 -0.3645699918270111 -0.5242199897766113
vn -0.7504600286483765 -0.3555000126361847 -0.5571600198745728
vn -0.765999972820282 -0.3490900099277496 -0.5397899746894836
vn -0.1412899941205978 -0.3356499969959259 0.9313300251960754
vn -0.1119000017642975 -0.2170100063085556 0.969730019569397
vn 0.3989500105381012 -0.7147600054740906 0.5744199752807617
vn 0.2449800074100494 -0.7848100066184998 0.5692600011825562
vn 0.3085800111293793 -0.914870023727417 0.2603900134563446
vn -0.08461999893188477 -0.9790700078010559 0.1850900053977966
vn -0.5584700107574463 -0.6319400072097778 0.5373600125312805
vn -0.5881100296974182 -0.6131500005722046 0.5274199843406677
vn -0.5248100161552429 -0.7431600093841553 0.4150800108909607
vn -0.3992199897766113 -0.8560000061988831 0.32846999168396
vn -0.3694599866867065 -0.875 0.3128600120544434
vn -0.3507199883460999 -0.889959990978241 0.2914899885654449
vn -0.3547700047492981 -0.8894799947738647 0.2880400121212006
vn -0.3062399923801422 -0.9079599976539612 0.2860400080680847
vn -0.3184599876403809 -0.9097099900245667 0.2664900124073029
vn -0.2632200121879578 -0.9318400025367737 0.249779999256134
vn -0.2727299928665161 -0.9327399730682373 0.2358299940824509
vn -0.1138800010085106 -0.9757000207901001 0.1871799975633621
vn -0.1275400072336197 -0.9761700034141541 0.1755699962377548
vn -0.1478399932384491 -0.9764999747276306 0.1568000018596649
vn -0.1563100069761276 -0.9704599976539612 0.183789998292923
vn -0.2171999961137772 -0.9476500153541565 0.2340500056743622
vn -0.2114100009202957 -0.9532700181007385 0.215829998254776
vn -0.2450699955224991 -0.9406200051307678 0.2349099963903427
vn -0.04733999818563461 -0.9897699952125549 0.1345700025558472
vn -0.04961999878287315 -0.9887199997901917 0.1413400024175644
vn -0.01307000033557415 -0.9841700196266174 0.1767400056123734
vn 0.04944999888539314 -0.9853699803352356 0.1630900055170059
vn 0.06193999946117401 -0.9906100034713745 0.121849998831749
vn 0.01614999957382679 -0.9841300249099731 0.1767300069332123
vn 0.1795800030231476 -0.9789400100708008 0.09708999842405319
vn 0.1387899965047836 -0.9764500260353088 0.1651899963617325
vn 0.1147999987006187 -0.9755799770355225 0.1872400045394897
vn 0.09589000046253204 -0.9778800010681152 0.1859100013971329
vn 0.146139994263649 -0.9653400182723999 0.2162400037050247
vn 0.2182299941778183 -0.9521399736404419 0.2140399962663651
vn 0.224480003118515 -0.9476400017738342 0.2271199971437454
vn 0.2627100050449371 -0.9300500154495239 0.256879985332489
vn 0.2755300104618073 -0.9319000244140625 0.2359099984169006
vn 0.2478500008583069 -0.9398599863052368 0.2350099980831146
vn 0.3869200050830841 -0.8846700191497803 0.2601099908351898
vn 0.3577400147914886 -0.8891100287437439 0.2854999899864197
vn 0.3214299976825714 -0.9007700085639954 0.292059987783432
vn 0.4281400144100189 -0.8307600021362305 0.3557200133800507
vn 0.4149599969387054 -0.8337699770927429 0.364190012216568
vn 0.3913300037384033 -0.863290011882782 0.3187200129032135
vn 0.3450500071048737 -0.8756499886512756 0.3378899991512299
vn 0.4923999905586243 -0.7831699848175049 0.379720002412796
vn 0.4641500115394592 -0.7965199947357178 0.3874599933624268
vn 0.4482100009918213 -0.8057699799537659 0.3871099948883057
vn 0.449429988861084 -0.7737799882888794 0.4464100003242493
vn 0.4932099878787994 -0.7580999732017517 0.4266400039196014
vn 0.5128099918365479 -0.7174800038337708 0.4714300036430359
vn 0.5410900115966797 -0.708299994468689 0.4533700048923492
vn -0.4269900023937225 -0.5071200132369995 0.7486699819564819
vn -0.4149999916553497 -0.4853500127792358 0.7695500254631042
vn -0.4767599999904633 -0.5562700033187866 0.6806300282478333
vn -0.4726600050926208 -0.4999400079250336 0.7257099747657776
vn -0.5293300151824951 -0.5598499774932861 0.637470006942749
vn -0.5290799736976624 -0.5552200078964233 0.6417199969291687
vn -0.5943899750709534 -0.57218998670578 0.565060019493103
vn -0.5930899977684021 -0.5577600002288818 0.5806400179862976
vn -0.4752300083637238 -0.5561599731445312 0.6817899942398071
vn -0.5159400105476379 -0.6034200191497803 0.608020007610321
vn -0.5157700181007385 -0.5768300294876099 0.6334400177001953
vn -0.5487099885940552 -0.6136000156402588 0.5678099989891052
vn -0.5866900086402893 -0.5763700008392334 0.5688599944114685
vn -0.3932900130748749 -0.5918899774551392 0.7035499811172485
vn -0.4316999912261963 -0.6486700177192688 0.6267799735069275
vn -0.4336999952793121 -0.6238099932670593 0.6502000093460083
vn -0.4785400032997131 -0.6877599954605103 0.5458800196647644
vn -0.4814999997615814 -0.6639099717140198 0.5721700191497803
vn -0.5181699991226196 -0.7143399715423584 0.4703299999237061
vn -0.5421199798583984 -0.6715599894523621 0.505079984664917
vn -0.2564499974250793 -0.7909799814224243 0.5554999709129333
vn -0.2721500098705292 -0.7471699714660645 0.6063600182533264
vn -0.29789999127388 -0.8164100050926208 0.494700014591217
vn -0.3042399883270264 -0.8016600012779236 0.5145699977874756
vn -0.2322199940681458 -0.8528199791908264 0.4677299857139587
vn -0.2103900015354156 -0.8865900039672852 0.4119299948215485
vn 0.1831499934196472 -0.8066999912261963 0.5618699789047241
vn 0.194470003247261 -0.8209400177001953 0.5368800163269043
vn 0.1130599975585938 -0.8401899933815002 0.5303800106048584
vn 0.1192200034856796 -0.8494300246238708 0.5140500068664551
vn 0.03830999881029129 -0.8588700294494629 0.5107600092887878
vn 0.04010999947786331 -0.8621900081634521 0.5049999952316284
vn -0.03847000002861023 -0.8622400164604187 0.5050399899482727
vn -0.03994999825954437 -0.8587300181388855 0.5108600258827209
vn -0.1144500002264977 -0.8501499891281128 0.513949990272522
vn -0.1177600026130676 -0.8392400145530701 0.5308600068092346
vn -0.1869799941778183 -0.8229699730873108 0.5364400148391724
vn -0.1904499977827072 -0.8043100237846375 0.5628600120544434
vn -0.2449800074100494 -0.7848100066184998 0.5692600011825562
vn -0.2630200088024139 -0.8413800001144409 0.4721199870109558
vn -0.2694199979305267 -0.8289899826049805 0.490090012550354
vn 0.1257500052452087 -0.8948500156402588 0.4282900094985962
vn 0.1317099928855896 -0.9019500017166138 0.4112699925899506
vn 0.04250999912619591 -0.9125199913978577 0.4068300127983093
vn 0.04430000111460686 -0.9150699973106384 0.4008499979972839
vn -0.04264000058174133 -0.9151399731636047 0.4008800089359283
vn -0.04416999965906143 -0.9123899936676025 0.4069400131702423
vn -0.1268800050020218 -0.9027100205421448 0.4111100137233734
vn -0.1305200010538101 -0.8938999772071838 0.428849995136261
vn -0.1942799985408783 -0.8790500164031982 0.4353500008583069
vn 0.2955900132656097 -0.8102200031280518 0.5061299800872803
vn 0.2458900064229965 -0.7595300078392029 0.6022099852561951
vn 0.3056800067424774 -0.7302700281143188 0.6109499931335449
vn 0.2896200120449066 -0.7229200005531311 0.6273000240325928
vn 0.3320200145244598 -0.6987500190734863 0.633650004863739
vn 0.3726899921894073 -0.5593900084495544 0.7404000163078308
vn 0.4455899894237518 -0.6042799949645996 0.6605200171470642
vn 0.3543600142002106 -0.7448700070381165 0.5653300285339355
vn 0.3716799914836884 -0.7498700022697449 0.5473099946975708
vn 0.3257000148296356 -0.7771599888801575 0.5384600162506104
vn 0.3413200080394745 -0.782289981842041 0.5210800170898438
vn 0.2942399978637695 -0.8065900206565857 0.5126799941062927
vn 0.3080799877643585 -0.8116899728775024 0.4962399899959564
vn 0.2602899968624115 -0.8328199982643127 0.4885199964046478
vn 0.2722899913787842 -0.8377400040626526 0.4733499884605408
vn 0.2044800072908401 -0.8622499704360962 0.4633699953556061
vn 0.2453600019216537 -0.9005600214004517 0.3588699996471405
vn 0.1942799985408783 -0.8790500164031982 0.4353500008583069
vn 0.4383699893951416 -0.5946699976921082 0.6739400029182434
vn 0.4752300083637238 -0.5561599731445312 0.6817899942398071
vn 0.5046499967575073 -0.5903099775314331 0.6299700140953064
vn 0.3360199928283691 -0.6578699946403503 0.674019992351532
vn 0.3758800029754639 -0.6291300058364868 0.6803799867630005
vn 0.4026300013065338 -0.6731100082397461 0.6203299760818481
vn 0.4437299966812134 -0.6381199955940247 0.6292099952697754
vn 0.4697999954223633 -0.6753000020980835 0.5685499906539917
vn 0.5109099745750427 -0.6338300108909607 0.5807200074195862
vn -0.3334699869155884 -0.846340000629425 0.4153400063514709
vn -0.3262900114059448 -0.8591799736022949 0.3941400051116943
vn -0.2945500016212463 -0.8734200000762939 0.3877800107002258
vn -0.2874700129032135 -0.8839399814605713 0.3688099980354309
vn -0.2532800137996674 -0.8967800140380859 0.3628199994564056
vn -0.2466199994087219 -0.9050999879837036 0.3463700115680695
vn -0.209989994764328 -0.9163299798965454 0.340939998626709
vn -0.2040400058031082 -0.9226499795913696 0.3272500038146973
vn -0.1418099999427795 -0.9368900060653687 0.3195599913597107
vn -0.1378500014543533 -0.9434499740600586 0.3014900088310242
vn -0.04786999896168709 -0.953980028629303 0.2960300147533417
vn -0.0463000014424324 -0.9559299945831299 0.289929986000061
vn 0.04795999825000763 -0.9558500051498413 0.2899099886417389
vn 0.04620999842882156 -0.9541000127792358 0.2959100008010864
vn 0.1426900029182434 -0.9426599740982056 0.3017100095748901
vn 0.137020006775856 -0.9378299713134766 0.3189199864864349
vn 0.2110099941492081 -0.9207999706268311 0.328029990196228
vn 0.2030600011348724 -0.9182900190353394 0.3398700058460236
vn 0.2548600137233734 -0.9023699760437012 0.3475199937820435
vn 0.2451100051403046 -0.899649977684021 0.3613199889659882
vn 0.2968400120735168 -0.8801800012588501 0.3703700006008148
vn 0.2852999866008759 -0.8773400187492371 0.3858500123023987
vn 0.3366000056266785 -0.8542699813842773 0.396120011806488
vn 0.323309987783432 -0.851419985294342 0.4129700064659119
vn 0.3738200068473816 -0.8247799873352051 0.4242700040340424
vn 0.358819991350174 -0.8220199942588806 0.4421899914741516
vn 0.4080699980258942 -0.7919300198554993 0.454230010509491
vn 0.3914499878883362 -0.7893800139427185 0.4729200005531311
vn 0.4390900135040283 -0.7560200095176697 0.4854300022125244
vn 0.4209200143814087 -0.7537999749183655 0.5045899748802185
vn 0.4666599929332733 -0.7173900008201599 0.5172799825668335
vn 0.5284799933433533 -0.5589500069618225 0.6389700174331665
vn 0.5272600054740906 -0.557669997215271 0.6410899758338928
vn 0.5322399735450745 -0.5561400055885315 0.6383000016212463
vn 0.5850399732589722 -0.5700399875640869 0.5768799781799316
vn 0.5940899848937988 -0.5687199831008911 0.5688700079917908
vn 0.008609999902546406 -0.5485299825668335 0.8360900282859802
vn 0.01896999962627888 -0.5289199948310852 0.8484600186347961
vn 0.02652999944984913 -0.5418499708175659 0.8400499820709229
vn 0.05889999866485596 -0.5385199785232544 0.8405500054359436
vn 0.04201000183820724 -0.4966700077056885 0.866919994354248
vn 0.0625 -0.5204300284385681 0.851610004901886
vn 0.09489999711513519 -0.513759970664978 0.8526700139045715
vn 0.0733100026845932 -0.4711500108242035 0.8790000081062317
vn 0.09382999688386917 -0.4860799908638 0.8688600063323975
vn 0.1250900030136108 -0.4763700067996979 0.8702999949455261
vn 0.09925000369548798 -0.4347299933433533 0.8950700163841248
vn 0.1182399988174438 -0.4414800107479095 0.8894500136375427
vn 0.1351899951696396 -0.4344800114631653 0.8904799818992615
vn 0.1319800019264221 -0.3899799883365631 0.9113199710845947
vn 0.1345299929380417 -0.3899500072002411 0.9109600186347961
vn 0.161420002579689 -0.3758800029754639 0.9125000238418579
vn 0.129380002617836 -0.3403699994087219 0.9313499927520752
vn 0.1691299974918365 -0.3240799903869629 0.9307900071144104
vn 0.1323699951171875 -0.2892999947071075 0.9480400085449219
vn 0.1125300005078316 -0.2164900004863739 0.9697800278663635
vn 0.3168300092220306 -0.5036799907684326 0.8036900162696838
vn 0.3513799905776978 -0.5283700227737427 0.7728899717330933
vn 0.2926700115203857 -0.572409987449646 0.7659599781036377
vn 0.5275099873542786 -0.5899400115013123 0.6113100051879883
vn 0.488970011472702 -0.6333699822425842 0.5997899770736694
vn 0.4611200094223022 -0.5975599884986877 0.6559699773788452
vn 0.4220899939537048 -0.6344699859619141 0.6475200057029724
vn 0.3932900130748749 -0.5918899774551392 0.7035499811172485
vn 0.3549900054931641 -0.6225500106811523 0.6974300146102905
vn 0.3580499887466431 -0.6277400255203247 0.6911900043487549
vn 0.3089599907398224 -0.6064900159835815 0.7325999736785889
vn 0.2582600116729736 -0.6370999813079834 0.7262200117111206
vn 0.1608300060033798 -0.2640799880027771 0.9509999752044678
vn 0.153889998793602 -0.2513200044631958 0.9555900096893311
vn 0.1706500053405762 -0.2738899886608124 0.9465000033378601
vn -0.1559000015258789 -0.3330399990081787 0.9299399852752686
vn -0.1424700021743774 -0.2806299924850464 0.949180006980896
vn -0.1641599982976913 -0.2702099978923798 0.9487000107765198
vn -0.1852300018072128 -0.2924399971961975 0.9381700158119202
vn -0.1706500053405762 -0.2738899886608124 0.9465000033378601
vn -0.153889998793602 -0.2513200044631958 0.9555900096893311
vn -0.148719996213913 -0.3825699985027313 0.9118800163269043
vn -0.1339100003242493 -0.3902699947357178 0.9109100103378296
vn -0.1319999992847443 -0.3900400102138519 0.9112899899482727
vn -0.1344899982213974 -0.4347699880599976 0.8904399871826172
vn -0.1177899986505508 -0.4416599869728088 0.8894199728965759
vn -0.1140799969434738 -0.4400799870491028 0.8906800150871277
vn -0.1118199974298477 -0.4805600047111511 0.8697999715805054
vn -0.09354999661445618 -0.486160010099411 0.8688499927520752
vn -0.08812999725341797 -0.4820199906826019 0.871720016002655
vn -0.08184999972581863 -0.5165200233459473 0.8523499965667725
vn -0.06238999962806702 -0.5204499959945679 0.851610004901886
vn -0.05559999868273735 -0.5125300288200378 0.8568699955940247
vn -0.04650000110268593 -0.5398600101470947 0.840470016002655
vn -0.01954000070691109 -0.5425000190734863 0.8398299813270569
vn -0.02503000013530254 -0.5172799825668335 0.8554499745368958
vn -0.008609999902546406 -0.5485299825668335 0.8360900282859802
vn -0.2597300112247467 -0.5395500063896179 0.8008900284767151
vn -0.3797399997711182 -0.4684300124645233 0.797730028629303
vn -0.3406200110912323 -0.4216600060462952 0.8403499722480774
vn -0.3566499948501587 -0.4684900045394897 0.8082799911499023
vn -0.2760699987411499 -0.364080011844635 0.8895099759101868
vn -0.2931900024414062 -0.4110699892044067 0.8631700277328491
vn -0.3089599907398224 -0.6064900159835815 0.7325999736785889
vn -0.3438099920749664 -0.6726199984550476 0.655269980430603
vn -0.3473100066184998 -0.6499500274658203 0.6759700179100037
vn -0.3871200084686279 -0.723039984703064 0.5721499919891357
vn -0.391539990901947 -0.7015900015830994 0.5953699946403503
vn -0.4271099865436554 -0.7647600173950195 0.4824100136756897
vn -0.4325999915599823 -0.7448700070381165 0.5079600214958191
vn -0.4630700051784515 -0.7972000241279602 0.3873400092124939
vn -0.4761700034141541 -0.7670300006866455 0.4300200045108795
vn -0.2518999874591827 -0.4966000020503998 0.8306300044059753
vn -0.3117499947547913 -0.6077600121498108 0.7303699851036072
vn -0.3156799972057343 -0.5556600093841553 0.7691500186920166
vn -0.3640300035476685 -0.6378999948501587 0.6786500215530396
vn -0.3664500117301941 -0.6136100292205811 0.699429988861084
vn -0.4109799861907959 -0.6868100166320801 0.5995000004768372
vn -0.4142700135707855 -0.6635100245475769 0.623009979724884
vn -0.4545300006866455 -0.727429986000061 0.5140500068664551
vn -0.4588600099086761 -0.7054299712181091 0.5401899814605713
vn -0.4769400060176849 -0.7331500053405762 0.4847800135612488
vn -0.5384600162506104 -0.7090299725532532 0.4553500115871429
vn -0.5415499806404114 -0.671750009059906 0.5054399967193604
vn -0.5004400014877319 -0.6208699941635132 0.6033899784088135
vn -0.4990099966526031 -0.6462600231170654 0.5773500204086304
vn -0.4498200118541718 -0.5830299854278564 0.6765599846839905
vn -0.4492200016975403 -0.6091300249099731 0.6535699963569641
vn -0.3957700133323669 -0.5378100275993347 0.7443900108337402
vn -0.395440012216568 -0.5924500226974487 0.7018799781799316
vn -0.327890008687973 -0.4941299855709076 0.8051900267601013
vn -0.3394100069999695 -0.5376999974250793 0.7717999815940857
vn -0.2688699960708618 -0.4312300086021423 0.8612499833106995
vn -0.2810899913311005 -0.4760800004005432 0.8332700133323669
vn 0.2579900026321411 -0.4400300085544586 0.8601199984550476
vn 0.2928900122642517 -0.4675500094890594 0.8340299725532532
vn 0.2411500066518784 -0.5039299726486206 0.8294000029563904
vn 0.271259993314743 -0.5326399803161621 0.8016899824142456
vn 0.215049996972084 -0.5651299953460693 0.7964800000190735
vn 0.2394199967384338 -0.5929700136184692 0.768809974193573
vn 0.1795099973678589 -0.6202300190925598 0.7635999917984009
vn 0.1976500004529953 -0.6450600028038025 0.7381299734115601
vn 0.1354299932718277 -0.6659600138664246 0.7335900068283081
vn 0.1474100053310394 -0.6857600212097168 0.7127500176429749
vn 0.08436000347137451 -0.699679970741272 0.7094600200653076
vn 0.0907600000500679 -0.7126799821853638 0.6955900192260742
vn 0.0287299994379282 -0.7194700241088867 0.6939299702644348
vn 0.03053000010550022 -0.7241299748420715 0.6889799833297729
vn -0.02893999963998795 -0.7241700291633606 0.6890199780464172
vn -0.03031999990344048 -0.7193300127983093 0.6940100193023682
vn -0.08615999668836594 -0.7132800221443176 0.6955599784851074
vn -0.08888000249862671 -0.6987800002098083 0.7097899913787842
vn -0.1402200013399124 -0.6875 0.7125200033187866
vn -0.1424099951982498 -0.6637700200080872 0.734250009059906
vn -0.188400000333786 -0.648360013961792 0.7376499772071838
vn -0.1883800029754639 -0.6163899898529053 0.7645800113677979
vn -0.2287099957466125 -0.5980700254440308 0.7681199908256531
vn -0.2251600027084351 -0.559499979019165 0.7976599931716919
vn -0.2734200060367584 -0.672510027885437 0.6877300143241882
vn -0.282150000333786 -0.6230300068855286 0.7295399904251099
vn -0.3207600116729736 -0.7053800225257874 0.632099986076355
vn -0.3251799941062927 -0.6846100091934204 0.6523600220680237
vn -0.3602100014686584 -0.7569400072097778 0.5452399849891663
vn -0.3655399978160858 -0.7375900149345398 0.5677499771118164
vn -0.3964399993419647 -0.7993599772453308 0.4514999985694885
vn -0.4028100073337555 -0.7817599773406982 0.4760200083255768
vn -0.4225299954414368 -0.8199099898338318 0.3862699866294861
vn -0.461870014667511 -0.7978600263595581 0.3874199986457825
vn 0.1852300018072128 -0.2924399971961975 0.9381700158119202
vn 0.2330300062894821 -0.3397600054740906 0.9111899733543396
vn 0.1962900012731552 -0.3681800067424774 0.9088000059127808
vn 0.2311899960041046 -0.3980900049209595 0.8877400159835815
vn 0.1871899962425232 -0.4271900057792664 0.8845700025558472
vn 0.2175599932670593 -0.4586000144481659 0.8615999817848206
vn 0.1697899997234344 -0.4847399890422821 0.858020007610321
vn 0.1945099979639053 -0.5154399871826172 0.8345599770545959
vn 0.1436900049448013 -0.5374600291252136 0.8309599757194519
vn 0.1621599942445755 -0.565060019493103 0.8089600205421448
vn 0.1095400005578995 -0.5819600224494934 0.8058099746704102
vn 0.1217299997806549 -0.6041200160980225 0.7875400185585022
vn 0.06870999932289124 -0.615339994430542 0.785260021686554
vn 0.07518000155687332 -0.6299700140953064 0.7729799747467041
vn 0.02347999997437 -0.6353999972343445 0.7718300223350525
vn 0.02528000064194202 -0.6406499743461609 0.7674199938774109
vn -0.02370999939739704 -0.6406700015068054 0.7674499750137329
vn -0.02504999935626984 -0.6352599859237671 0.7718899846076965
vn -0.07064999639987946 -0.6305099725723267 0.7729600071907043
vn -0.07315000146627426 -0.6144700050354004 0.785539984703064
vn -0.1146600022912025 -0.6057199835777283 0.7873700261116028
vn -0.1163899973034859 -0.5798599720001221 0.8063600063323975
vn -0.1530700027942657 -0.5681099891662598 0.8085899949073792
vn -0.1523700058460236 -0.5338299870491028 0.8317499756813049
vn -0.1840000003576279 -0.5201399922370911 0.8340200185775757
vn -0.1796900033950806 -0.4794600009918213 0.8589699864387512
vn -0.2062399983406067 -0.4649499952793121 0.8609799742698669
vn -0.1977300047874451 -0.4203599989414215 0.8855500221252441
vn -0.2196000069379807 -0.4059099853038788 0.8871399760246277
vn -0.2069499939680099 -0.3600499927997589 0.9096900224685669
vn -0.2330300062894821 -0.3397600054740906 0.9111899733543396
vn -0.222450003027916 -0.3197399973869324 0.921019971370697
vn 0.222450003027916 -0.3197399973869324 0.921019971370697
vn 0.2648600041866302 -0.3745599985122681 0.8885700106620789
vn 0.304749995470047 -0.4012599885463715 0.8637800216674805
vn 0.3292900025844574 -0.4330599904060364 0.8390600085258484
vn 0.3697099983692169 -0.4564499855041504 0.8093000054359436
vn 0.3797399997711182 -0.4684300124645233 0.797730028629303
vn 0.4269900023937225 -0.5071200132369995 0.7486699819564819
vn 0.4149999916553497 -0.4853500127792358 0.7695500254631042
vn 0.4507499933242798 -0.526419997215271 0.7208999991416931
vn 0.5768200159072876 -0.586359977722168 0.5687400102615356
vn 0.5605499744415283 -0.6148200035095215 0.5547800064086914
vn 0.5617799758911133 -0.6281700134277344 0.5383399724960327
vn 0.5416899919509888 -0.6671100258827209 0.5114099979400635
vn 0.5418400168418884 -0.6721000075340271 0.5046700239181519
vn 0.5181699991226196 -0.7143399715423584 0.4703299999237061
vn 0.4906400144100189 -0.6764799952507019 0.5492299795150757
vn 0.447079986333847 -0.7156299948692322 0.5366500020027161
vn 0.4229899942874908 -0.6773599982261658 0.6018800139427185
vn 0.3800399899482727 -0.7100499868392944 0.5927900075912476
vn 0.3554500043392181 -0.664900004863739 0.6569399833679199
vn 0.3142200112342834 -0.6914600133895874 0.6504999995231628
vn 0.3159700036048889 -0.6951900124549866 0.6456500291824341
vn 0.2673600018024445 -0.6690999865531921 0.6934099793434143
vn 0.2136600017547607 -0.694350004196167 0.6871899962425232
vn 0.2313400059938431 -0.7160599827766418 0.6585900187492371
vn 0.1600300073623657 -0.7410399913787842 0.6521099805831909
vn 0.1717399954795837 -0.7582100033760071 0.6289799809455872
vn 0.09918999671936035 -0.7748500108718872 0.6243100166320801
vn 0.1054999977350235 -0.7860699892044067 0.6090700030326843
vn 0.03369000181555748 -0.7942100167274475 0.6067100167274475
vn 0.03550000116229057 -0.798229992389679 0.6013000011444092
vn -0.03387999907135963 -0.7982800006866455 0.6013399958610535
vn -0.03530000150203705 -0.7940700054168701 0.6067900061607361
vn -0.1008099988102913 -0.7867299914360046 0.6090099811553955
vn -0.1037999987602234 -0.7739199995994568 0.6247100234031677
vn -0.1643999963998795 -0.7601000070571899 0.6286699771881104
vn -0.1671700030565262 -0.7387499809265137 0.6529200077056885
vn -0.22189000248909 -0.7196400165557861 0.6579399704933167
vn -0.2227299958467484 -0.690280020236969 0.6883999705314636
vn -0.2673600018024445 -0.6690999865531921 0.6934099793434143
vn -0.2949599921703339 -0.7358099818229675 0.6095700263977051
vn -0.3000899851322174 -0.7171499729156494 0.6290000081062317
vn -0.3303999900817871 -0.7881699800491333 0.5192499756813049
vn -0.3363800048828125 -0.7710700035095215 0.5406399965286255
vn -0.3627499938011169 -0.8309199810028076 0.421889990568161
vn -0.3696900010108948 -0.8156899809837341 0.4449500143527985
vn -0.3876000046730042 -0.8550999760627747 0.3443399965763092
vn -0.4438300132751465 -0.8221799731254578 0.3564200103282928
vn -0.06764999777078629 -0.4318299889564514 0.8994200229644775
vn -0.06728000193834305 -0.4413999915122986 0.8947799801826477
vn -0.07727000117301941 -0.4172999858856201 0.9054800271987915
vn -0.09250999987125397 -0.4127599895000458 0.9061300158500671
vn -0.09250999987125397 -0.4126400053501129 0.9061800241470337
vn -0.1018899977207184 -0.3933199942111969 0.9137399792671204
vn -0.145689994096756 -0.2644200026988983 0.9533399939537048
vn -0.1474500000476837 -0.2808000147342682 0.9483699798583984
vn -0.1326500028371811 -0.2933700084686279 0.9467499852180481
vn -0.1334999948740005 -0.3062300086021423 0.942550003528595
vn -0.1185199990868568 -0.3196899890899658 0.9400799870491028
vn -0.1181000024080276 -0.3316400051116943 0.9359800219535828
vn -0.1105199977755547 -0.3353999853134155 0.9355700016021729
vn -0.09779000282287598 -0.3477999866008759 0.932449996471405
vn 0.06872999668121338 -0.4371599853038788 0.8967499732971191
vn 0.02274000085890293 -0.4795100092887878 0.877240002155304
vn 0.01346000004559755 -0.4469600021839142 0.8944500088691711
vn 0.03650999814271927 -0.4447599947452545 0.8949000239372253
vn 0.04221000149846077 -0.4550899863243103 0.8894400000572205
vn 0.04992999881505966 -0.4353199899196625 0.8988900184631348
vn 0.06576000154018402 -0.4322099983692169 0.899370014667511
vn 0.1115299984812737 -0.3799000084400177 0.9182800054550171
vn 0.1171500012278557 -0.3872199952602386 0.9145100116729736
vn 0.1022899970412254 -0.3931699991226196 0.9137600064277649
vn 0.09211999922990799 -0.4113900065422058 0.906790018081665
vn 0.0929500013589859 -0.4126299917697906 0.9061400294303894
vn 0.07750000059604645 -0.4172300100326538 0.905489981174469
vn 0.1326799988746643 -0.2588599920272827 0.9567599892616272
vn 0.1392599940299988 -0.2642500102519989 0.9543499946594238
vn 0.1182100027799606 -0.2788999974727631 0.9530199766159058
vn 0.1235200017690659 -0.2841899991035461 0.9507799744606018
vn 0.1021599993109703 -0.2967999875545502 0.9494600296020508
vn 0.1062600016593933 -0.3017399907112122 0.9474499821662903
vn 0.08482000231742859 -0.3121899962425232 0.9462199807167053
vn 0.08778999745845795 -0.3165299892425537 0.9445099830627441
vn 0.06644000113010406 -0.3247900009155273 0.9434499740600586
vn 0.06842000037431717 -0.3283199965953827 0.942080020904541
vn 0.04743999987840652 -0.3343600034713745 0.9412500262260437
vn 0.04861000180244446 -0.3369399905204773 0.9402700066566467
vn 0.02821999974548817 -0.3408100008964539 0.9397100210189819
vn 0.02876999974250793 -0.3423500061035156 0.9391300082206726
vn 0.009279999881982803 -0.3441900014877319 0.9388499855995178
vn 0.009420000016689301 -0.3446899950504303 0.9386699795722961
vn -0.009300000034272671 -0.3446899950504303 0.9386699795722961
vn -0.009399999864399433 -0.3441799879074097 0.9388599991798401
vn -0.0284000001847744 -0.3423900008201599 0.9391300082206726
vn -0.02858000062406063 -0.3407500088214874 0.9397199749946594
vn -0.047970000654459 -0.3370600044727325 0.9402599930763245
vn -0.04805999994277954 -0.3341799974441528 0.9412800073623657
vn -0.06748999655246735 -0.3285900056362152 0.9420599937438965
vn -0.06731999665498734 -0.3244499862194061 0.9434999823570251
vn -0.06742999702692032 -0.3244099915027618 0.9435099959373474
vn -0.1165399998426437 -0.387470006942749 0.9144899845123291
vn 0.001200000056996942 -0.119099996984005 0.9928799867630005
vn 0.001350000035017729 -0.1197099983692169 0.9928100109100342
vn 0.003560000099241734 -0.1224900037050247 0.9924600124359131
vn 0.004490000195801258 -0.1224000006914139 0.9924700260162354
vn 0.06910999864339828 -0.1859000027179718 0.9801300168037415
vn 0.00686000008136034 -0.1295599937438965 0.9915500283241272
vn 0.009879999794065952 -0.1315499991178513 0.9912599921226501
vn 0.01020999997854233 -0.1314900070428848 0.9912599921226501
vn 0.01549000013619661 -0.1440200060606003 0.9894499778747559
vn 0.0193099994212389 -0.1445199996232986 0.9893100261688232
vn 0.02762000076472759 -0.1613499969244003 0.9865099787712097
vn 0.03229000046849251 -0.1593499928712845 0.9866899847984314
vn 0.04472000151872635 -0.1788199990987778 0.9828699827194214
vn 0.04907000064849854 -0.1738400012254715 0.9835500121116638
vn 0.06244000047445297 -0.1901700049638748 0.9797599911689758
vn 0.06887999922037125 -0.1864400058984756 0.9800500273704529
vn 0.1073400005698204 -0.2052599936723709 0.9728000164031982
vn 0.09144999831914902 -0.1939399987459183 0.9767400026321411
vn 0.09120000153779984 -0.1952400058507919 0.9765099883079529
vn 0.08412999659776688 -0.200080007314682 0.9761599898338318
vn -0.06690999865531921 -0.1875900030136108 0.9799699783325195
vn -0.05514999851584435 -0.1876399964094162 0.9806900024414062
vn -0.07333999872207642 -0.1838600039482117 0.98021000623703
vn -0.07726000249385834 -0.2010000050067902 0.9765400290489197
vn -0.09668999910354614 -0.1939799934625626 0.9762300252914429
vn -0.02166000008583069 -0.1533499956130981 0.9879299998283386
vn -0.02219000086188316 -0.1437100023031235 0.9893699884414673
vn -0.01821999996900558 -0.1448100060224533 0.9892899990081787
vn -0.01125000044703484 -0.1370600014925003 0.9904999732971191
vn -0.05299000069499016 -0.1720499992370605 0.9836599826812744
vn -0.0473099984228611 -0.1747500002384186 0.9834799766540527
vn -0.03638000041246414 -0.1710299998521805 0.9845899939537048
vn -0.03578000143170357 -0.1580400019884109 0.9867799878120422
vn -0.03093999996781349 -0.159850001335144 0.9866600036621094
vn -0.01224000006914139 -0.1311199963092804 0.9912899732589722
vn -0.009069999679923058 -0.1316999942064285 0.9912499785423279
vn -0.004730000160634518 -0.124609999358654 0.9921900033950806
vn -0.005429999902844429 -0.1223199963569641 0.9924799799919128
vn -0.001329999999143183 -0.1226899996399879 0.9924399852752686
vn -0.002589999930933118 -0.1154199987649918 0.9933099746704102
vn -0.0007800000021234155 -0.119099996984005 0.9928799867630005
vn 0.1487600058317184 -0.2779200077056885 0.9490100145339966
vn 0.1668500006198883 -0.2920500040054321 0.9417399764060974
vn 0.1377200037240982 -0.3088299930095673 0.9410899877548218
vn 0.1523299962282181 -0.3229100108146667 0.9340900182723999
vn 0.1266400068998337 -0.3450399935245514 0.9300100207328796
vn 0.1376300007104874 -0.3574300110340118 0.923740029335022
vn 0.123599998652935 -0.3644900023937225 0.9229699969291687
vn 0.006680000107735395 -0.4494700133800507 0.8932700157165527
vn -0.006680000107735395 -0.4494700133800507 0.8932700157165527
vn -0.0141200004145503 -0.4634599983692169 0.8860099911689758
vn -0.02072999998927116 -0.4462999999523163 0.8946499824523926
vn -0.04091000184416771 -0.4443199932575226 0.8949400186538696
vn -0.03852999955415726 -0.4647200107574463 0.8846200108528137
vn -0.04983000084757805 -0.4353300034999847 0.8988900184631348
vn 0.1182999983429909 -0.2352100014686584 0.9647200107574463
vn 0.1147399991750717 -0.2321600019931793 0.9658899903297424
vn 0.09971000254154205 -0.2425000071525574 0.9650099873542786
vn 0.09542000293731689 -0.2380300015211105 0.9665600061416626
vn 0.08111000061035156 -0.2463600039482117 0.9657800197601318
vn 0.07660999894142151 -0.2407100051641464 0.9675700068473816
vn 0.06315000355243683 -0.2471700012683868 0.9669100046157837
vn 0.05894999951124191 -0.2407799959182739 0.9687899947166443
vn 0.04631000012159348 -0.2455800026655197 0.9682700037956238
vn 0.04283000156283379 -0.239109992980957 0.9700499773025513
vn 0.03102000057697296 -0.2424300014972687 0.9696699976921082
vn 0.02852999977767467 -0.2366999983787537 0.9711599946022034
vn 0.01743000000715256 -0.2387599945068359 0.9709200263023376
vn 0.01603000052273273 -0.2346699982881546 0.9719399809837341
vn 0.005489999894052744 -0.2356400042772293 0.9718199968338013
vn 0.005090000107884407 -0.2340900003910065 0.9721999764442444
vn -0.005429999902844429 -0.2340900003910065 0.9721999764442444
vn -0.005150000099092722 -0.2356700003147125 0.9718199968338013
vn -0.01696000061929226 -0.2345899939537048 0.9719499945640564
vn -0.01651999913156033 -0.2389300018548965 0.9708999991416931
vn -0.02989000082015991 -0.2364400029182434 0.9711899757385254
vn -0.02971000038087368 -0.2427999973297119 0.9696199893951416
vn -0.04444999992847443 -0.2386399954557419 0.9700899720191956
vn -0.04475999996066093 -0.2461600005626678 0.9681900143623352
vn -0.06066000089049339 -0.240119993686676 0.9688400030136108
vn -0.06153000146150589 -0.2479400038719177 0.9668200016021729
vn -0.07825999706983566 -0.2399200052022934 0.9676300287246704
vn -0.07958000153303146 -0.2472500056028366 0.9656800031661987
vn -0.09684000164270401 -0.2372000068426132 0.9666200280189514
vn -0.09839999675750732 -0.2433899939060211 0.9649199843406677
vn -0.1099099963903427 -0.2354899942874908 0.9656400084495544
vn -0.1088899970054626 -0.2234299927949905 0.9686200022697449
vn 0.12117999792099 -0.7778900265693665 0.6166099905967712
vn -0.1266099959611893 -0.383760005235672 0.9147099852561951
vn -0.07230000197887421 -0.4040400087833405 0.9118800163269043
vn -0.04484999924898148 -0.4091399908065796 0.9113699793815613
vn -0.09969999641180038 -0.3957000076770782 0.9129499793052673
vn -0.07304000109434128 -0.7872599959373474 0.612280011177063
vn -0.1203100010752678 -0.7723699808120728 0.6236799955368042
vn -0.1652600020170212 -0.7507100105285645 0.6396300196647644
vn -0.1524399966001511 -0.3680999875068665 0.9172000288963318
vn -0.2071399986743927 -0.7225599884986877 0.6595399975776672
vn -0.2783499956130981 -0.6491900086402893 0.7078700065612793
vn -0.3089900016784668 -0.6079000234603882 0.7314299941062927
vn -0.3191199898719788 -0.6171299815177917 0.7192500233650208
vn -0.2941299974918365 -0.5696700215339661 0.7674400210380554
vn -0.2804000079631805 -0.5554699897766113 0.7828400135040283
vn -0.2030200064182281 -0.3657099902629852 0.9083200097084045
vn -0.2362399995326996 -0.4273200035095215 0.8726900219917297
vn -0.2361100018024445 -0.4315299987792969 0.8706499934196472
vn -0.2737700045108795 -0.5060200095176697 0.8179200291633606
vn -0.2735199928283691 -0.5201500058174133 0.8090900182723999
vn -0.3044900000095367 -0.5774800181388855 0.7574999928474426
vn -0.265500009059906 -0.6080399751663208 0.7481899857521057
vn -0.2887099981307983 -0.6601200103759766 0.6934599876403809
vn -0.2450300008058548 -0.6884999871253967 0.6825900077819824
vn -0.1701399981975555 -0.3337199985980988 0.9271900057792664
vn -0.1848399937152863 -0.3415400087833405 0.9215099811553955
vn -0.1633699983358383 -0.2997399866580963 0.9399300217628479
vn -0.2132599949836731 -0.7311400175094604 0.6480399966239929
vn -0.1974299997091293 -0.6779999732971191 0.708050012588501
vn -0.2412700057029724 -0.6549100279808044 0.716159999370575
vn -0.2157700061798096 -0.5874699950218201 0.7799500226974487
vn -0.2175499945878983 -0.5745099782943726 0.7890499830245972
vn -0.1824900060892105 -0.4859899878501892 0.8547000288963318
vn -0.183449998497963 -0.47775998711586 0.8591200113296509
vn -0.1414200067520142 -0.3764399886131287 0.9155799746513367
vn -0.1412000060081482 -0.3785200119018555 0.9147599935531616
vn -0.2531900107860565 -0.6984300017356873 0.6693999767303467
vn -0.2336100041866302 -0.6454799771308899 0.7271699905395508
vn -0.2752699851989746 -0.6183900237083435 0.7360900044441223
vn -0.2466699928045273 -0.5557399988174438 0.7939199805259705
vn -0.247869998216629 -0.5399799942970276 0.8043500185012817
vn -0.2100400030612946 -0.4610899984836578 0.8621299862861633
vn -0.2106499969959259 -0.4505900144577026 0.8675299882888794
vn -0.1651899963617325 -0.36039999127388 0.9180499911308289
vn -0.1652700006961823 -0.3587000072002411 0.9186999797821045
vn -0.1230100020766258 -0.7774900197982788 0.6167399883270264
vn -0.1146100014448166 -0.7256500124931335 0.6784499883651733
vn -0.1614300012588501 -0.7115300297737122 0.6838600039482117
vn -0.1439200043678284 -0.6365500092506409 0.7576900124549866
vn -0.1459700018167496 -0.6290900111198425 0.76350998878479
vn -0.120279997587204 -0.5235900282859802 0.8434399962425232
vn -0.1213100031018257 -0.5194100141525269 0.8458700180053711
vn -0.09070000052452087 -0.3987399935722351 0.9125699996948242
vn -0.08856000006198883 -0.4077900052070618 0.9087700247764587
vn -0.02452000044286251 -0.795229971408844 0.6058200001716614
vn -0.008109999820590019 -0.7486500144004822 0.662909984588623
vn -0.07083000242710114 -0.7428900003433228 0.66566002368927
vn -0.06302999705076218 -0.6636499762535095 0.745389997959137
vn -0.06420999765396118 -0.6609100103378296 0.7477099895477295
vn -0.0522099994122982 -0.5437600016593933 0.8376200199127197
vn -0.05271000042557716 -0.5425000190734863 0.8384000062942505
vn -0.03855999931693077 -0.4095000028610229 0.9114900231361389
vn -0.03311999887228012 -0.4235799908638 0.9052600264549255
vn -0.07445000112056732 -0.7904099822044373 0.6080399751663208
vn -0.06956999748945236 -0.7399100065231323 0.6690999865531921
vn -0.1170800030231476 -0.7305200099945068 0.6727799773216248
vn -0.1042699962854385 -0.652970016002655 0.7501800060272217
vn -0.1060099974274635 -0.6480000019073486 0.7542300224304199
vn -0.08670999854803085 -0.535860002040863 0.8398399949073792
vn -0.08753000199794769 -0.5333099961280823 0.8413800001144409
vn -0.06464000046253204 -0.4053800106048584 0.9118599891662598
vn -0.06097999960184097 -0.4172599911689758 0.9067400097846985
vn -0.1695400029420853 -0.757669985294342 0.6302400231361389
vn -0.1574700027704239 -0.7049099802970886 0.6915900111198425
vn -0.2031300067901611 -0.6861600279808044 0.6985099911689758
vn -0.1813499927520752 -0.6145700216293335 0.7677299976348877
vn -0.1834200024604797 -0.604420006275177 0.7752599716186523
vn -0.1524199992418289 -0.5069100260734558 0.8484200239181519
vn -0.1535200029611588 -0.5008100271224976 0.851830005645752
vn -0.1164600029587746 -0.3891699910163879 0.9137700200080872
vn -0.1154899969696999 -0.394899994134903 0.9114400148391724
vn 0.1221000030636787 -0.7718700170516968 0.6239500045776367
vn 0.1669999957084656 -0.7584800124168396 0.6299399733543396
vn 0.1677300035953522 -0.749750018119812 0.6401000022888184
vn 0.07051999866962433 -0.7397400140762329 0.6691799759864807
vn 0.1154600009322166 -0.7308700084686279 0.6726800203323364
vn 0.1162000000476837 -0.7251999974250793 0.678659975528717
vn 0.1591500043869019 -0.7122600078582764 0.6836299896240234
vn 0.1596799939870834 -0.7040500044822693 0.6919599771499634
vn 0.3146399855613708 -0.6207699775695801 0.7180799841880798
vn 0.3125500082969666 -0.6046599745750427 0.7325999736785889
vn 0.2843799889087677 -0.6630399823188782 0.6924700140953064
vn 0.2824499905109406 -0.6460700035095215 0.709089994430542
vn 0.2712999880313873 -0.6210600137710571 0.7353100180625916
vn 0.2941299974918365 -0.5696700215339661 0.7674400210380554
vn 0.3029699921607971 -0.5787100195884705 0.7571700215339661
vn 0.2692399919033051 -0.6051999926567078 0.7491599917411804
vn 0.2416300028562546 -0.5446799993515015 0.8030800223350525
vn 0.02153999917209148 -0.6685299873352051 0.743369996547699
vn 0.02105000056326389 -0.6677500009536743 0.7440900206565857
vn 0.06447000056505203 -0.6634799838066101 0.7454100251197815
vn 0.06278999894857407 -0.6611700057983398 0.7476000189781189
vn 0.1067700013518333 -0.65242999792099 0.7502899765968323
vn 0.1035699993371964 -0.6486999988555908 0.7539600133895874
vn 0.1475100070238113 -0.6354100108146667 0.7579500079154968
vn 0.1424999982118607 -0.6304600238800049 0.7630299925804138
vn 0.1860200017690659 -0.6125800013542175 0.7682099938392639
vn 0.03903999924659729 -0.4139899909496307 0.9094399809837341
vn 0.2493699938058853 -0.7005199790000916 0.6686499714851379
vn 0.2486699968576431 -0.6862199902534485 0.6835600137710571
vn 0.2378000020980835 -0.6568099856376648 0.7155799865722656
vn 0.2369199991226196 -0.6434100270271301 0.7279400229454041
vn 0.2121499925851822 -0.5778999924659729 0.7880499958992004
vn 0.2533200085163116 -0.5513399839401245 0.7948899865150452
vn 0.2064799964427948 -0.4536400139331818 0.8669300079345703
vn 0.01758999936282635 -0.5474399924278259 0.8366600275039673
vn 0.01740000024437904 -0.5471199750900269 0.8368800282478333
vn 0.05283999815583229 -0.543690025806427 0.8376200199127197
vn 0.05209000036120415 -0.5426099896430969 0.8383700251579285
vn 0.08793999999761581 -0.535610020160675 0.8398799896240234
vn 0.08634000271558762 -0.5336499810218811 0.8412799835205078
vn 0.1222200021147728 -0.5229899883270264 0.843529999256134
vn 0.1194500029087067 -0.5201399922370911 0.8456799983978271
vn 0.1551699936389923 -0.5057700276374817 0.8485999703407288
vn 0.1509100049734116 -0.5021200180053711 0.8515300154685974
vn 0.1860900074243546 -0.4841000139713287 0.8549900054931641
vn 0.1808200031518936 -0.3457799851894379 0.9207299947738647
vn 0.16389000415802 -0.357809990644455 0.9193000197410583
vn 0.2145099937915802 -0.4582400023937225 0.862559974193573
vn 0.1800599992275238 -0.4798400104045868 0.8586800098419189
vn 0.2214699983596802 -0.5843799710273743 0.7806699872016907
vn 0.1789499968290329 -0.606689989566803 0.7745400071144104
vn 0.2002200037240982 -0.6765900254249573 0.708620011806488
vn 0.2002300024032593 -0.6874099969863892 0.6981199979782104
vn 0.2102400064468384 -0.7210100293159485 0.660260021686554
vn 0.2100400030612946 -0.7325299978256226 0.6475300192832947
vn 0.1714899986982346 -0.3620699942111969 0.9162399768829346
vn 0.1565999984741211 -0.3655999898910522 0.9175000190734863
vn 0.1408399939537048 -0.3750199973583221 0.9162600040435791
vn 0.144679993391037 -0.377700001001358 0.9145500063896179
vn 0.1154299974441528 -0.3860700130462646 0.9152200222015381
vn 0.1183200031518936 -0.3887499868869781 0.9137200117111206
vn 0.09072999656200409 -0.3988600075244904 0.9125099778175354
vn 0.08888000249862671 -0.3969300091266632 0.9135299921035767
vn 0.06511999666690826 -0.4080899953842163 0.910610020160675
vn 0.0630199983716011 -0.4056999981403351 0.9118300080299377
vn 0.04857999831438065 -0.4084500074386597 0.9114900231361389
vn 0.1896100044250488 -0.977400004863739 0.09344000369310379
vn 0.1783899962902069 -0.9730600118637085 0.1460199952125549
vn 0.2052100002765656 -0.9714000225067139 0.1194299980998039
vn 0.2373799979686737 -0.9625499844551086 0.130950003862381
vn 0.2408799976110458 -0.9576799869537354 0.1575800031423569
vn 0.2862800061702728 -0.9411200284957886 0.1798399984836578
vn 0.2897300124168396 -0.9333699941635132 0.2118300050497055
vn 0.3146899938583374 -0.9220499992370605 0.2253900021314621
vn 0.3347499966621399 -0.9018300175666809 0.2732000052928925
vn 0.334769994020462 -0.9018399715423584 0.273140013217926
vn 0.379610002040863 -0.8746200203895569 0.3015600144863129
vn 0.3504500091075897 -0.854889988899231 0.3825500011444092
vn 0.379040002822876 -0.8594099879264832 0.3431499898433685
vn 0.3675299882888794 -0.8093799948692322 0.4580599963665009
vn 0.3548400104045868 -0.7473499774932861 0.5617499947547913
vn 0.336540013551712 -0.678600013256073 0.6528699994087219
vn -0.3347600102424622 -0.9018200039863586 0.2732400000095367
vn -0.3347499966621399 -0.9018499851226807 0.2731299996376038
vn -0.3628900051116943 -0.8852300047874451 0.2909899950027466
vn -0.379040002822876 -0.8594099879264832 0.3431499898433685
vn -0.3726400136947632 -0.8585600256919861 0.3521600067615509
vn -0.3656699955463409 -0.8425099849700928 0.3955700099468231
vn -0.3562600016593933 -0.7846000194549561 0.5074399709701538
vn -0.3146899938583374 -0.9220499992370605 0.2253900021314621
vn -0.2845999896526337 -0.9355800151824951 0.2090400010347366
vn -0.2914800047874451 -0.9390299916267395 0.1823800057172775
vn -0.2365300059318542 -0.9591100215911865 0.1554500013589859
vn -0.2417699992656708 -0.9612399935722351 0.132520005106926
vn -0.2052100002765656 -0.9714000225067139 0.1194299980998039
vn -0.1886799931526184 -0.9725900292396545 0.1358799934387207
vn -0.1795800030231476 -0.9795500040054321 0.09076999872922897
vn -0.1466899961233139 -0.9857800006866455 0.08196999877691269
vn -0.1356000006198883 -0.9847699999809265 0.1088100001215935
vn -0.1203100010752678 -0.9908300042152405 0.06148999929428101
vn -0.08178000152111053 -0.9951500296592712 0.05465000122785568
vn -0.08681999891996384 -0.9926699995994568 0.08412999659776688
vn -0.06027999892830849 -0.9972100257873535 0.04403999820351601
vn -0.0267500001937151 -0.9987999796867371 0.04108000174164772
vn -0.02731000073254108 -0.9988999962806702 0.03805999830365181
vn 0.02676000073552132 -0.9989200234413147 0.03805999830365181
vn 0.02731000073254108 -0.9987800121307373 0.04112999886274338
vn 0.06027999892830849 -0.9972100257873535 0.04403999820351601
vn 0.08166000247001648 -0.9937300086021423 0.07632999867200851
vn 0.08698999881744385 -0.9946600198745728 0.05558000132441521
vn 0.1361300051212311 -0.9886000156402588 0.06428000330924988
vn 0.119209997355938 -0.9818000197410583 0.147819995880127
vn 0.1466899961233139 -0.9857800006866455 0.08196999877691269
vn 0.3675599992275238 -0.8280799984931946 0.4233100116252899
vn 0.3306599855422974 -0.8533999919891357 0.4029600024223328
vn 0.3295400142669678 -0.8688899874687195 0.3693599998950958
vn 0.288320004940033 -0.8913900256156921 0.349700003862381
vn 0.2861999869346619 -0.9031199812889099 0.3201200067996979
vn 0.2413599938154221 -0.9221799969673157 0.3021999895572662
vn 0.2388100028038025 -0.9306100010871887 0.2773700058460236
vn 0.1907999962568283 -0.9460300207138062 0.2619799971580505
vn 0.188289999961853 -0.9517300128936768 0.2424000054597855
vn 0.1378300040960312 -0.9633200168609619 0.2302699983119965
vn 0.1357399970293045 -0.9668599963188171 0.2162099927663803
vn 0.08320000022649765 -0.97461998462677 0.2078099995851517
vn 0.08180999755859375 -0.9764999747276306 0.1993899941444397
vn 0.02785000018775463 -0.9803900122642517 0.1950999945402145
vn 0.0273400004953146 -0.9809499979019165 0.1923100054264069
vn -0.02786000072956085 -0.9809399843215942 0.1923100054264069
vn -0.02732999995350838 -0.9804099798202515 0.1950599998235703
vn -0.08335000276565552 -0.9763500094413757 0.1994999945163727
vn -0.08166000247001648 -0.974810004234314 0.2075600028038025
vn -0.1382700055837631 -0.9664199948310852 0.2166000008583069
vn -0.1353099942207336 -0.9638199806213379 0.229650005698204
vn -0.191770002245903 -0.9508299827575684 0.2432200014591217
vn -0.1873500049114227 -0.9470199942588806 0.2608500123023987
vn -0.2431699931621552 -0.929069995880127 0.2787399888038635
vn -0.2370699942111969 -0.9238600134849548 0.3004499971866608
vn -0.2913500070571899 -0.9007499814033508 0.3221400082111359
vn -0.2832899987697601 -0.8939499855041504 0.3472700119018555
vn -0.3353500068187714 -0.8654999732971191 0.3720900118350983
vn -0.3250400125980377 -0.8570299744606018 0.3998199999332428
vn -0.3739199936389923 -0.8234400153160095 0.4267599880695343
vn -0.3618400096893311 -0.8139600157737732 0.4544599950313568
vn -0.376800000667572 -0.8511199951171875 0.3655399978160858
vn -0.3277100026607513 -0.8828799724578857 0.3363499939441681
vn -0.3375299870967865 -0.8899199962615967 0.3067800104618073
vn -0.2846199870109558 -0.916920006275177 0.2797299921512604
vn -0.2922599911689758 -0.9222300052642822 0.2531200051307678
vn -0.2373999953269958 -0.9438599944114685 0.2297199964523315
vn -0.2431900054216385 -0.9476600289344788 0.2068800032138824
vn -0.1870599985122681 -0.9642400145530701 0.1877399981021881
vn -0.1912800073623657 -0.9668300151824951 0.1692799925804138
vn -0.134770005941391 -0.9786999821662903 0.1548700034618378
vn -0.1376399993896484 -0.9803599715232849 0.1412699967622757
vn -0.08117999881505966 -0.9879599809646606 0.1317200064659119
vn -0.08285000175237656 -0.9889000058174133 0.1233299970626831
vn -0.02714000083506107 -0.9925699830055237 0.118649996817112
vn -0.02768000029027462 -0.9928900003433228 0.1157900020480156
vn 0.02714999951422215 -0.992900013923645 0.1157900020480156
vn 0.0276699997484684 -0.9925500154495239 0.1186999976634979
vn 0.0812700018286705 -0.9890499711036682 0.123199999332428
vn 0.08275000005960464 -0.9877899885177612 0.1319900006055832
vn 0.1350499987602234 -0.9807800054550171 0.1408399939537048
vn 0.1373399943113327 -0.9782400131225586 0.1555400043725967
vn 0.187720000743866 -0.9676799774169922 0.1683900058269501
vn 0.1905799955129623 -0.9633100032806396 0.188960000872612
vn 0.2387199997901917 -0.9491199851036072 0.2053699940443039
vn 0.241799995303154 -0.9422799944877625 0.2316199988126755
vn 0.2869699895381927 -0.9244999885559082 0.2508899867534637
vn 0.2897999882698059 -0.9144799709320068 0.2824000120162964
vn 0.3315399885177612 -0.8932099938392639 0.3037500083446503
vn 0.3335199952125549 -0.879360020160675 0.3398300111293793
vn 0.3711099922657013 -0.8550400137901306 0.3621900081634521
vn 0.3715600073337555 -0.8380100131034851 0.3995899856090546
vn -0.3411499857902527 -0.7186300158500671 0.6059600114822388
vn -0.320499986410141 -0.6465700268745422 0.6922600269317627
vn 0.3558799922466278 -0.7664499878883362 0.5346999764442444
vn 0.3203800022602081 -0.7928599715232849 0.5183899998664856
vn 0.3206999897956848 -0.8104299902915955 0.4902600049972534
vn 0.2808800041675568 -0.8343700170516968 0.474260002374649
vn 0.2799899876117706 -0.8484399914741516 0.4491699934005737
vn 0.2363899946212769 -0.8691700100898743 0.43435999751091
vn 0.2347899973392487 -0.8799200057983398 0.4130499958992004
vn 0.1877699941396713 -0.8970100283622742 0.4001399874687195
vn 0.185929998755455 -0.9047700166702271 0.3831700086593628
vn 0.1361899971961975 -0.9178299903869629 0.3728800117969513
vn 0.1344999969005585 -0.9229699969291687 0.3606100082397461
vn 0.08246000111103058 -0.9318199753761292 0.3534300029277802
vn 0.08124999701976776 -0.934689998626709 0.3460499942302704
vn 0.02765000052750111 -0.9391599893569946 0.3423599898815155
vn 0.02718999981880188 -0.940060019493103 0.3399200141429901
vn -0.0276699997484684 -0.9400500059127808 0.3399200141429901
vn -0.02716000005602837 -0.9391899704933167 0.3423199951648712
vn -0.08269999921321869 -0.9345300197601318 0.3461300134658813
vn -0.08101999759674072 -0.9320300221443176 0.3532100021839142
vn -0.1368799954652786 -0.9225000143051147 0.3609200119972229
vn -0.1338299959897995 -0.9183899760246277 0.3723599910736084
vn -0.1891999989748001 -0.9038199782371521 0.3838100135326385
vn -0.1845500022172928 -0.8980900049209595 0.3992199897766113
vn -0.2388900071382523 -0.8783100247383118 0.4141199886798859
vn -0.2323900014162064 -0.8709499835968018 0.4329499900341034
vn -0.2848100066184998 -0.845990002155304 0.4507499933242798
vn -0.2762100100517273 -0.8370199799537659 0.4723300039768219
vn -0.326119989156723 -0.8069800138473511 0.4923700094223022
vn -0.3151899874210358 -0.7965400218963623 0.5159299969673157
vn -0.3617500066757202 -0.7618600130081177 0.5373200178146362
vn -0.3499299883842468 -0.7516000270843506 0.5591499805450439
vn 0.3382599949836731 -0.6967700123786926 0.6325200200080872
vn 0.3043099939823151 -0.7231199741363525 0.6200699806213379
vn 0.305649995803833 -0.741159975528717 0.5977100133895874
vn 0.2676700055599213 -0.76528000831604 0.5853999853134155
vn 0.26774001121521 -0.7802199721336365 0.565310001373291
vn 0.2260400056838989 -0.8013899922370911 0.5537899732589722
vn 0.2252400070428848 -0.8132100105285645 0.536620020866394
vn 0.1801200062036514 -0.8308899998664856 0.5264800190925598
vn 0.1788800060749054 -0.839709997177124 0.5127300024032593
vn 0.1309899985790253 -0.8533700108528137 0.504580020904541
vn 0.1297000050544739 -0.8593800067901611 0.4946199953556061
vn 0.07947000116109848 -0.8687199950218201 0.4888899922370911
vn 0.07846999913454056 -0.8721500039100647 0.4828999936580658
vn 0.02666999958455563 -0.8768900036811829 0.4799599945545197
vn 0.02627000026404858 -0.8779799938201904 0.477979987859726
vn -0.02669999934732914 -0.8779699802398682 0.4779700040817261
vn -0.02624000050127506 -0.8769199848175049 0.4799300134181976
vn -0.07976999878883362 -0.871999979019165 0.4829599857330322
vn -0.07818000018596649 -0.8689299821853638 0.4887300133705139
vn -0.131850004196167 -0.8589299917221069 0.4948300123214722
vn -0.1288699954748154 -0.8539199829101562 0.5041900277137756
vn -0.1818500012159348 -0.8387799859046936 0.5131999850273132
vn -0.1772200018167496 -0.8319500088691711 0.5257800221443176
vn -0.2289600074291229 -0.8116499781608582 0.5374000072479248
vn -0.2224300056695938 -0.8031299710273743 0.5527399778366089
vn -0.2721199989318848 -0.7778699994087219 0.5664499998092651
vn -0.2634600102901459 -0.7678400278091431 0.5839700102806091
vn -0.310589998960495 -0.7378799915313721 0.5992299914360046
vn -0.2996099889278412 -0.7266200184822083 0.6182699799537659
vn -0.3435100018978119 -0.6925299763679504 0.6343600153923035
vn -0.3323099911212921 -0.6824100017547607 0.6510699987411499
vn -0.3516699969768524 -0.7294099926948547 0.5867599844932556
vn -0.3080999851226807 -0.7626199722290039 0.5687599778175354
vn -0.319130003452301 -0.77360999584198 0.5474299788475037
vn -0.2705399990081787 -0.8038100004196167 0.5298100113868713
vn -0.2792400121688843 -0.8134599924087524 0.5102099776268005
vn -0.228070005774498 -0.8387500047683716 0.4944599866867065
vn -0.2346400022506714 -0.8468199968338013 0.4773199856281281
vn -0.1814499944448471 -0.8670300245285034 0.4640499949455261
vn -0.1861300021409988 -0.8734200000762939 0.4499900043010712
vn -0.1317899972200394 -0.8884000182151794 0.439740002155304
vn -0.1348299980163574 -0.8930500149726868 0.4292899966239929
vn -0.0798799991607666 -0.9028999805450439 0.4223699867725372
vn -0.08152999728918076 -0.9057499766349792 0.415910005569458
vn -0.0267999991774559 -0.9105700254440308 0.4124700129032135
vn -0.02728999964892864 -0.911549985408783 0.4102799892425537
vn 0.02683000080287457 -0.9115599989891052 0.410290002822876
vn 0.02725999988615513 -0.9105499982833862 0.4125100076198578
vn 0.08015000075101852 -0.9059000015258789 0.4158399999141693
vn 0.08124999701976776 -0.9026899933815002 0.4225600063800812
vn 0.1325500011444092 -0.8935099840164185 0.4290300011634827
vn 0.1340399980545044 -0.8878399729728699 0.4401899874210358
vn 0.1829999983310699 -0.8743699789047241 0.4494400024414062
vn 0.1845200061798096 -0.8659499883651733 0.4648500084877014
vn 0.2307099997997284 -0.8484200239181519 0.47639000415802
vn 0.2318799942731857 -0.8369699716567993 0.4956899881362915
vn 0.274619996547699 -0.8158699870109558 0.5088499784469604
vn 0.2749899923801422 -0.8011900186538696 0.5314900279045105
vn 0.3139500021934509 -0.7770100235939026 0.5456200242042542
vn 0.3130599856376648 -0.7590000033378601 0.5708799958229065
vn 0.3477700054645538 -0.7325199842453003 0.5852100253105164
vn 0.3456400036811829 -0.7146599888801575 0.6080999970436096
vn -0.3671500086784363 -0.7948799729347229 0.4830900132656097
vn -0.3208500146865845 -0.8281199932098389 0.4596599936485291
vn -0.3315300047397614 -0.8377199769020081 0.4339500069618225
vn -0.2804700136184692 -0.8671900033950806 0.4114899933338165
vn -0.2888599932193756 -0.8751999735832214 0.388049989938736
vn -0.2354000061750412 -0.899429976940155 0.3682500123977661
vn -0.2417400032281876 -0.9058300256729126 0.3478899896144867
vn -0.1865199953317642 -0.9248600006103516 0.3314299881458282
vn -0.1910800039768219 -0.9297199845314026 0.3148199915885925
vn -0.135000005364418 -0.9436200261116028 0.3022499978542328
vn -0.1380299925804138 -0.9470400214195251 0.289929986000061
vn -0.08161000162363052 -0.9560800194740295 0.2815099954605103
vn -0.08330000191926956 -0.9581400156021118 0.2739000022411346
vn -0.0273400004953146 -0.9625399708747864 0.2697399854660034
vn -0.02786000072956085 -0.9632499814033508 0.2671500146389008
vn 0.02735999971628189 -0.9632700085639954 0.2671599984169006
vn 0.02783999964594841 -0.9625200033187866 0.26978999376297
vn 0.08179999887943268 -0.958299994468689 0.2737999856472015
vn 0.08309999853372574 -0.9558799862861633 0.2817499935626984
vn 0.135560005903244 -0.9475100040435791 0.2895799875259399
vn 0.1374499946832657 -0.94309002161026 0.3028199970722198
vn 0.1876900047063828 -0.9306600093841553 0.3140900135040283
vn 0.189860001206398 -0.9238100051879883 0.3324599862098694
vn 0.2374899983406067 -0.9074299931526184 0.3466599881649017
vn 0.239549994468689 -0.8976899981498718 0.3698300123214722
vn 0.2838599979877472 -0.8776299953460693 0.3862400054931641
vn 0.2853299975395203 -0.8645600080490112 0.4136700034141541
vn 0.3259100019931793 -0.8411700129508972 0.4315299987792969
vn 0.3262600004673004 -0.824429988861084 0.4624499976634979
vn 0.3625200092792511 -0.7983800172805786 0.4808000028133392
vn 0.3613899946212769 -0.7802900075912476 0.5104299783706665
vn 0.2886199951171875 -0.5481200218200684 0.7850300073623657
vn 0.268449991941452 -0.5107499957084656 0.8167399764060974
vn 0.2787899971008301 -0.5159800052642822 0.8099600076675415
vn 0.2346699982881546 -0.4286800026893616 0.8724499940872192
vn 0.2378100007772446 -0.4302299916744232 0.8708299994468689
vn 0.2030200064182281 -0.3657099902629852 0.9083200097084045
vn 0.1821900010108948 -0.3454900085926056 0.9205700159072876
vn 0.1804900020360947 -0.3252899944782257 0.9282299876213074
vn 0.1668999940156937 -0.296889990568161 0.9402099847793579
vn 0.03559999912977219 -0.4097900092601776 0.9114800095558167
vn 0.02139000035822392 -0.4111300110816956 0.9113199710845947
vn 0.01296999957412481 -0.4169299900531769 0.9088500142097473
vn 0.008729999884963036 -0.4115700125694275 0.9113399982452393
vn -0.005189999938011169 -0.4115799963474274 0.9113600254058838
vn 0.07304000109434128 -0.7872599959373474 0.612280011177063
vn 0.06464999914169312 -0.7680799961090088 0.6370900273323059
vn 0.02379000000655651 -0.7719200253486633 0.6352800130844116
vn 0.02449999935925007 -0.7729399800300598 0.6340100169181824
vn -0.02449999935925007 -0.7729399800300598 0.6340100169181824
vn -0.02108000032603741 -0.6685400009155273 0.7433800101280212
vn -0.02150999940931797 -0.66771000623703 0.7441099882125854
vn -0.01741000078618526 -0.5474399924278259 0.8366699814796448
vn -0.01757000014185905 -0.5471000075340271 0.8368800282478333
vn -0.0130000002682209 -0.4175699949264526 0.9085500240325928
vn -0.01782999932765961 -0.4114600121974945 0.9112499952316284
vn -0.3304100036621094 -0.6568999886512756 0.6777300238609314
vn -0.2897000014781952 -0.6887500286102295 0.6646000146865845
vn -0.300460010766983 -0.6999899744987488 0.6478700041770935
vn -0.2549600005149841 -0.7293400168418884 0.6348699927330017
vn -0.2634600102901459 -0.7394599914550781 0.6194999814033508
vn -0.2154600024223328 -0.7643300294876099 0.6077600121498108
vn -0.2218499928712845 -0.7730299830436707 0.5943199992179871
vn -0.1718299984931946 -0.7931100130081177 0.58433997631073
vn -0.1763300001621246 -0.8001400232315063 0.5733100175857544
vn -0.1250499933958054 -0.8151800036430359 0.5655500292778015
vn -0.127920001745224 -0.8203499913215637 0.5573700070381165
vn -0.07590000331401825 -0.8303200006484985 0.5521000027656555
vn -0.07742000371217728 -0.8335000276565552 0.5470700263977051
vn -0.02548000030219555 -0.8384100198745728 0.5444499850273132
vn -0.02591999992728233 -0.8394899964332581 0.5427500009536743
vn 0.02552000060677528 -0.8395000100135803 0.5427600145339966
vn 0.0258799996227026 -0.838379979133606 0.5444700121879578
vn 0.07620999962091446 -0.8336399793624878 0.547029972076416
vn 0.0771000012755394 -0.8301200270652771 0.5522300004959106
vn 0.1259199976921082 -0.8207799792289734 0.557200014591217
vn 0.127020001411438 -0.8146499991416931 0.5658800005912781
vn 0.1735599935054779 -0.8010100126266479 0.5729399919509888
vn 0.1745299994945526 -0.7920899987220764 0.5849199891090393
vn 0.2183600068092346 -0.7745100259780884 0.5936700105667114
vn 0.2188300043344498 -0.7626699805259705 0.6086400151252747
vn 0.2593300044536591 -0.7417100071907043 0.6185600161552429
vn 0.2589100003242493 -0.7268999814987183 0.6360700130462646
vn 0.2958100140094757 -0.7031199932098389 0.646619975566864
vn 0.2941200137138367 -0.6854199767112732 0.666100025177002
vn 0.3270399868488312 -0.6596300005912781 0.6766999959945679
vn 0.3243800103664398 -0.643060028553009 0.6937199831008911
vn 0.7589600086212158 -0.6438400149345398 0.09724999964237213
vn 0.6322600245475769 -0.6899899840354919 -0.3523499965667725
vn 0.6458200216293335 -0.694130003452301 -0.3179500102996826
vn 0.6506500244140625 -0.7023500204086304 -0.2887099981307983
vn 0.6545100212097168 -0.7007700204849243 -0.2837899923324585
vn 0.6643099784851074 -0.6982399821281433 -0.266730010509491
vn 0.681439995765686 -0.6970300078392029 -0.2231499999761581
vn 0.6726099848747253 -0.7027699947357178 -0.2317499965429306
vn 0.6837400197982788 -0.698930025100708 -0.2097499966621399
vn 0.6955299973487854 -0.695389986038208 -0.180759996175766
vn 0.6946200132369995 -0.6959499716758728 -0.1820600032806396
vn 0.706570029258728 -0.6946700215339661 -0.134890004992485
vn 0.7047500014305115 -0.6921499967575073 -0.1557299941778183
vn 0.7132400274276733 -0.6926400065422058 -0.1074099987745285
vn 0.7146300077438354 -0.6915599703788757 -0.1051300019025803
vn 0.7280399799346924 -0.6820799708366394 -0.06876999884843826
vn 0.7285000085830688 -0.6825900077819824 -0.0579800009727478
vn 0.7398300170898438 -0.6727700233459473 -0.006310000084340572
vn 0.7532299757003784 -0.6360599994659424 0.1675499975681305
vn 0.7509499788284302 -0.6473699808120728 0.1303499937057495
vn 0.7516999840736389 -0.6483500003814697 0.1207799986004829
vn 0.7490000128746033 -0.6571099758148193 0.08485999703407288
vn 0.7547600269317627 -0.6530900001525879 0.06177999824285507
vn 0.7552300095558167 -0.6554399728775024 0.005559999961405993
vn 0.7490000128746033 -0.6571199893951416 0.0848499983549118
vn 0.7468600273132324 -0.6647999882698059 0.01561000011861324
vn 0.7476999759674072 -0.6628900170326233 0.03905000165104866
vn 0.7427300214767456 -0.6695399880409241 0.008689999580383301
vn 0.7394300103187561 -0.672789990901947 -0.02432000078260899
vn 0.7571099996566772 -0.6410599946975708 0.1258099973201752
vn 0.7608600258827209 -0.6479600071907043 0.03522999957203865
vn 0.7778599858283997 -0.6284400224685669 0.00227000005543232
vn 0.7774699926376343 -0.6287699937820435 -0.01379999984055758
vn 0.7923600077629089 -0.6100599765777588 -0.001530000008642673
vn 0.7854200005531311 -0.6077499985694885 -0.1172600015997887
vn 0.7928900122642517 -0.6068699955940247 -0.05502999946475029
vn 0.7842299938201904 -0.6025699973106384 -0.1479499936103821
vn 0.7963100075721741 -0.5945799946784973 -0.1111700013279915
vn 0.7837700247764587 -0.5871599912643433 -0.2023600041866302
vn 0.7969499826431274 -0.5799999833106995 -0.1687500029802322
vn 0.780269980430603 -0.5694900155067444 -0.2585600018501282
vn 0.8009300231933594 -0.5425099730491638 -0.2533800005912781
vn 0.7958400249481201 -0.5460000038146973 -0.2617500126361847
vn 0.7907999753952026 -0.4772999882698059 -0.3831599950790405
vn 0.7707099914550781 -0.5019299983978271 -0.3925099968910217
vn 0.7760900259017944 -0.5004600286483765 -0.3837000131607056
vn 0.7944700121879578 -0.5118799805641174 -0.3267900049686432
vn 0.7709400057792664 -0.5415899753570557 -0.3351500034332275
vn 0.7774999737739563 -0.5342699885368347 -0.3317300081253052
vn 0.765999972820282 -0.3490900099277496 -0.5397899746894836
vn 0.7504600286483765 -0.3555000126361847 -0.5571600198745728
vn 0.769599974155426 -0.3645699918270111 -0.5242199897766113
vn 0.7544100284576416 -0.3701499998569489 -0.5420799851417542
vn 0.7733299732208252 -0.3794200122356415 -0.5079299807548523
vn 0.7578200101852417 -0.3868499994277954 -0.5253999829292297
vn 0.7761800289154053 -0.3962100148200989 -0.4904699921607971
vn 0.7613599896430969 -0.4009700119495392 -0.5094599723815918
vn 0.7795199751853943 -0.4104999899864197 -0.4731200039386749
vn 0.7639899849891663 -0.4189600050449371 -0.4907099902629852
vn 0.7817999720573425 -0.4286699891090393 -0.4528000056743622
vn 0.7671499848365784 -0.4329699873924255 -0.4733000099658966
vn 0.7865700125694275 -0.4438399970531464 -0.4293200075626373
vn 0.7661200165748596 -0.4677000045776367 -0.4408200085163116
vn 0.7719900012016296 -0.466159999370575 -0.4321300089359283
vn 0.403549998998642 0.9149600267410278 0
vn -0.403549998998642 0.9149600267410278 0
vn 0.3792600035667419 0.9252899885177612 0
vn 0.3612099885940552 0.9324600100517273 0.006659999955445528
vn 0.3479599952697754 0.9375100135803223 0
vn 0.3229399919509888 0.9464200139045715 0
vn 0.297789990901947 0.9546200037002563 0.004569999873638153
vn 0.2909600138664246 0.9567300081253052 0
vn 0.2393900007009506 0.9709200263023376 0
vn 0.2330199927091599 0.9724599719047546 0.004279999993741512
vn 0.2066400051116943 0.9784200191497803 0
vn 0.1802899986505508 0.9836099743843079 0
vn 0.1671999990940094 0.9858999848365784 0.006529999896883965
vn 0.147149994969368 0.989109992980957 0
vn 0.1338399946689606 0.9909999966621399 0
vn 0.1203700006008148 0.9927300214767456 4.999999873689376e-05
vn 0.09365999698638916 0.9955599904060364 0.008870000019669533
vn 0.1006200015544891 0.994920015335083 0.00430000014603138
vn 0.07372000068426132 0.9972800016403198 0
vn 0.04695999994874001 0.9988999962806702 0
vn 0.03359000012278557 0.9994099736213684 0.006539999973028898
vn 0.01338000036776066 0.9999099969863892 0
vn -0.01338000036776066 0.9999099969863892 0
vn -0.03359000012278557 0.9994099736213684 0.006539999973028898
vn -0.04695999994874001 0.9988999962806702 0
vn -0.07372000068426132 0.9972800016403198 0
vn -0.1006200015544891 0.994920015335083 0.00430000014603138
vn -0.09365999698638916 0.9955599904060364 0.008870000019669533
vn -0.1203700006008148 0.9927300214767456 4.999999873689376e-05
vn -0.1338399946689606 0.9909999966621399 0
vn -0.147149994969368 0.989109992980957 0
vn -0.1671999990940094 0.9858999848365784 0.006529999896883965
vn -0.1802899986505508 0.9836099743843079 0
vn -0.2066400051116943 0.9784200191497803 0
vn -0.2330199927091599 0.9724599719047546 0.004279999993741512
vn -0.2393900007009506 0.9709200263023376 0
vn -0.2909600138664246 0.9567300081253052 0
vn -0.297789990901947 0.9546200037002563 0.004569999873638153
vn -0.3229399919509888 0.9464200139045715 0
vn -0.3479599952697754 0.9375100135803223 0
vn -0.3612099885940552 0.9324600100517273 0.006659999955445528
vn -0.3792600035667419 0.9252899885177612 0
vn 0.3916800022125244 -0.9200999736785889 0
vn 0.4035399854183197 -0.9149500131607056 -0.005640000104904175
vn 0.3792999982833862 -0.9252700209617615 0.0002699999895412475
vn 0.3491300046443939 -0.9370800256729126 -0.0003999999898951501
vn 0.3479999899864197 -0.9374899864196777 0
vn 0.3254500031471252 -0.9455599784851074 0
vn 0.3230000138282776 -0.946399986743927 0.000199999994947575
vn 0.2972800135612488 -0.9547899961471558 -0.001010000007227063
vn 0.2910299897193909 -0.9567099809646606 0.001550000044517219
vn 0.02677999995648861 -0.9996399879455566 0.003100000089034438
vn 0.04616000130772591 -0.9989299774169922 -0.001679999986663461
vn 0.06033999845385551 -0.9981799721717834 0
vn 0.07126999646425247 -0.9974600076675415 0
vn 0.08711999654769897 -0.9962000250816345 0.001139999949373305
vn 0.1004400029778481 -0.9949399828910828 -0.00255000009201467
vn 0.1205400004982948 -0.9927099943161011 0.0006900000153109431
vn 0.1297100037336349 -0.9915500283241272 0
vn 0.1471900045871735 -0.989109992980957 0
vn 0.1546099931001663 -0.9879699945449829 -0.001739999977871776
vn 0.1803299933671951 -0.9836099743843079 0.001659999950788915
vn 0.1877100020647049 -0.9822199940681458 0
vn 0.2066899985074997 -0.978410005569458 0
vn 0.212349995970726 -0.9771900177001953 -0.0006600000197067857
vn 0.239439994096756 -0.9709100127220154 0.002129999920725822
vn 0.245059996843338 -0.969510018825531 0
vn 0.2693600058555603 -0.9630399942398071 0
vn -0.1205400004982948 -0.9927099943161011 0.0006900000153109431
vn -0.1004400029778481 -0.9949399828910828 -0.00255000009201467
vn -0.08711999654769897 -0.9962000250816345 0.001139999949373305
vn -0.07126999646425247 -0.9974600076675415 0
vn -0.06033999845385551 -0.9981799721717834 0
vn -0.04616000130772591 -0.9989299774169922 -0.001679999986663461
vn -0.02677999995648861 -0.9996399879455566 0.003100000089034438
vn -0.01257999986410141 -0.9999200105667114 0
vn 0.01257999986410141 -0.9999200105667114 0
vn -0.3254500031471252 -0.9455599784851074 0.0003199999919161201
vn -0.2972800135612488 -0.9547899961471558 -0.001010000007227063
vn -0.2910299897193909 -0.9567099809646606 0.001550000044517219
vn -0.2693600058555603 -0.9630399942398071 0
vn -0.239439994096756 -0.9709100127220154 0
vn -0.245059996843338 -0.9695000052452087 0.002709999913349748
vn -0.2066899985074997 -0.978410005569458 -0.001240000012330711
vn -0.212349995970726 -0.9771900177001953 0
vn -0.1803299933671951 -0.9836099743843079 0
vn -0.1877100020647049 -0.9822199940681458 0.002640000078827143
vn -0.1471900045871735 -0.989109992980957 -0.002709999913349748
vn -0.1546099931001663 -0.9879800081253052 0
vn -0.1297100037336349 -0.9915500283241272 0
vn -0.403549998998642 -0.9149600267410278 0
vn -0.3916699886322021 -0.9200999736785889 -0.002739999908953905
vn -0.3792999982833862 -0.9252700209617615 0.0002699999895412475
vn -0.3491300046443939 -0.9370800256729126 -0.0003999999898951501
vn -0.3479999899864197 -0.9374899864196777 -0
vn -0.3230000138282776 -0.946399986743927 0
vn -0.9099599719047546 -0.4146899878978729 0
vn -0.9099599719047546 -0.4147099852561951 -9.999999747378752e-06
vn -0.9099699854850769 -0.414680004119873 9.999999747378752e-06
vn -0.9099599719047546 -0.4147000014781952 -0
vn -0.9099599719047546 -0.4146899878978729 9.999999747378752e-06
vn 0.9099599719047546 -0.4147000014781952 0
vn 0.9099599719047546 -0.4146899878978729 0
vn 0.9099599719047546 -0.4147099852561951 -9.999999747378752e-06
vn 0.9099699854850769 -0.414680004119873 9.999999747378752e-06
vn 0.9099599719047546 -0.4146899878978729 9.999999747378752e-06
vn 0 1 0
vn 1 0 0
vn -1 -0 0
vn -0.08479999750852585 -0.996399998664856 -0
vn -0.2519899904727936 -0.9677299857139587 -0
vn -0.4118900001049042 -0.9112300276756287 -0
vn -0.5599899888038635 -0.828499972820282 -0
vn -0.6919400095939636 -0.7219600081443787 -0
vn -0.8039900064468384 -0.5946400165557861 -0
vn -0.8929299712181091 -0.4501999914646149 -0
vn -0.9561700224876404 -0.292820006608963 -0
vn -0.9919000267982483 -0.127020001411438 -0
vn -0.9991000294685364 0.04244000092148781 0
vn -0.9775500297546387 0.2106799930334091 0
vn -0.9278900027275085 0.3728600144386292 0
vn -0.8515300154685974 0.5243099927902222 0
vn -0.7506700158119202 0.6606799960136414 0
vn -0.6282200217247009 0.7780299782752991 0
vn -0.4876999855041504 0.873009979724884 0
vn -0.3331399857997894 0.9428799748420715 0
vn -0.1689999997615814 0.9856200218200684 0
vn 0.1689999997615814 0.9856200218200684 0
vn 0.3331399857997894 0.9428799748420715 0
vn 0.4876999855041504 0.873009979724884 0
vn 0.6282200217247009 0.7780299782752991 0
vn 0.7506700158119202 0.6606799960136414 0
vn 0.8515300154685974 0.5243099927902222 0
vn 0.9278900027275085 0.3728600144386292 0
vn 0.9775500297546387 0.2106799930334091 0
vn 0.9991000294685364 0.04244000092148781 0
vn 0.9919000267982483 -0.127020001411438 0
vn 0.9561700224876404 -0.292820006608963 0
vn 0.8929299712181091 -0.4501999914646149 0
vn 0.8039900064468384 -0.5946400165557861 0
vn 0.6919400095939636 -0.7219600081443787 0
vn 0.5599799752235413 -0.828499972820282 0
vn 0.4118900001049042 -0.9112300276756287 0
vn 0.2519899904727936 -0.9677299857139587 0
vn 0.08479999750852585 -0.996399998664856 0
vn -0.08481000363826752 -0.996399998664856 -0
vn -0.2519800066947937 -0.9677299857139587 -0
vn -0.4119099974632263 -0.9112200140953064 -0
vn -0.5599700212478638 -0.8285099864006042 -0
vn -0.8040000200271606 -0.5946400165557861 -0
vn -0.9991000294685364 0.04244999960064888 0
vn -0.9775599837303162 0.2106799930334091 0
vn -0.8515300154685974 0.5242999792098999 0
vn -0.7506700158119202 0.6606699824333191 0
vn -0.6282200217247009 0.7780399918556213 0
vn 0.6282200217247009 0.7780399918556213 0
vn 0.7506700158119202 0.6606699824333191 0
vn 0.9775599837303162 0.2106799930334091 0
vn 0.9919000267982483 -0.1270100027322769 0
vn 0.8929200172424316 -0.4502100050449371 0
vn 0.8040000200271606 -0.5946300029754639 0
vn 0.5599700212478638 -0.8285099864006042 0
vn 0.4119099974632263 -0.9112300276756287 0
vn 0.2519800066947937 -0.9677299857139587 0
vn 0.08481000363826752 -0.996399998664856 0
vn -0.04244000092148781 0.9991000294685364 0
vn 0 1 -0.0009399999980814755
vn 0.04244000092148781 0.9991000294685364 0
vn 0.5599899888038635 -0.828499972820282 0
vn -0.5599799752235413 -0.828499972820282 -0
vn 0 1 -0.001840000040829182
vn 0.8515300154685974 0.5242999792098999 0
vn 0.9991000294685364 0.04244999960064888 0
vn 0.8040000200271606 -0.5946400165557861 0
vn 0.4119099974632263 -0.9112200140953064 0
vn -0.4119099974632263 -0.9112300276756287 -0
vn -0.8040000200271606 -0.5946300029754639 -0
vn -0.8929200172424316 -0.4502100050449371 -0
vn -0.9919000267982483 -0.1270100027322769 -0
vn 0.3244400024414062 -0.9426500201225281 0.07845000177621841
vn 0.2442999929189682 -0.9665200114250183 0.07844000309705734
vn 0.1871300041675568 -0.979200005531311 0.07846000045537949
vn 0.1293099969625473 -0.9884999990463257 0.07845000177621841
vn 0.04602000117301941 -0.9958599805831909 0.07844000309705734
vn -0.01253999955952168 -0.9968400001525879 0.07846000045537949
vn -0.0710500031709671 -0.994379997253418 0.07846000045537949
vn -0.1541299968957901 -0.9849299788475037 0.07845000177621841
vn -0.2117000073194504 -0.9741799831390381 0.07845000177621841
vn -0.268530011177063 -0.960070013999939 0.07845000177621841
vn -0.3480499982833862 -0.9341899752616882 0.07844000309705734
vn -0.03074000030755997 -0.07221999764442444 0.9969199895858765
vn -0.09145999699831009 -0.2148499935865402 0.972350001335144
vn -0.1499300003051758 -0.3522099852561951 0.923829972743988
vn -0.2046999931335449 -0.4808599948883057 0.8525699973106384
vn -0.2544200122356415 -0.5976600050926208 0.7603099942207336
vn -0.2544200122356415 -0.5976700186729431 0.7603099942207336
vn -0.297870010137558 -0.6997500061988831 0.6493300199508667
vn -0.297870010137558 -0.6997399926185608 0.6493300199508667
vn -0.3339900076389313 -0.7845900058746338 0.5223699808120728
vn -0.3618800044059753 -0.8500999808311462 0.3825800120830536
vn -0.3618800044059753 -0.8501099944114685 0.3825800120830536
vn -0.3808600008487701 -0.8946999907493591 0.2333700060844421
vn -0.3808600008487701 -0.8946899771690369 0.2333800047636032
vn -0.3904699981212616 -0.9172700047492981 0.07844000309705734
vn -0.3904699981212616 -0.9172700047492981 0.07842999696731567
vn -0.3244400024414062 -0.9426500201225281 0.07845000177621841
vn -0.3439300060272217 -0.9359700083732605 -0.07535000145435333
vn -0.3353900015354156 -0.9127100110054016 0.2333800047636032
vn -0.3186700046062469 -0.8672299981117249 0.3825800120830536
vn -0.2941100001335144 -0.8003900051116943 0.5223699808120728
vn -0.2623099982738495 -0.7138400077819824 0.6493300199508667
vn -0.2240400016307831 -0.6097000241279602 0.7603099942207336
vn -0.1802600026130676 -0.4905500113964081 0.8525699973106384
vn -0.1320299953222275 -0.3593100011348724 0.923829972743988
vn -0.1320299953222275 -0.3592999875545502 0.923829972743988
vn -0.0805400013923645 -0.2191800028085709 0.972350001335144
vn -0.02707000076770782 -0.07366999983787537 0.9969199895858765
vn -0.02332999929785728 -0.07494000345468521 0.9969199895858765
vn -0.06942000240087509 -0.2229499965906143 0.972350001335144
vn -0.1137999966740608 -0.3654899895191193 0.923829972743988
vn -0.1553599983453751 -0.498989999294281 0.8525699973106384
vn -0.1931000053882599 -0.620199978351593 0.7603099942207336
vn -0.2260800004005432 -0.7261199951171875 0.6493300199508667
vn -0.2260800004005432 -0.7261300086975098 0.6493300199508667
vn -0.2534900009632111 -0.8141700029373169 0.5223699808120728
vn -0.2746599912643433 -0.8821499943733215 0.3825800120830536
vn -0.2746599912643433 -0.8821499943733215 0.3825899958610535
vn -0.2890700101852417 -0.9284200072288513 0.2333800047636032
vn -0.2890700101852417 -0.9284300208091736 0.2333800047636032
vn -0.2963599860668182 -0.9518499970436096 0.07842999696731567
vn -0.01953000016510487 -0.0760200023651123 0.9969199895858765
vn -0.0581200011074543 -0.226160004734993 0.972350001335144
vn -0.09527000039815903 -0.3707500100135803 0.923829972743988
vn -0.1300700008869171 -0.5061699748039246 0.8525699973106384
vn -0.1300799995660782 -0.5061799883842468 0.8525599837303162
vn -0.1616699993610382 -0.6291199922561646 0.7603099942207336
vn -0.1892800033092499 -0.7365800142288208 0.6493300199508667
vn -0.1892800033092499 -0.7365700006484985 0.6493300199508667
vn -0.212229996919632 -0.8258799910545349 0.5223699808120728
vn -0.2299499958753586 -0.8948500156402588 0.3825800120830536
vn -0.2299499958753586 -0.8948500156402588 0.3825699985027313
vn -0.24201999604702 -0.941789984703064 0.2333800047636032
vn -0.248429998755455 -0.966759979724884 -0.06047999858856201
vn -0.2442999929189682 -0.9665200114250183 0.07844000309705734
vn -0.01569000072777271 -0.07689999788999557 0.9969199895858765
vn -0.04667000100016594 -0.2287999987602234 0.972350001335144
vn -0.0765099972486496 -0.3750700056552887 0.923829972743988
vn -0.1044600009918213 -0.5120800137519836 0.8525599837303162
vn -0.1044600009918213 -0.5120800137519836 0.8525699973106384
vn -0.129830002784729 -0.6364499926567078 0.7603099942207336
vn -0.1519999951124191 -0.7451599836349487 0.6493300199508667
vn -0.1704300045967102 -0.8355100154876709 0.5223699808120728
vn -0.1846700012683868 -0.9052799940109253 0.3825699985027313
vn -0.1846600025892258 -0.9052799940109253 0.3825800120830536
vn -0.194350004196167 -0.9527599811553955 0.2333800047636032
vn -0.194350004196167 -0.9527699947357178 0.2333700060844421
vn -0.1965699940919876 -0.9636200070381165 -0.1810899972915649
vn -0.1871300041675568 -0.979200005531311 0.07846000045537949
vn -0.1293099969625473 -0.9884999990463257 0.07845000177621841
vn -0.1499699950218201 -0.9861699938774109 -0.07050000131130219
vn -0.1462000012397766 -0.9613299965858459 0.2333800047636032
vn -0.1462000012397766 -0.9613299965858459 0.2333700060844421
vn -0.1389099955558777 -0.9134200215339661 0.3825899958610535
vn -0.1389099955558777 -0.9134200215339661 0.3825800120830536
vn -0.1281999945640564 -0.8430299758911133 0.5223699808120728
vn -0.1143399998545647 -0.7518600225448608 0.6493300199508667
vn -0.09765999764204025 -0.6421800255775452 0.7603099942207336
vn -0.07857000082731247 -0.5166800022125244 0.8525599837303162
vn -0.07857000082731247 -0.5166800022125244 0.8525699973106384
vn -0.05754999816417694 -0.3784500062465668 0.923829972743988
vn -0.0351100005209446 -0.2308599948883057 0.972350001335144
vn -0.0351100005209446 -0.2308499962091446 0.972350001335144
vn -0.0118000004440546 -0.07759000360965729 0.9969199895858765
vn -0.007880000397562981 -0.07808999717235565 0.9969199895858765
vn -0.02345000021159649 -0.2323299944400787 0.972350001335144
vn -0.03844999894499779 -0.3808600008487701 0.923829972743988
vn -0.0524899996817112 -0.5199800133705139 0.8525599837303162
vn -0.0524899996817112 -0.5199800133705139 0.8525699973106384
vn -0.06524000316858292 -0.6462699770927429 0.7603099942207336
vn -0.06524000316858292 -0.6462799906730652 0.7603099942207336
vn -0.07638999819755554 -0.756659984588623 0.6493300199508667
vn -0.0856499969959259 -0.8484100103378296 0.5223699808120728
vn -0.09279999881982803 -0.9192500114440918 0.3825899958610535
vn -0.09766999632120132 -0.9674699902534485 0.2333800047636032
vn -0.09766999632120132 -0.9674699902534485 0.2333700060844421
vn -0.1001299992203712 -0.9918799996376038 0.07842999696731567
vn -0.003949999809265137 -0.07839000225067139 0.9969199895858765
vn -0.011739999987185 -0.2332099974155426 0.972350001335144
vn -0.01924999989569187 -0.3823100030422211 0.923829972743988
vn -0.0262800008058548 -0.5219600200653076 0.8525699973106384
vn -0.03266000002622604 -0.6487399935722351 0.7603099942207336
vn -0.03824000060558319 -0.7595400214195251 0.6493300199508667
vn -0.03824000060558319 -0.7595499753952026 0.6493300199508667
vn -0.04287999868392944 -0.851639986038208 0.5223699808120728
vn -0.04645999893546104 -0.9227499961853027 0.3825899958610535
vn -0.04645999893546104 -0.9227499961853027 0.3825800120830536
vn -0.04890000075101852 -0.9711599946022034 0.2333700060844421
vn -0.05017999932169914 -0.9965900182723999 -0.06554000079631805
vn -0.04602000117301941 -0.9958599805831909 0.07844000309705734
vn 0.01253999955952168 -0.9968400001525879 0.07846000045537949
vn 0 -0.983460009098053 -0.1811400055885315
vn 0 -0.9723899960517883 0.2333700060844421
vn 0 -0.9239199757575989 0.3825800120830536
vn 0 -0.8527200222015381 0.5223699808120728
vn 0 -0.7605100274085999 0.6493300199508667
vn 0 -0.6495599746704102 0.7603099942207336
vn 0 -0.5226200222969055 0.8525699973106384
vn 0 -0.3828000128269196 0.923829972743988
vn 0 -0.2335100024938583 0.972350001335144
vn 0 -0.0784899964928627 0.9969199895858765
vn 0.0710500031709671 -0.994379997253418 0.07846000045537949
vn 0.05017999932169914 -0.9965900182723999 -0.06554000079631805
vn 0.04890000075101852 -0.9711599946022034 0.2333700060844421
vn 0.04645999893546104 -0.9227499961853027 0.3825899958610535
vn 0.04645999893546104 -0.9227499961853027 0.3825800120830536
vn 0.04287999868392944 -0.851639986038208 0.5223699808120728
vn 0.03824000060558319 -0.7595400214195251 0.6493300199508667
vn 0.03824000060558319 -0.7595499753952026 0.6493300199508667
vn 0.03266000002622604 -0.6487399935722351 0.7603099942207336
vn 0.0262800008058548 -0.5219600200653076 0.8525699973106384
vn 0.01924999989569187 -0.3823100030422211 0.923829972743988
vn 0.011739999987185 -0.2332099974155426 0.972350001335144
vn 0.003949999809265137 -0.07839000225067139 0.9969199895858765
vn 0.007880000397562981 -0.07808999717235565 0.9969199895858765
vn 0.02345000021159649 -0.2323299944400787 0.972350001335144
vn 0.03844999894499779 -0.3808600008487701 0.923829972743988
vn 0.0524899996817112 -0.5199800133705139 0.8525699973106384
vn 0.0524899996817112 -0.5199800133705139 0.8525599837303162
vn 0.06524000316858292 -0.6462799906730652 0.7603099942207336
vn 0.06524000316858292 -0.6462699770927429 0.7603099942207336
vn 0.07638999819755554 -0.756659984588623 0.6493300199508667
vn 0.0856499969959259 -0.8484100103378296 0.5223699808120728
vn 0.09279999881982803 -0.9192500114440918 0.3825899958610535
vn 0.09766999632120132 -0.9674699902534485 0.2333700060844421
vn 0.09766999632120132 -0.9674699902534485 0.2333800047636032
vn 0.1001299992203712 -0.9918799996376038 0.07842999696731567
vn 0.0118000004440546 -0.07759000360965729 0.9969199895858765
vn 0.0351100005209446 -0.2308599948883057 0.972350001335144
vn 0.0351100005209446 -0.2308499962091446 0.972350001335144
vn 0.05754999816417694 -0.3784500062465668 0.923829972743988
vn 0.07857000082731247 -0.5166800022125244 0.8525599837303162
vn 0.07857000082731247 -0.5166800022125244 0.8525699973106384
vn 0.09765999764204025 -0.6421800255775452 0.7603099942207336
vn 0.1143399998545647 -0.7518600225448608 0.6493300199508667
vn 0.1281999945640564 -0.8430299758911133 0.5223699808120728
vn 0.1389099955558777 -0.9134200215339661 0.3825899958610535
vn 0.1389099955558777 -0.9134200215339661 0.3825800120830536
vn 0.1462000012397766 -0.9613299965858459 0.2333800047636032
vn 0.1462000012397766 -0.9613299965858459 0.2333700060844421
vn 0.1499699950218201 -0.9861699938774109 -0.07050000131130219
vn 0.1541299968957901 -0.9849299788475037 0.07845000177621841
vn 0.2117000073194504 -0.9741799831390381 0.07845000177621841
vn 0.1965699940919876 -0.9636200070381165 -0.1810899972915649
vn 0.194350004196167 -0.9527599811553955 0.2333800047636032
vn 0.194350004196167 -0.9527699947357178 0.2333700060844421
vn 0.1846700012683868 -0.9052799940109253 0.3825699985027313
vn 0.1846700012683868 -0.9052799940109253 0.3825800120830536
vn 0.1704300045967102 -0.8355100154876709 0.5223699808120728
vn 0.1519999951124191 -0.7451599836349487 0.6493300199508667
vn 0.129830002784729 -0.6364499926567078 0.7603099942207336
vn 0.1044600009918213 -0.5120800137519836 0.8525599837303162
vn 0.1044600009918213 -0.5120800137519836 0.8525699973106384
vn 0.0765099972486496 -0.3750700056552887 0.923829972743988
vn 0.04667000100016594 -0.2287999987602234 0.972350001335144
vn 0.01569000072777271 -0.07689999788999557 0.9969199895858765
vn 0.268530011177063 -0.960070013999939 0.07845000177621841
vn 0.248429998755455 -0.966759979724884 -0.06047999858856201
vn 0.24201999604702 -0.941789984703064 0.2333800047636032
vn 0.2299499958753586 -0.8948500156402588 0.3825800120830536
vn 0.2299499958753586 -0.8948500156402588 0.3825699985027313
vn 0.212229996919632 -0.8258799910545349 0.5223699808120728
vn 0.1892800033092499 -0.7365800142288208 0.6493300199508667
vn 0.1892800033092499 -0.7365700006484985 0.6493300199508667
vn 0.1616699993610382 -0.6291199922561646 0.7603099942207336
vn 0.1300700008869171 -0.5061699748039246 0.8525699973106384
vn 0.1300799995660782 -0.5061799883842468 0.8525599837303162
vn 0.09527000039815903 -0.3707500100135803 0.923829972743988
vn 0.0581200011074543 -0.226160004734993 0.972350001335144
vn 0.01953000016510487 -0.0760200023651123 0.9969199895858765
vn 0.02332999929785728 -0.07494000345468521 0.9969199895858765
vn 0.06942000240087509 -0.2229499965906143 0.972350001335144
vn 0.1137999966740608 -0.3654899895191193 0.923829972743988
vn 0.1553599983453751 -0.498989999294281 0.8525699973106384
vn 0.1931000053882599 -0.620199978351593 0.7603099942207336
vn 0.2260800004005432 -0.7261300086975098 0.6493300199508667
vn 0.2260800004005432 -0.7261199951171875 0.6493300199508667
vn 0.2534900009632111 -0.8141700029373169 0.5223699808120728
vn 0.2746599912643433 -0.8821499943733215 0.3825899958610535
vn 0.2746599912643433 -0.8821499943733215 0.3825800120830536
vn 0.2890700101852417 -0.9284300208091736 0.2333800047636032
vn 0.2890700101852417 -0.9284200072288513 0.2333800047636032
vn 0.2963599860668182 -0.9518499970436096 0.07842999696731567
vn 0.02707000076770782 -0.07366999983787537 0.9969199895858765
vn 0.0805400013923645 -0.2191800028085709 0.972350001335144
vn 0.1320299953222275 -0.3593100011348724 0.923829972743988
vn 0.1320299953222275 -0.3592999875545502 0.923829972743988
vn 0.1802600026130676 -0.4905500113964081 0.8525699973106384
vn 0.2240400016307831 -0.6097000241279602 0.7603099942207336
vn 0.2623099982738495 -0.7138400077819824 0.6493300199508667
vn 0.2941100001335144 -0.8003900051116943 0.5223699808120728
vn 0.3186700046062469 -0.8672299981117249 0.3825800120830536
vn 0.3353900015354156 -0.9127100110054016 0.2333800047636032
vn 0.3439300060272217 -0.9359700083732605 -0.07535000145435333
vn 0.3480499982833862 -0.9341899752616882 0.07844000309705734
vn 0.03074000030755997 -0.07221999764442444 0.9969199895858765
vn 0.09145999699831009 -0.2148499935865402 0.972350001335144
vn 0.1499300003051758 -0.3522099852561951 0.923829972743988
vn 0.2046999931335449 -0.4808599948883057 0.8525699973106384
vn 0.2544200122356415 -0.5976700186729431 0.7603099942207336
vn 0.2544200122356415 -0.5976600050926208 0.7603099942207336
vn 0.297870010137558 -0.6997399926185608 0.6493300199508667
vn 0.297870010137558 -0.6997500061988831 0.6493300199508667
vn 0.3339900076389313 -0.7845900058746338 0.5223699808120728
vn 0.3618800044059753 -0.8501099944114685 0.3825800120830536
vn 0.3618800044059753 -0.8500999808311462 0.3825800120830536
vn 0.3808600008487701 -0.8946899771690369 0.2333800047636032
vn 0.3808600008487701 -0.8946999907493591 0.2333700060844421
vn 0.3904699981212616 -0.9172700047492981 0.07842999696731567
vn 0.3904699981212616 -0.9172700047492981 0.07844000309705734
vn 0.151529997587204 0.9853399991989136 -0.07842999696731567
vn 0.2565799951553345 0.9633299708366394 -0.07846000045537949
vn 0.4000299870967865 0.9131399989128113 -0.07840999960899353
vn 0.4958699941635132 0.8648399710655212 -0.07845000177621841
vn 0.7017599940299988 0.7080900073051453 -0.07844000309705734
vn 0.7738100290298462 0.6285399794578552 -0.07846000045537949
vn 0.8603600263595581 0.5036200284957886 -0.07840000092983246
vn 0.9095100164413452 0.4082100093364716 -0.07845000177621841
vn 0.9839400053024292 0.1603700071573257 -0.07842999696731567
vn 0.9954699873924255 0.05366000160574913 -0.07844000309705734
vn 0.9920700192451477 -0.0982699990272522 -0.07840999960899353
vn 0.9757500290870667 -0.2043499946594238 -0.07844000309705734
vn 0.89028000831604 -0.4485999941825867 -0.0784199982881546
vn 0.836899995803833 -0.5417100191116333 -0.07847999781370163
vn 0.7448300123214722 -0.662630021572113 -0.0784199982881546
vn 0.6692799925804138 -0.738860011100769 -0.07842999696731567
vn 0.4565699994564056 -0.8862199783325195 -0.07844000309705734
vn 0.3586499989032745 -0.9301699995994568 -0.07845000177621841
vn 0.2131000012159348 -0.9738799929618835 -0.07836999744176865
vn 0.1071700006723404 -0.9911400079727173 -0.07846000045537949
vn -0.151529997587204 -0.9853399991989136 -0.07839000225067139
vn -0.2565799951553345 -0.9633299708366394 -0.07846000045537949
vn -0.4000299870967865 -0.9131399989128113 -0.0784199982881546
vn -0.4958699941635132 -0.8648399710655212 -0.07846000045537949
vn -0.7017599940299988 -0.708079993724823 -0.07844000309705734
vn -0.7738100290298462 -0.6285399794578552 -0.07845000177621841
vn -0.8603600263595581 -0.5036200284957886 -0.07840000092983246
vn -0.9095100164413452 -0.4082100093364716 -0.07845000177621841
vn -0.9839400053024292 -0.1603700071573257 -0.07842999696731567
vn -0.9954699873924255 -0.05366000160574913 -0.07844000309705734
vn -0.9920700192451477 0.0982699990272522 -0.07840999960899353
vn -0.9757500290870667 0.2043499946594238 -0.07845000177621841
vn -0.89028000831604 0.4485999941825867 -0.0784199982881546
vn -0.836899995803833 0.5417100191116333 -0.07846999913454056
vn -0.7448300123214722 0.662630021572113 -0.0784199982881546
vn -0.6692799925804138 0.738860011100769 -0.07845000177621841
vn -0.4565699994564056 0.8862199783325195 -0.07842999696731567
vn -0.3586600124835968 0.9301699995994568 -0.07846000045537949
vn -0.2131000012159348 0.9738799929618835 -0.07840999960899353
vn -0.1071700006723404 0.9911400079727173 -0.07845000177621841
vn -0.003520000027492642 0.07846000045537949 -0.9969099760055542
vn -0.0104799997061491 0.2334299981594086 -0.972320020198822
vn -0.01717999950051308 0.3826299905776978 -0.923740029335022
vn -0.02346000075340271 0.522350013256073 -0.8524100184440613
vn -0.02914999984204769 0.6491699814796448 -0.7600799798965454
vn -0.03412999957799911 0.7599599957466125 -0.6490700244903564
vn -0.03826000168919563 0.8520200252532959 -0.5221199989318848
vn -0.04145999997854233 0.9230899810791016 -0.3823600113391876
vn -0.04145999997854233 0.9230899810791016 -0.3823499977588654
vn -0.04363000020384789 0.9714400172233582 -0.2332199960947037
vn -0.04473000019788742 0.9959200024604797 -0.07838000357151031
vn -0.0105400001630187 0.0778300017118454 -0.9969099760055542
vn -0.03136999905109406 0.2315499931573868 -0.972320020198822
vn -0.0514100007712841 0.3795500099658966 -0.923740029335022
vn -0.07018999755382538 0.5181499719619751 -0.8524100184440613
vn -0.08722999691963196 0.6439499855041504 -0.7600799798965454
vn -0.1021199971437454 0.7538400292396545 -0.6490700244903564
vn -0.1144800037145615 0.8451600074768066 -0.5221199989318848
vn -0.1240300014615059 0.9156500101089478 -0.3823499977588654
vn -0.1305299997329712 0.9636200070381165 -0.2332199960947037
vn -0.1272799968719482 0.9396100044250488 -0.3176999986171722
vn -0.151529997587204 0.9853399991989136 -0.07842999696731567
vn -0.2565799951553345 0.9633299708366394 -0.07846000045537949
vn -0.2159000039100647 0.9459099769592285 -0.2421499937772751
vn -0.2163800001144409 0.9480400085449219 -0.2332199960947037
vn -0.2056100070476532 0.9008499979972839 -0.3823499977588654
vn -0.1897799968719482 0.8314899802207947 -0.5221199989318848
vn -0.1692799925804138 0.7416499853134155 -0.6490700244903564
vn -0.1692799925804138 0.7416599988937378 -0.6490700244903564
vn -0.1446000039577484 0.6335399746894836 -0.7600799798965454
vn -0.1446000039577484 0.6335300207138062 -0.7600799798965454
vn -0.1163500025868416 0.5097699761390686 -0.8524100184440613
vn -0.08523000031709671 0.3734099864959717 -0.923740029335022
vn -0.05200000107288361 0.2278099954128265 -0.972320020198822
vn -0.01748000085353851 0.07656999677419662 -0.9969099760055542
vn -0.02426999993622303 0.0746999979019165 -0.9969099760055542
vn -0.07220999896526337 0.22223000228405 -0.972320020198822
vn -0.1183599978685379 0.3642700016498566 -0.923740029335022
vn -0.1615799963474274 0.4972899854183197 -0.8524100184440613
vn -0.2008100003004074 0.6180199980735779 -0.7600799798965454
vn -0.2350800037384033 0.7235000133514404 -0.6490700244903564
vn -0.2635500133037567 0.8111299872398376 -0.5221099853515625
vn -0.2635500133037567 0.8111299872398376 -0.5221199989318848
vn -0.2855400145053864 0.878790020942688 -0.3823499977588654
vn -0.3005000054836273 0.9248300194740295 -0.2332199960947037
vn -0.3080700039863586 0.9481300115585327 -0.07838000357151031
vn -0.03086999990046024 0.07221999764442444 -0.9969099760055542
vn -0.091839998960495 0.2148600071668625 -0.972320020198822
vn -0.1505299955606461 0.3521899878978729 -0.923740029335022
vn -0.2055100053548813 0.4808000028133392 -0.8524100184440613
vn -0.2055000066757202 0.4808000028133392 -0.8524100184440613
vn -0.2554000020027161 0.5975300073623657 -0.7600799798965454
vn -0.2554000020027161 0.597540020942688 -0.7600799798965454
vn -0.29899001121521 0.6995099782943726 -0.6490700244903564
vn -0.3352000117301941 0.7842400074005127 -0.5221199989318848
vn -0.3631600141525269 0.8496599793434143 -0.3823499977588654
vn -0.3821899890899658 0.8941699862480164 -0.2332199960947037
vn -0.3813300132751465 0.8921599984169006 -0.242139995098114
vn -0.4000299870967865 0.9131399989128113 -0.07840999960899353
vn -0.4958699941635132 0.8648399710655212 -0.07845000177621841
vn -0.449319988489151 0.8349699974060059 -0.3176999986171722
vn -0.4607999920845032 0.8563100099563599 -0.2332199960947037
vn -0.4378600120544434 0.8136799931526184 -0.3823499977588654
vn -0.4041500091552734 0.751039981842041 -0.5221199989318848
vn -0.3604899942874908 0.6698899865150452 -0.6490700244903564
vn -0.3079299926757812 0.5722299814224243 -0.7600799798965454
vn -0.3079299926757812 0.5722399950027466 -0.7600799798965454
vn -0.2477799952030182 0.4604499936103821 -0.852400004863739
vn -0.2477799952030182 0.4604400098323822 -0.8524100184440613
vn -0.1815000027418137 0.3372800052165985 -0.923740029335022
vn -0.1107299998402596 0.2057700008153915 -0.972320020198822
vn -0.03722000122070312 0.06915999948978424 -0.9969099760055542
vn -0.04326999932527542 0.06554999947547913 -0.9969099760055542
vn -0.1287299990653992 0.1950100064277649 -0.972320020198822
vn -0.210999995470047 0.3196499943733215 -0.923740029335022
vn -0.2880600094795227 0.436379998922348 -0.852400004863739
vn -0.2880499958992004 0.436379998922348 -0.8524100184440613
vn -0.3579899966716766 0.5423300266265869 -0.7600799798965454
vn -0.41907998919487 0.634880006313324 -0.6490700244903564
vn -0.4698500037193298 0.7117900252342224 -0.5221199989318848
vn -0.4698500037193298 0.7117900252342224 -0.5221099853515625
vn -0.5090399980545044 0.7711600065231323 -0.3823499977588654
vn -0.5090399980545044 0.7711600065231323 -0.3823600113391876
vn -0.5357000231742859 0.8115599751472473 -0.2332199960947037
vn -0.5357099771499634 0.8115599751472473 -0.2332199960947037
vn -0.5491999983787537 0.8320099711418152 -0.07838000357151031
vn -0.04896999895572662 0.06140999868512154 -0.9969099760055542
vn -0.145689994096756 0.1826899945735931 -0.972320020198822
vn -0.2388000041246414 0.299450010061264 -0.923740029335022
vn -0.32600998878479 0.4088000059127808 -0.8524100184440613
vn -0.4051600098609924 0.5080500245094299 -0.7600799798965454
vn -0.4051600098609924 0.5080599784851074 -0.7600799798965454
vn -0.4743100106716156 0.594760000705719 -0.6490700244903564
vn -0.5317599773406982 0.6668000221252441 -0.5221099853515625
vn -0.5317599773406982 0.6668000221252441 -0.5221199989318848
vn -0.5761100053787231 0.7224199771881104 -0.3823600113391876
vn -0.6062999963760376 0.7602699995040894 -0.2332199960947037
vn -0.6215699911117554 0.7794299721717834 -0.07838000357151031
vn -0.05428000167012215 0.05677000060677528 -0.9969099760055542
vn -0.1614799946546555 0.1688899993896484 -0.972320020198822
vn -0.2646799981594086 0.2768400013446808 -0.923740029335022
vn -0.2646900117397308 0.2768400013446808 -0.923740029335022
vn -0.3613399863243103 0.3779399991035461 -0.8524100184440613
vn -0.3613399863243103 0.3779299855232239 -0.8524100184440613
vn -0.449070006608963 0.4696899950504303 -0.7600799798965454
vn -0.5257099866867065 0.5498499870300293 -0.6490700244903564
vn -0.589389979839325 0.6164500117301941 -0.5221199989318848
vn -0.6385499835014343 0.6678699851036072 -0.3823600113391876
vn -0.6385499835014343 0.6678699851036072 -0.3823499977588654
vn -0.6720100045204163 0.7028599977493286 -0.2332199960947037
vn -0.6552600264549255 0.6853500008583069 -0.3176999986171722
vn -0.7017599940299988 0.7080900073051453 -0.07844000309705734
vn -0.7738100290298462 0.6285399794578552 -0.07846000045537949
vn -0.7306600213050842 0.6383600234985352 -0.2421499937772751
vn -0.7322999835014343 0.6398000121116638 -0.2332199960947037
vn -0.6958500146865845 0.60794997215271 -0.3823600113391876
vn -0.6958500146865845 0.60794997215271 -0.3823499977588654
vn -0.6422799825668335 0.5611400008201599 -0.5221099853515625
vn -0.642270028591156 0.5611400008201599 -0.5221199989318848
vn -0.5728800296783447 0.5005099773406982 -0.6490700244903564
vn -0.4893699884414673 0.4275499880313873 -0.7600799798965454
vn -0.3937599956989288 0.3440200090408325 -0.8524100184440613
vn -0.3937700092792511 0.3440200090408325 -0.8524100184440613
vn -0.2884300053119659 0.2520000040531158 -0.923740029335022
vn -0.2884399890899658 0.2520000040531158 -0.923740029335022
vn -0.1759700030088425 0.1537400037050247 -0.972320020198822
vn -0.05914999917149544 0.05166999995708466 -0.9969099760055542
vn -0.06353999674320221 0.04616000130772591 -0.9969099760055542
vn -0.06353999674320221 0.04616999998688698 -0.9969099760055542
vn -0.1890400052070618 0.1373499929904938 -0.972320020198822
vn -0.3098599910736084 0.2251300066709518 -0.923740029335022
vn -0.3098599910736084 0.2251300066709518 -0.9237499833106995
vn -0.4230200052261353 0.307339996099472 -0.8524100184440613
vn -0.5257200002670288 0.3819600045681 -0.7600799798965454
vn -0.6154400110244751 0.4471400082111359 -0.6490700244903564
vn -0.6899899840354919 0.5013099908828735 -0.5221099853515625
vn -0.7475399971008301 0.5431200265884399 -0.3823600113391876
vn -0.7867100238800049 0.5715799927711487 -0.2332199960947037
vn -0.7867100238800049 0.5715799927711487 -0.2332099974155426
vn -0.8065299987792969 0.5859799981117249 -0.07838000357151031
vn -0.8065299987792969 0.5859799981117249 -0.07839000225067139
vn -0.06741999834775925 0.04027999937534332 -0.9969099760055542
vn -0.2005899995565414 0.1198500022292137 -0.972320020198822
vn -0.328790009021759 0.1964399963617325 -0.9237499833106995
vn -0.4488700032234192 0.2681899964809418 -0.8524100184440613
vn -0.4488700032234192 0.2681800127029419 -0.8524100184440613
vn -0.5578500032424927 0.333299994468689 -0.7600799798965454
vn -0.6530500054359436 0.3901799917221069 -0.6490700244903564
vn -0.6530399918556213 0.3901799917221069 -0.6490700244903564
vn -0.7321500182151794 0.4374400079250336 -0.5221099853515625
vn -0.7321500182151794 0.4374400079250336 -0.5221199989318848
vn -0.7932199835777283 0.4739300012588501 -0.3823600113391876
vn -0.8347799777984619 0.4987600147724152 -0.2332099974155426
vn -0.8347799777984619 0.4987600147724152 -0.2332199960947037
vn -0.8328999876976013 0.4976400136947632 -0.242139995098114
vn -0.8603600263595581 0.5036200284957886 -0.07840000092983246
vn -0.9095100164413452 0.4082100093364716 -0.07845000177621841
vn -0.8542900085449219 0.4113999903202057 -0.3176999986171722
vn -0.8761199712753296 0.4219200015068054 -0.2332299947738647
vn -0.8761199712753296 0.4219200015068054 -0.2332199960947037
vn -0.8325099945068359 0.4009200036525726 -0.3823400139808655
vn -0.8325099945068359 0.4009099900722504 -0.3823600113391876
vn -0.7684100270271301 0.3700500130653381 -0.5221199989318848
vn -0.6853899955749512 0.3300699889659882 -0.6490700244903564
vn -0.5854799747467041 0.2819499969482422 -0.7600799798965454
vn -0.4710899889469147 0.2268700003623962 -0.8524100184440613
vn -0.4711000025272369 0.2268700003623962 -0.8524100184440613
vn -0.3450799882411957 0.1661799997091293 -0.923740029335022
vn -0.3450799882411957 0.1661799997091293 -0.9237499833106995
vn -0.2105299979448318 0.1013899967074394 -0.972320020198822
vn -0.07075999677181244 0.03407999873161316 -0.9969099760055542
vn -0.07353000342845917 0.02759999968111515 -0.9969099760055542
vn -0.2187699973583221 0.08211000263690948 -0.972320020198822
vn -0.3585900068283081 0.1345800012350082 -0.923740029335022
vn -0.3585799932479858 0.1345800012350082 -0.9237499833106995
vn -0.4895299971103668 0.1837199926376343 -0.8524100184440613
vn -0.4895400106906891 0.1837300062179565 -0.852400004863739
vn -0.6083999872207642 0.2283300012350082 -0.7600799798965454
vn -0.6083800196647644 0.2283300012350082 -0.7600899934768677
vn -0.7122200131416321 0.267300009727478 -0.6490700244903564
vn -0.7122300267219543 0.267300009727478 -0.6490600109100342
vn -0.7984899878501892 0.2996799945831299 -0.5221199989318848
vn -0.8651000261306763 0.3246800005435944 -0.3823400139808655
vn -0.8651000261306763 0.3246800005435944 -0.3823499977588654
vn -0.9104200005531311 0.3416799902915955 -0.2332299947738647
vn -0.9104200005531311 0.3416799902915955 -0.2332199960947037
vn -0.9333500266075134 0.3502900004386902 -0.07838000357151031
vn -0.9333500266075134 0.3502900004386902 -0.07840000092983246
vn -0.0757099986076355 0.02088999934494495 -0.9969099760055542
vn -0.2252500057220459 0.06216999888420105 -0.972320020198822
vn -0.2252400070428848 0.06216000020503998 -0.972320020198822
vn -0.3691999912261963 0.1018899977207184 -0.9237499833106995
vn -0.3692100048065186 0.1018999963998795 -0.923740029335022
vn -0.504040002822876 0.1391099989414215 -0.852400004863739
vn -0.504040002822876 0.1391099989414215 -0.8524100184440613
vn -0.6263999938964844 0.1728799939155579 -0.7600899934768677
vn -0.6264100074768066 0.1728799939155579 -0.7600799798965454
vn -0.7333199977874756 0.2023800015449524 -0.6490600109100342
vn -0.8221399784088135 0.2268999963998795 -0.5221199989318848
vn -0.8221399784088135 0.2268999963998795 -0.5221099853515625
vn -0.890720009803772 0.2458200007677078 -0.3823400139808655
vn -0.8907099962234497 0.2458200007677078 -0.3823699951171875
vn -0.9373800158500671 0.2587000131607056 -0.2332199960947037
vn -0.9373800158500671 0.2587000131607056 -0.2332299947738647
vn -0.9610000252723694 0.2652199864387512 -0.07840000092983246
vn -0.9610000252723694 0.2652199864387512 -0.07838000357151031
vn -0.07727999985218048 0.01401999965310097 -0.9969099760055542
vn -0.2299100011587143 0.04171999916434288 -0.972320020198822
vn -0.2299199998378754 0.04171999916434288 -0.972320020198822
vn -0.3768599927425385 0.06838999688625336 -0.923740029335022
vn -0.3768500089645386 0.06838999688625336 -0.923740029335022
vn -0.5144799947738647 0.09335999935865402 -0.8524100184440613
vn -0.5144699811935425 0.09335999935865402 -0.8524100184440613
vn -0.6393799781799316 0.1160300001502037 -0.7600799798965454
vn -0.6393899917602539 0.1160300001502037 -0.7600799798965454
vn -0.7485100030899048 0.1358300000429153 -0.6490600109100342
vn -0.839169979095459 0.1522900015115738 -0.5221099853515625
vn -0.8391600251197815 0.1522900015115738 -0.5221199989318848
vn -0.9091600179672241 0.1649899929761887 -0.3823699951171875
vn -0.9091600179672241 0.1649899929761887 -0.3823600113391876
vn -0.9567899703979492 0.1736299991607666 -0.2332299947738647
vn -0.9567999839782715 0.1736299991607666 -0.2332099974155426
vn -0.9329500198364258 0.1693100035190582 -0.3176999986171722
vn -0.9839400053024292 0.1603700071573257 -0.07842999696731567
vn -0.9954699873924255 0.05366000160574913 -0.07844000309705734
vn -0.9663400053977966 0.0869700014591217 -0.242139995098114
vn -0.9685099720954895 0.08716999739408493 -0.2332399934530258
vn -0.9685099720954895 0.08716999739408493 -0.2332099974155426
vn -0.9203000068664551 0.08282999694347382 -0.3823499977588654
vn -0.9202899932861328 0.08282999694347382 -0.3823600113391876
vn -0.8494399785995483 0.07644999772310257 -0.5221199989318848
vn -0.7576599717140198 0.06819000095129013 -0.6490700244903564
vn -0.7576799988746643 0.06819000095129013 -0.6490600109100342
vn -0.6472100019454956 0.05824999883770943 -0.7600799798965454
vn -0.5207800269126892 0.04687000066041946 -0.852400004863739
vn -0.5207700133323669 0.04687000066041946 -0.8524100184440613
vn -0.3814800083637238 0.03432999923825264 -0.923740029335022
vn -0.3814699947834015 0.03432999923825264 -0.923740029335022
vn -0.2327200025320053 0.02095000073313713 -0.972320020198822
vn -0.2327300012111664 0.02095000073313713 -0.972320020198822
vn -0.07822000235319138 0.007040000054985285 -0.9969099760055542
vn -0.07853999733924866 0 -0.9969099760055542
vn -0.2336599975824356 0 -0.972320020198822
vn -0.3830200135707855 0 -0.923740029335022
vn -0.5228800177574158 0 -0.8524100184440613
vn -0.6498299837112427 0 -0.7600799798965454
vn -0.7607300281524658 0 -0.6490700244903564
vn -0.852869987487793 0 -0.5221199989318848
vn -0.924019992351532 0 -0.3823499977588654
vn -0.9724199771881104 0 -0.2332399934530258
vn -0.9969199895858765 0 -0.07836999744176865
vn -0.07822000235319138 -0.007040000054985285 -0.9969099760055542
vn -0.2327200025320053 -0.02095000073313713 -0.972320020198822
vn -0.2327300012111664 -0.02095000073313713 -0.972320020198822
vn -0.3814800083637238 -0.03432999923825264 -0.923740029335022
vn -0.3814699947834015 -0.03432999923825264 -0.923740029335022
vn -0.5207800269126892 -0.04687000066041946 -0.852400004863739
vn -0.5207700133323669 -0.04687000066041946 -0.8524100184440613
vn -0.6472100019454956 -0.05824999883770943 -0.7600799798965454
vn -0.7576599717140198 -0.06819000095129013 -0.6490700244903564
vn -0.757669985294342 -0.06819000095129013 -0.6490600109100342
vn -0.8494399785995483 -0.07644999772310257 -0.5221199989318848
vn -0.9203000068664551 -0.08282999694347382 -0.3823499977588654
vn -0.9202899932861328 -0.08282999694347382 -0.3823600113391876
vn -0.9685099720954895 -0.08716999739408493 -0.2332399934530258
vn -0.9685099720954895 -0.08716999739408493 -0.2332199960947037
vn -0.9663400053977966 -0.0869700014591217 -0.242139995098114
vn -0.9920700192451477 -0.0982699990272522 -0.07840999960899353
vn -0.9757500290870667 -0.2043499946594238 -0.07844000309705734
vn -0.9329599738121033 -0.1693100035190582 -0.3176900148391724
vn -0.9567899703979492 -0.1736299991607666 -0.2332299947738647
vn -0.9567999839782715 -0.1736299991607666 -0.2332199960947037
vn -0.9091600179672241 -0.1649899929761887 -0.3823699951171875
vn -0.9091600179672241 -0.1649899929761887 -0.3823600113391876
vn -0.839169979095459 -0.1522900015115738 -0.5221199989318848
vn -0.7485100030899048 -0.1358300000429153 -0.6490600109100342
vn -0.6393899917602539 -0.1160300001502037 -0.7600799798965454
vn -0.5144799947738647 -0.09335999935865402 -0.8524100184440613
vn -0.5144699811935425 -0.09335999935865402 -0.8524100184440613
vn -0.3768599927425385 -0.06838999688625336 -0.923740029335022
vn -0.3768500089645386 -0.06838999688625336 -0.923740029335022
vn -0.2299100011587143 -0.04171999916434288 -0.972320020198822
vn -0.2299199998378754 -0.04171999916434288 -0.972320020198822
vn -0.07727999985218048 -0.01401999965310097 -0.9969099760055542
vn -0.0757099986076355 -0.02088999934494495 -0.9969099760055542
vn -0.2252400070428848 -0.06216000020503998 -0.972320020198822
vn -0.2252500057220459 -0.06216999888420105 -0.972320020198822
vn -0.3692100048065186 -0.1018999963998795 -0.923740029335022
vn -0.3692100048065186 -0.1018899977207184 -0.9237499833106995
vn -0.504040002822876 -0.1391000002622604 -0.8524100184440613
vn -0.504040002822876 -0.1391099989414215 -0.852400004863739
vn -0.6264100074768066 -0.1728799939155579 -0.7600799798965454
vn -0.6263999938964844 -0.1728799939155579 -0.7600899934768677
vn -0.7333199977874756 -0.2023800015449524 -0.6490600109100342
vn -0.8221399784088135 -0.2268999963998795 -0.5221199989318848
vn -0.8221399784088135 -0.2268899977207184 -0.5221199989318848
vn -0.8907099962234497 -0.2458200007677078 -0.3823699951171875
vn -0.890720009803772 -0.2458200007677078 -0.3823499977588654
vn -0.9373800158500671 -0.2587000131607056 -0.2332299947738647
vn -0.9373800158500671 -0.2587000131607056 -0.2332199960947037
vn -0.9610000252723694 -0.2652199864387512 -0.07838000357151031
vn -0.9610000252723694 -0.2652199864387512 -0.07840000092983246
vn -0.07353000342845917 -0.02759999968111515 -0.9969099760055542
vn -0.2187699973583221 -0.08211000263690948 -0.972320020198822
vn -0.3585900068283081 -0.1345800012350082 -0.923740029335022
vn -0.4895400106906891 -0.1837300062179565 -0.852400004863739
vn -0.4895299971103668 -0.1837199926376343 -0.8524100184440613
vn -0.6083800196647644 -0.2283300012350082 -0.7600899934768677
vn -0.6083999872207642 -0.2283399999141693 -0.7600700259208679
vn -0.7122300267219543 -0.267300009727478 -0.6490600109100342
vn -0.7122200131416321 -0.267300009727478 -0.6490700244903564
vn -0.7984899878501892 -0.2996799945831299 -0.5221199989318848
vn -0.8651000261306763 -0.3246800005435944 -0.3823499977588654
vn -0.8651000261306763 -0.3246800005435944 -0.3823400139808655
vn -0.9104200005531311 -0.3416900038719177 -0.2332199960947037
vn -0.9104200005531311 -0.3416799902915955 -0.2332299947738647
vn -0.9333500266075134 -0.3502900004386902 -0.07840000092983246
vn -0.9333500266075134 -0.3502900004386902 -0.07838000357151031
vn -0.07075999677181244 -0.03407999873161316 -0.9969099760055542
vn -0.2105299979448318 -0.1013899967074394 -0.972320020198822
vn -0.3450799882411957 -0.1661799997091293 -0.923740029335022
vn -0.3450799882411957 -0.1661799997091293 -0.9237499833106995
vn -0.4710899889469147 -0.2268600016832352 -0.8524100184440613
vn -0.4711000025272369 -0.2268700003623962 -0.8524100184440613
vn -0.5854799747467041 -0.2819499969482422 -0.7600700259208679
vn -0.5854799747467041 -0.2819499969482422 -0.7600799798965454
vn -0.6853899955749512 -0.3300699889659882 -0.6490700244903564
vn -0.7684100270271301 -0.3700500130653381 -0.5221199989318848
vn -0.7684100270271301 -0.3700500130653381 -0.5221099853515625
vn -0.8325099945068359 -0.4009200036525726 -0.3823400139808655
vn -0.8325099945068359 -0.4009099900722504 -0.3823600113391876
vn -0.8761199712753296 -0.4219200015068054 -0.2332299947738647
vn -0.8761199712753296 -0.4219200015068054 -0.2332199960947037
vn -0.8542900085449219 -0.4113999903202057 -0.3176999986171722
vn -0.89028000831604 -0.4485999941825867 -0.0784199982881546
vn -0.836899995803833 -0.5417100191116333 -0.07847999781370163
vn -0.8328999876976013 -0.4976400136947632 -0.2421499937772751
vn -0.8347799777984619 -0.4987600147724152 -0.2332099974155426
vn -0.8347799777984619 -0.4987600147724152 -0.2332199960947037
vn -0.7932199835777283 -0.4739300012588501 -0.3823499977588654
vn -0.7932199835777283 -0.4739199876785278 -0.3823600113391876
vn -0.7321500182151794 -0.4374400079250336 -0.5221199989318848
vn -0.7321500182151794 -0.4374400079250336 -0.5221099853515625
vn -0.6530500054359436 -0.3901799917221069 -0.6490700244903564
vn -0.5578399896621704 -0.333299994468689 -0.7600799798965454
vn -0.5578500032424927 -0.333299994468689 -0.7600799798965454
vn -0.4488700032234192 -0.2681899964809418 -0.852400004863739
vn -0.4488700032234192 -0.2681800127029419 -0.8524100184440613
vn -0.328790009021759 -0.1964399963617325 -0.9237499833106995
vn -0.2005899995565414 -0.1198500022292137 -0.972320020198822
vn -0.06741999834775925 -0.04027999937534332 -0.9969099760055542
vn -0.06353999674320221 -0.04616999998688698 -0.9969099760055542
vn -0.06353999674320221 -0.04616000130772591 -0.9969099760055542
vn -0.1890400052070618 -0.1373499929904938 -0.972320020198822
vn -0.3098599910736084 -0.2251199930906296 -0.9237499833106995
vn -0.3098599910736084 -0.2251300066709518 -0.923740029335022
vn -0.4230200052261353 -0.307339996099472 -0.852400004863739
vn -0.5257200002670288 -0.3819600045681 -0.7600799798965454
vn -0.5257099866867065 -0.3819499909877777 -0.7600899934768677
vn -0.6154400110244751 -0.4471499919891357 -0.6490700244903564
vn -0.6154500246047974 -0.4471499919891357 -0.6490700244903564
vn -0.6899899840354919 -0.5013099908828735 -0.5221199989318848
vn -0.6899899840354919 -0.5013099908828735 -0.5221099853515625
vn -0.7475399971008301 -0.5431200265884399 -0.3823499977588654
vn -0.7867100238800049 -0.5715799927711487 -0.2332099974155426
vn -0.7867000102996826 -0.5715699791908264 -0.2332399934530258
vn -0.8065299987792969 -0.5859799981117249 -0.07840000092983246
vn -0.8065299987792969 -0.5859799981117249 -0.07838000357151031
vn -0.05914999917149544 -0.05166999995708466 -0.9969099760055542
vn -0.1759700030088425 -0.1537400037050247 -0.972320020198822
vn -0.1759600043296814 -0.1537300050258636 -0.972320020198822
vn -0.2884300053119659 -0.2520000040531158 -0.923740029335022
vn -0.2884399890899658 -0.2520000040531158 -0.923740029335022
vn -0.3937700092792511 -0.3440299928188324 -0.852400004863739
vn -0.3937599956989288 -0.3440200090408325 -0.8524100184440613
vn -0.4893600046634674 -0.4275400042533875 -0.7600899934768677
vn -0.4893699884414673 -0.4275499880313873 -0.7600700259208679
vn -0.5728800296783447 -0.5005199909210205 -0.6490700244903564
vn -0.5728800296783447 -0.5005099773406982 -0.6490799784660339
vn -0.6422799825668335 -0.5611400008201599 -0.5221099853515625
vn -0.642270028591156 -0.5611400008201599 -0.5221199989318848
vn -0.6958500146865845 -0.60794997215271 -0.3823499977588654
vn -0.6958500146865845 -0.6079400181770325 -0.3823600113391876
vn -0.7322999835014343 -0.6397899985313416 -0.2332399934530258
vn -0.7323099970817566 -0.6398000121116638 -0.2331999987363815
vn -0.7306600213050842 -0.6383600234985352 -0.2421499937772751
vn -0.7448300123214722 -0.662630021572113 -0.0784199982881546
vn -0.6692799925804138 -0.738860011100769 -0.07842999696731567
vn -0.6552600264549255 -0.6853399872779846 -0.3177100121974945
vn -0.671999990940094 -0.7028599977493286 -0.2332299947738647
vn -0.6720100045204163 -0.7028700113296509 -0.2331999987363815
vn -0.6385599970817566 -0.6678799986839294 -0.3823400139808655
vn -0.6385499835014343 -0.6678699851036072 -0.3823600113391876
vn -0.589389979839325 -0.6164600253105164 -0.5221099853515625
vn -0.589389979839325 -0.6164500117301941 -0.5221199989318848
vn -0.5257099866867065 -0.5498499870300293 -0.6490700244903564
vn -0.5257099866867065 -0.549839973449707 -0.6490799784660339
vn -0.4490799903869629 -0.4697000086307526 -0.7600799798965454
vn -0.4490799903869629 -0.4697000086307526 -0.7600700259208679
vn -0.3613399863243103 -0.3779299855232239 -0.8524100184440613
vn -0.2646900117397308 -0.2768400013446808 -0.923740029335022
vn -0.2646900117397308 -0.2768499851226807 -0.923740029335022
vn -0.1614799946546555 -0.1688999980688095 -0.972320020198822
vn -0.1614699959754944 -0.1688899993896484 -0.972320020198822
vn -0.05428000167012215 -0.05677000060677528 -0.9969099760055542
vn -0.04896999895572662 -0.06140000000596046 -0.9969099760055542
vn -0.04896999895572662 -0.06140999868512154 -0.9969099760055542
vn -0.145689994096756 -0.1826899945735931 -0.972320020198822
vn -0.2388100028038025 -0.299450010061264 -0.923740029335022
vn -0.2388000041246414 -0.299450010061264 -0.923740029335022
vn -0.3260000050067902 -0.4088000059127808 -0.8524100184440613
vn -0.32600998878479 -0.4088099896907806 -0.8524100184440613
vn -0.4051699936389923 -0.5080599784851074 -0.7600799798965454
vn -0.4051600098609924 -0.5080599784851074 -0.7600799798965454
vn -0.4742999970912933 -0.594760000705719 -0.6490799784660339
vn -0.4743100106716156 -0.594760000705719 -0.6490700244903564
vn -0.5317599773406982 -0.6668099761009216 -0.5221099853515625
vn -0.5317599773406982 -0.6668000221252441 -0.5221199989318848
vn -0.5761200189590454 -0.7224299907684326 -0.3823400139808655
vn -0.5761100053787231 -0.7224199771881104 -0.3823699951171875
vn -0.6062999963760376 -0.7602699995040894 -0.2332299947738647
vn -0.6062999963760376 -0.7602800130844116 -0.2331999987363815
vn -0.6215699911117554 -0.7794299721717834 -0.07836999744176865
vn -0.6215699911117554 -0.7794299721717834 -0.07839000225067139
vn -0.04326999932527542 -0.06554999947547913 -0.9969099760055542
vn -0.1287299990653992 -0.1950100064277649 -0.972320020198822
vn -0.1287200003862381 -0.1950100064277649 -0.972320020198822
vn -0.210999995470047 -0.3196499943733215 -0.923740029335022
vn -0.2110099941492081 -0.3196600079536438 -0.923740029335022
vn -0.2880499958992004 -0.436379998922348 -0.8524100184440613
vn -0.3579899966716766 -0.5423399806022644 -0.7600799798965454
vn -0.3579899966716766 -0.5423300266265869 -0.7600799798965454
vn -0.41907998919487 -0.634880006313324 -0.6490700244903564
vn -0.4698399901390076 -0.7117800116539001 -0.5221199989318848
vn -0.5090299844741821 -0.7711499929428101 -0.3823699951171875
vn -0.5090399980545044 -0.7711600065231323 -0.3823600113391876
vn -0.5357099771499634 -0.8115599751472473 -0.2331900000572205
vn -0.5357099771499634 -0.8115599751472473 -0.2331999987363815
vn -0.5491999983787537 -0.8320099711418152 -0.07839000225067139
vn -0.5491999983787537 -0.8320000171661377 -0.07840000092983246
vn -0.03722000122070312 -0.06915999948978424 -0.9969099760055542
vn -0.1107200011610985 -0.2057600021362305 -0.972320020198822
vn -0.1107299998402596 -0.2057700008153915 -0.972320020198822
vn -0.1815000027418137 -0.3372899889945984 -0.923740029335022
vn -0.1814900040626526 -0.3372699916362762 -0.9237499833106995
vn -0.2477799952030182 -0.4604400098323822 -0.8524100184440613
vn -0.2477799952030182 -0.4604499936103821 -0.852400004863739
vn -0.3079299926757812 -0.5722399950027466 -0.7600799798965454
vn -0.3604899942874908 -0.6698899865150452 -0.6490700244903564
vn -0.3604899942874908 -0.6699100136756897 -0.6490600109100342
vn -0.4041500091552734 -0.7510300278663635 -0.5221199989318848
vn -0.4041500091552734 -0.7510300278663635 -0.522130012512207
vn -0.4378600120544434 -0.8136799931526184 -0.3823600113391876
vn -0.4378600120544434 -0.8136799931526184 -0.3823699951171875
vn -0.4607999920845032 -0.8563200235366821 -0.2331999987363815
vn -0.4607999920845032 -0.8563200235366821 -0.2331900000572205
vn -0.449319988489151 -0.8349699974060059 -0.3177199959754944
vn -0.4565699994564056 -0.8862199783325195 -0.07844000309705734
vn -0.3586499989032745 -0.9301699995994568 -0.07845000177621841
vn -0.3813300132751465 -0.8921599984169006 -0.2421600073575974
vn -0.3821899890899658 -0.8941699862480164 -0.2332199960947037
vn -0.3821899890899658 -0.8941799998283386 -0.2331900000572205
vn -0.3631600141525269 -0.8496599793434143 -0.3823600113391876
vn -0.3631600141525269 -0.8496500253677368 -0.3823699951171875
vn -0.3352000117301941 -0.7842400074005127 -0.5221199989318848
vn -0.3352000117301941 -0.7842400074005127 -0.522130012512207
vn -0.29899001121521 -0.6995099782943726 -0.6490700244903564
vn -0.29899001121521 -0.6995199918746948 -0.6490499973297119
vn -0.2554099857807159 -0.5975499749183655 -0.7600700259208679
vn -0.2554000020027161 -0.597540020942688 -0.7600799798965454
vn -0.2055000066757202 -0.4808000028133392 -0.8524100184440613
vn -0.2055100053548813 -0.4808099865913391 -0.852400004863739
vn -0.1505299955606461 -0.3521899878978729 -0.923740029335022
vn -0.1505299955606461 -0.352180004119873 -0.9237499833106995
vn -0.091839998960495 -0.2148600071668625 -0.972320020198822
vn -0.091839998960495 -0.2148700058460236 -0.972320020198822
vn -0.03086999990046024 -0.07221999764442444 -0.9969099760055542
vn -0.02426999993622303 -0.0746999979019165 -0.9969099760055542
vn -0.07220999896526337 -0.2222200036048889 -0.972320020198822
vn -0.07220999896526337 -0.22223000228405 -0.972320020198822
vn -0.1183599978685379 -0.3642700016498566 -0.923740029335022
vn -0.1183599978685379 -0.3642599880695343 -0.923740029335022
vn -0.1615799963474274 -0.4972800016403198 -0.8524100184440613
vn -0.1615799963474274 -0.497299998998642 -0.852400004863739
vn -0.2008100003004074 -0.6180400252342224 -0.7600700259208679
vn -0.2008100003004074 -0.6180199980735779 -0.7600799798965454
vn -0.2350800037384033 -0.7235000133514404 -0.6490700244903564
vn -0.2350700050592422 -0.7234799861907959 -0.6490899920463562
vn -0.2635500133037567 -0.8111299872398376 -0.5221199989318848
vn -0.2635599970817566 -0.8111500144004822 -0.5220900177955627
vn -0.2855400145053864 -0.878790020942688 -0.3823600113391876
vn -0.2855300009250641 -0.8787800073623657 -0.3823800086975098
vn -0.3005000054836273 -0.9248300194740295 -0.2332199960947037
vn -0.3005000054836273 -0.9248300194740295 -0.2331999987363815
vn -0.3080700039863586 -0.9481300115585327 -0.07838000357151031
vn -0.3080700039863586 -0.9481300115585327 -0.07839000225067139
vn -0.01748000085353851 -0.07656999677419662 -0.9969099760055542
vn -0.05200000107288361 -0.2278099954128265 -0.972320020198822
vn -0.08523000031709671 -0.3734099864959717 -0.923740029335022
vn -0.1163500025868416 -0.5097799897193909 -0.852400004863739
vn -0.1163500025868416 -0.5097699761390686 -0.8524100184440613
vn -0.1446000039577484 -0.6335300207138062 -0.7600799798965454
vn -0.1446000039577484 -0.6335300207138062 -0.7600899934768677
vn -0.1692699939012527 -0.7416399717330933 -0.6490899920463562
vn -0.1692799925804138 -0.7416599988937378 -0.6490600109100342
vn -0.1897899955511093 -0.8315100073814392 -0.5220900177955627
vn -0.1897799968719482 -0.8314800262451172 -0.522130012512207
vn -0.2056100070476532 -0.9008399844169617 -0.3823800086975098
vn -0.2056100070476532 -0.9008499979972839 -0.3823400139808655
vn -0.216389998793602 -0.9480500221252441 -0.2331999987363815
vn -0.2163800001144409 -0.9480400085449219 -0.2332399934530258
vn -0.2159000039100647 -0.9459199905395508 -0.2421299964189529
vn -0.2131000012159348 -0.9738799929618835 -0.07836999744176865
vn -0.1071700006723404 -0.9911400079727173 -0.07846000045537949
vn -0.1272799968719482 -0.9396100044250488 -0.3177100121974945
vn -0.1305299997329712 -0.9636200070381165 -0.2332299947738647
vn -0.1305299997329712 -0.9636200070381165 -0.2332399934530258
vn -0.1240300014615059 -0.91566002368927 -0.3823400139808655
vn -0.1144800037145615 -0.8451600074768066 -0.5221099853515625
vn -0.1144800037145615 -0.8451499938964844 -0.522130012512207
vn -0.1021199971437454 -0.753849983215332 -0.6490700244903564
vn -0.1021199971437454 -0.753849983215332 -0.6490600109100342
vn -0.08722999691963196 -0.6439399719238281 -0.7600899934768677
vn -0.07018999755382538 -0.5181599855422974 -0.852400004863739
vn -0.07018999755382538 -0.5181499719619751 -0.8524100184440613
vn -0.0514100007712841 -0.3795399963855743 -0.9237499833106995
vn -0.0514100007712841 -0.3795500099658966 -0.923740029335022
vn -0.03136999905109406 -0.2315499931573868 -0.972320020198822
vn -0.0105400001630187 -0.0778300017118454 -0.9969099760055542
vn -0.003520000027492642 -0.07846000045537949 -0.9969099760055542
vn -0.0104799997061491 -0.2334299981594086 -0.972320020198822
vn -0.01717999950051308 -0.3826200067996979 -0.9237499833106995
vn -0.01717999950051308 -0.3826299905776978 -0.923740029335022
vn -0.02346000075340271 -0.5223600268363953 -0.852400004863739
vn -0.02346000075340271 -0.522350013256073 -0.8524100184440613
vn -0.02914999984204769 -0.6491600275039673 -0.7600899934768677
vn -0.02914999984204769 -0.6491699814796448 -0.7600799798965454
vn -0.03412999957799911 -0.7599700093269348 -0.6490700244903564
vn -0.03826000168919563 -0.8520200252532959 -0.5221099853515625
vn -0.03826000168919563 -0.8520299792289734 -0.5220999717712402
vn -0.04145999997854233 -0.9230899810791016 -0.3823400139808655
vn -0.04145999997854233 -0.9230800271034241 -0.3823600113391876
vn -0.04363000020384789 -0.9714400172233582 -0.2332299947738647
vn -0.04363000020384789 -0.9714400172233582 -0.2332399934530258
vn -0.04473000019788742 -0.9959200024604797 -0.07839000225067139
vn -0.04473000019788742 -0.9959200024604797 -0.07835999876260757
vn 0.003520000027492642 -0.07846000045537949 -0.9969099760055542
vn 0.0104799997061491 -0.2334299981594086 -0.972320020198822
vn 0.01717999950051308 -0.3826299905776978 -0.923740029335022
vn 0.01717999950051308 -0.3826200067996979 -0.9237499833106995
vn 0.02346000075340271 -0.522350013256073 -0.8524100184440613
vn 0.02346000075340271 -0.5223600268363953 -0.852400004863739
vn 0.02914999984204769 -0.6491699814796448 -0.7600799798965454
vn 0.02914999984204769 -0.6491600275039673 -0.7600899934768677
vn 0.03412999957799911 -0.7599700093269348 -0.6490700244903564
vn 0.03826000168919563 -0.8520299792289734 -0.5220999717712402
vn 0.03826000168919563 -0.8520200252532959 -0.5221099853515625
vn 0.04145000129938126 -0.9230800271034241 -0.3823600113391876
vn 0.04145999997854233 -0.9230899810791016 -0.3823400139808655
vn 0.04363000020384789 -0.9714400172233582 -0.2332399934530258
vn 0.04363000020384789 -0.9714400172233582 -0.2332299947738647
vn 0.04473000019788742 -0.9959200024604797 -0.07835999876260757
vn 0.04473000019788742 -0.9959200024604797 -0.07839000225067139
vn 0.0105400001630187 -0.0778300017118454 -0.9969099760055542
vn 0.03136999905109406 -0.2315499931573868 -0.972320020198822
vn 0.0514100007712841 -0.3795399963855743 -0.9237499833106995
vn 0.0514100007712841 -0.3795500099658966 -0.923740029335022
vn 0.07018999755382538 -0.5181599855422974 -0.852400004863739
vn 0.07018999755382538 -0.5181499719619751 -0.8524100184440613
vn 0.08722999691963196 -0.6439399719238281 -0.7600899934768677
vn 0.1021199971437454 -0.753849983215332 -0.6490700244903564
vn 0.1021199971437454 -0.753849983215332 -0.6490600109100342
vn 0.1144900023937225 -0.8451600074768066 -0.5221099853515625
vn 0.1144800037145615 -0.8451499938964844 -0.522130012512207
vn 0.1240300014615059 -0.91566002368927 -0.3823400139808655
vn 0.1305299997329712 -0.9636200070381165 -0.2332299947738647
vn 0.1305299997329712 -0.9636200070381165 -0.2332399934530258
vn 0.1272799968719482 -0.9396100044250488 -0.3177100121974945
vn 0.151529997587204 -0.9853399991989136 -0.07839000225067139
vn 0.2565799951553345 -0.9633299708366394 -0.07846000045537949
vn 0.2159000039100647 -0.9459199905395508 -0.2421299964189529
vn 0.216389998793602 -0.9480500221252441 -0.2331999987363815
vn 0.2163800001144409 -0.9480400085449219 -0.2332399934530258
vn 0.2056100070476532 -0.9008399844169617 -0.3823800086975098
vn 0.2056100070476532 -0.9008499979972839 -0.3823400139808655
vn 0.1897899955511093 -0.8315100073814392 -0.5220900177955627
vn 0.1897799968719482 -0.8314800262451172 -0.522130012512207
vn 0.1692699939012527 -0.7416399717330933 -0.6490899920463562
vn 0.1692799925804138 -0.7416599988937378 -0.6490600109100342
vn 0.1446000039577484 -0.6335300207138062 -0.7600799798965454
vn 0.1446000039577484 -0.6335300207138062 -0.7600899934768677
vn 0.1163500025868416 -0.5097799897193909 -0.852400004863739
vn 0.1163500025868416 -0.5097699761390686 -0.8524100184440613
vn 0.08523000031709671 -0.3734099864959717 -0.923740029335022
vn 0.05200000107288361 -0.2278099954128265 -0.972320020198822
vn 0.01748000085353851 -0.07656999677419662 -0.9969099760055542
vn 0.02426999993622303 -0.0746999979019165 -0.9969099760055542
vn 0.07220999896526337 -0.22223000228405 -0.972320020198822
vn 0.1183599978685379 -0.3642599880695343 -0.923740029335022
vn 0.1183599978685379 -0.3642700016498566 -0.923740029335022
vn 0.1615799963474274 -0.497299998998642 -0.852400004863739
vn 0.1615799963474274 -0.4972800016403198 -0.8524100184440613
vn 0.2008100003004074 -0.6180199980735779 -0.7600799798965454
vn 0.2008100003004074 -0.6180400252342224 -0.7600700259208679
vn 0.2350700050592422 -0.7234799861907959 -0.6490899920463562
vn 0.2350800037384033 -0.7235000133514404 -0.6490700244903564
vn 0.2635599970817566 -0.8111500144004822 -0.5220900177955627
vn 0.2635500133037567 -0.8111299872398376 -0.5221199989318848
vn 0.2855300009250641 -0.8787800073623657 -0.3823800086975098
vn 0.2855400145053864 -0.878790020942688 -0.3823600113391876
vn 0.3005000054836273 -0.9248300194740295 -0.2331999987363815
vn 0.3005000054836273 -0.9248300194740295 -0.2332199960947037
vn 0.3080700039863586 -0.9481300115585327 -0.07839000225067139
vn 0.3080700039863586 -0.9481300115585327 -0.07838000357151031
vn 0.03086999990046024 -0.07221999764442444 -0.9969099760055542
vn 0.09183000028133392 -0.2148600071668625 -0.972320020198822
vn 0.091839998960495 -0.2148700058460236 -0.972320020198822
vn 0.1505399942398071 -0.3521899878978729 -0.923740029335022
vn 0.1505299955606461 -0.352180004119873 -0.9237499833106995
vn 0.2055000066757202 -0.4808000028133392 -0.8524100184440613
vn 0.2055100053548813 -0.4808099865913391 -0.852400004863739
vn 0.2554099857807159 -0.5975499749183655 -0.7600700259208679
vn 0.2554000020027161 -0.597540020942688 -0.7600799798965454
vn 0.2989799976348877 -0.6995099782943726 -0.6490700244903564
vn 0.29899001121521 -0.6995199918746948 -0.6490499973297119
vn 0.3352000117301941 -0.7842400074005127 -0.5221199989318848
vn 0.3352000117301941 -0.7842400074005127 -0.522130012512207
vn 0.3631600141525269 -0.8496599793434143 -0.3823600113391876
vn 0.3631600141525269 -0.8496500253677368 -0.3823699951171875
vn 0.3821899890899658 -0.8941699862480164 -0.2332199960947037
vn 0.3821899890899658 -0.8941799998283386 -0.2331900000572205
vn 0.3813300132751465 -0.8921599984169006 -0.2421600073575974
vn 0.4000299870967865 -0.9131399989128113 -0.0784199982881546
vn 0.4958699941635132 -0.8648399710655212 -0.07846000045537949
vn 0.449319988489151 -0.8349699974060059 -0.3177199959754944
vn 0.4607999920845032 -0.8563200235366821 -0.2331999987363815
vn 0.4607999920845032 -0.8563200235366821 -0.2331900000572205
vn 0.4378600120544434 -0.8136799931526184 -0.3823600113391876
vn 0.4378600120544434 -0.8136799931526184 -0.3823699951171875
vn 0.4041500091552734 -0.7510300278663635 -0.5221199989318848
vn 0.4041500091552734 -0.7510300278663635 -0.522130012512207
vn 0.3604899942874908 -0.6698899865150452 -0.6490700244903564
vn 0.3604899942874908 -0.6699100136756897 -0.6490600109100342
vn 0.3079299926757812 -0.5722399950027466 -0.7600799798965454
vn 0.2477799952030182 -0.4604400098323822 -0.8524100184440613
vn 0.2477799952030182 -0.4604499936103821 -0.852400004863739
vn 0.1815000027418137 -0.3372899889945984 -0.923740029335022
vn 0.1814900040626526 -0.3372699916362762 -0.9237499833106995
vn 0.1107200011610985 -0.2057600021362305 -0.972320020198822
vn 0.1107299998402596 -0.2057700008153915 -0.972320020198822
vn 0.03722000122070312 -0.06915999948978424 -0.9969099760055542
vn 0.04326999932527542 -0.06554999947547913 -0.9969099760055542
vn 0.1287200003862381 -0.1950100064277649 -0.972320020198822
vn 0.1287299990653992 -0.1950100064277649 -0.972320020198822
vn 0.2110099941492081 -0.3196600079536438 -0.923740029335022
vn 0.210999995470047 -0.3196499943733215 -0.923740029335022
vn 0.2880499958992004 -0.436379998922348 -0.8524100184440613
vn 0.3579899966716766 -0.5423300266265869 -0.7600799798965454
vn 0.41907998919487 -0.634880006313324 -0.6490700244903564
vn 0.4698399901390076 -0.7117800116539001 -0.5221199989318848
vn 0.5090399980545044 -0.7711600065231323 -0.3823600113391876
vn 0.5090299844741821 -0.7711499929428101 -0.3823699951171875
vn 0.5357099771499634 -0.8115599751472473 -0.2331999987363815
vn 0.5357099771499634 -0.8115599751472473 -0.2331900000572205
vn 0.5491999983787537 -0.8320000171661377 -0.07840000092983246
vn 0.5491999983787537 -0.8320099711418152 -0.07839000225067139
vn 0.04896999895572662 -0.06140999868512154 -0.9969099760055542
vn 0.04896999895572662 -0.06140000000596046 -0.9969099760055542
vn 0.145689994096756 -0.1826899945735931 -0.972320020198822
vn 0.2388000041246414 -0.299450010061264 -0.923740029335022
vn 0.2388100028038025 -0.299450010061264 -0.923740029335022
vn 0.32600998878479 -0.4088000059127808 -0.8524100184440613
vn 0.3260000050067902 -0.4088000059127808 -0.8524100184440613
vn 0.4051600098609924 -0.5080599784851074 -0.7600799798965454
vn 0.4051699936389923 -0.5080599784851074 -0.7600799798965454
vn 0.4743100106716156 -0.594760000705719 -0.6490700244903564
vn 0.4742999970912933 -0.594760000705719 -0.6490799784660339
vn 0.5317599773406982 -0.6668000221252441 -0.5221199989318848
vn 0.5317599773406982 -0.6668099761009216 -0.5221099853515625
vn 0.5761100053787231 -0.7224199771881104 -0.3823699951171875
vn 0.5761200189590454 -0.7224299907684326 -0.3823400139808655
vn 0.6062999963760376 -0.7602800130844116 -0.2331999987363815
vn 0.6062899827957153 -0.7602699995040894 -0.2332299947738647
vn 0.6215699911117554 -0.7794299721717834 -0.07839000225067139
vn 0.6215699911117554 -0.7794299721717834 -0.07836999744176865
vn 0.05428000167012215 -0.05677000060677528 -0.9969099760055542
vn 0.1614799946546555 -0.1688999980688095 -0.972320020198822
vn 0.1614699959754944 -0.1688899993896484 -0.972320020198822
vn 0.2646900117397308 -0.2768400013446808 -0.923740029335022
vn 0.2646900117397308 -0.2768499851226807 -0.923740029335022
vn 0.3613399863243103 -0.3779299855232239 -0.8524100184440613
vn 0.4490799903869629 -0.4697000086307526 -0.7600799798965454
vn 0.4490799903869629 -0.4697000086307526 -0.7600700259208679
vn 0.5257099866867065 -0.5498499870300293 -0.6490700244903564
vn 0.5257099866867065 -0.549839973449707 -0.6490799784660339
vn 0.589389979839325 -0.6164500117301941 -0.5221099853515625
vn 0.589389979839325 -0.6164500117301941 -0.5221199989318848
vn 0.6385599970817566 -0.6678799986839294 -0.3823400139808655
vn 0.6385499835014343 -0.6678699851036072 -0.3823600113391876
vn 0.671999990940094 -0.7028599977493286 -0.2332299947738647
vn 0.6720100045204163 -0.7028700113296509 -0.2331999987363815
vn 0.6552600264549255 -0.6853399872779846 -0.3177100121974945
vn 0.7017599940299988 -0.708079993724823 -0.07844000309705734
vn 0.7738100290298462 -0.6285399794578552 -0.07845000177621841
vn 0.7306600213050842 -0.6383600234985352 -0.2421499937772751
vn 0.7322999835014343 -0.6397899985313416 -0.2332399934530258
vn 0.7323099970817566 -0.6398000121116638 -0.2331999987363815
vn 0.6958500146865845 -0.60794997215271 -0.3823499977588654
vn 0.6958500146865845 -0.6079400181770325 -0.3823600113391876
vn 0.6422799825668335 -0.5611400008201599 -0.5221099853515625
vn 0.642270028591156 -0.5611400008201599 -0.5221199989318848
vn 0.5728899836540222 -0.5005199909210205 -0.6490700244903564
vn 0.5728800296783447 -0.5005099773406982 -0.6490799784660339
vn 0.4893600046634674 -0.4275400042533875 -0.7600899934768677
vn 0.4893699884414673 -0.4275499880313873 -0.7600700259208679
vn 0.3937700092792511 -0.3440299928188324 -0.852400004863739
vn 0.3937599956989288 -0.3440200090408325 -0.8524100184440613
vn 0.2884300053119659 -0.2520000040531158 -0.923740029335022
vn 0.2884399890899658 -0.2520000040531158 -0.923740029335022
vn 0.1759700030088425 -0.1537400037050247 -0.972320020198822
vn 0.1759600043296814 -0.1537400037050247 -0.972320020198822
vn 0.05914999917149544 -0.05166999995708466 -0.9969099760055542
vn 0.06353999674320221 -0.04616000130772591 -0.9969099760055542
vn 0.06353999674320221 -0.04616999998688698 -0.9969099760055542
vn 0.1890400052070618 -0.1373499929904938 -0.972320020198822
vn 0.3098599910736084 -0.2251300066709518 -0.923740029335022
vn 0.3098599910736084 -0.2251300066709518 -0.9237499833106995
vn 0.4230200052261353 -0.307339996099472 -0.852400004863739
vn 0.5257099866867065 -0.3819499909877777 -0.7600899934768677
vn 0.5257200002670288 -0.3819600045681 -0.7600799798965454
vn 0.6154500246047974 -0.4471499919891357 -0.6490700244903564
vn 0.6154400110244751 -0.4471499919891357 -0.6490700244903564
vn 0.6899899840354919 -0.5013099908828735 -0.5221099853515625
vn 0.6899899840354919 -0.5013099908828735 -0.5221199989318848
vn 0.7475399971008301 -0.5431200265884399 -0.3823499977588654
vn 0.7867000102996826 -0.5715699791908264 -0.2332399934530258
vn 0.7867100238800049 -0.5715799927711487 -0.2332099974155426
vn 0.8065299987792969 -0.5859799981117249 -0.07838000357151031
vn 0.8065299987792969 -0.5859799981117249 -0.07840000092983246
vn 0.06741999834775925 -0.04027999937534332 -0.9969099760055542
vn 0.2005899995565414 -0.1198500022292137 -0.972320020198822
vn 0.328790009021759 -0.1964399963617325 -0.9237499833106995
vn 0.4488700032234192 -0.2681899964809418 -0.852400004863739
vn 0.4488700032234192 -0.2681800127029419 -0.8524100184440613
vn 0.5578399896621704 -0.333299994468689 -0.7600799798965454
vn 0.5578500032424927 -0.333299994468689 -0.7600799798965454
vn 0.6530500054359436 -0.3901799917221069 -0.6490700244903564
vn 0.7321500182151794 -0.4374400079250336 -0.5221199989318848
vn 0.7321500182151794 -0.4374400079250336 -0.5221099853515625
vn 0.7932199835777283 -0.4739300012588501 -0.3823499977588654
vn 0.7932199835777283 -0.4739300012588501 -0.3823600113391876
vn 0.8347799777984619 -0.4987600147724152 -0.2332099974155426
vn 0.8347799777984619 -0.4987600147724152 -0.2332199960947037
vn 0.8328999876976013 -0.4976400136947632 -0.2421499937772751
vn 0.8603600263595581 -0.5036200284957886 -0.07840000092983246
vn 0.9095100164413452 -0.4082100093364716 -0.07845000177621841
vn 0.8542900085449219 -0.4113999903202057 -0.3176999986171722
vn 0.8761199712753296 -0.4219200015068054 -0.2332299947738647
vn 0.8761199712753296 -0.4219200015068054 -0.2332199960947037
vn 0.8325099945068359 -0.4009200036525726 -0.3823400139808655
vn 0.8325099945068359 -0.4009099900722504 -0.3823600113391876
vn 0.7684100270271301 -0.3700500130653381 -0.5221199989318848
vn 0.7684100270271301 -0.3700500130653381 -0.5221099853515625
vn 0.6853899955749512 -0.3300699889659882 -0.6490700244903564
vn 0.5854799747467041 -0.2819499969482422 -0.7600700259208679
vn 0.5854799747467041 -0.2819499969482422 -0.7600799798965454
vn 0.4710899889469147 -0.2268600016832352 -0.8524100184440613
vn 0.4711000025272369 -0.2268700003623962 -0.8524100184440613
vn 0.3450799882411957 -0.1661799997091293 -0.923740029335022
vn 0.3450799882411957 -0.1661799997091293 -0.9237499833106995
vn 0.2105299979448318 -0.1013899967074394 -0.972320020198822
vn 0.07075999677181244 -0.03407999873161316 -0.9969099760055542
vn 0.07353000342845917 -0.02759999968111515 -0.9969099760055542
vn 0.2187699973583221 -0.08211000263690948 -0.972320020198822
vn 0.3585900068283081 -0.1345800012350082 -0.923740029335022
vn 0.4895299971103668 -0.1837199926376343 -0.8524100184440613
vn 0.4895400106906891 -0.1837300062179565 -0.852400004863739
vn 0.6083999872207642 -0.2283399999141693 -0.7600700259208679
vn 0.6083800196647644 -0.2283300012350082 -0.7600899934768677
vn 0.7122200131416321 -0.267300009727478 -0.6490700244903564
vn 0.7122300267219543 -0.267300009727478 -0.6490600109100342
vn 0.7984899878501892 -0.2996799945831299 -0.5221199989318848
vn 0.8651000261306763 -0.3246800005435944 -0.3823400139808655
vn 0.8651000261306763 -0.3246800005435944 -0.3823499977588654
vn 0.9104200005531311 -0.3416799902915955 -0.2332299947738647
vn 0.9104200005531311 -0.3416900038719177 -0.2332199960947037
vn 0.9333500266075134 -0.3502900004386902 -0.07838000357151031
vn 0.9333500266075134 -0.3502900004386902 -0.07840000092983246
vn 0.0757099986076355 -0.02088999934494495 -0.9969099760055542
vn 0.2252500057220459 -0.06216999888420105 -0.972320020198822
vn 0.2252400070428848 -0.06216000020503998 -0.972320020198822
vn 0.3692100048065186 -0.1018899977207184 -0.9237499833106995
vn 0.3692100048065186 -0.1018999963998795 -0.923740029335022
vn 0.504040002822876 -0.1391099989414215 -0.852400004863739
vn 0.504040002822876 -0.1391099989414215 -0.8524100184440613
vn 0.6263999938964844 -0.1728799939155579 -0.7600899934768677
vn 0.6264100074768066 -0.1728799939155579 -0.7600799798965454
vn 0.7333199977874756 -0.2023800015449524 -0.6490600109100342
vn 0.8221399784088135 -0.2268999963998795 -0.5221199989318848
vn 0.890720009803772 -0.2458200007677078 -0.3823499977588654
vn 0.8907099962234497 -0.2458200007677078 -0.3823699951171875
vn 0.9373800158500671 -0.2587000131607056 -0.2332199960947037
vn 0.9373800158500671 -0.2587000131607056 -0.2332299947738647
vn 0.9610000252723694 -0.2652199864387512 -0.07840000092983246
vn 0.9610000252723694 -0.2652199864387512 -0.07838000357151031
vn 0.07727999985218048 -0.01401999965310097 -0.9969099760055542
vn 0.2299100011587143 -0.04171999916434288 -0.972320020198822
vn 0.2299199998378754 -0.04171999916434288 -0.972320020198822
vn 0.3768599927425385 -0.06838999688625336 -0.923740029335022
vn 0.3768500089645386 -0.06838999688625336 -0.923740029335022
vn 0.5144799947738647 -0.09335999935865402 -0.8524100184440613
vn 0.5144699811935425 -0.09335999935865402 -0.8524100184440613
vn 0.6393899917602539 -0.1160300001502037 -0.7600799798965454
vn 0.7485100030899048 -0.1358300000429153 -0.6490600109100342
vn 0.839169979095459 -0.1522900015115738 -0.5221199989318848
vn 0.9091600179672241 -0.1649899929761887 -0.3823699951171875
vn 0.9091600179672241 -0.1649899929761887 -0.3823600113391876
vn 0.9567899703979492 -0.1736299991607666 -0.2332299947738647
vn 0.9567999839782715 -0.1736299991607666 -0.2332199960947037
vn 0.9329599738121033 -0.1693100035190582 -0.3176900148391724
vn 0.9839400053024292 -0.1603700071573257 -0.07842999696731567
vn 0.9954699873924255 -0.05366000160574913 -0.07844000309705734
vn 0.9663400053977966 -0.0869700014591217 -0.242139995098114
vn 0.9685099720954895 -0.08716999739408493 -0.2332399934530258
vn 0.9685099720954895 -0.08716999739408493 -0.2332199960947037
vn 0.9203000068664551 -0.08282999694347382 -0.3823499977588654
vn 0.9202899932861328 -0.08282999694347382 -0.3823600113391876
vn 0.8494399785995483 -0.07644999772310257 -0.5221199989318848
vn 0.7576599717140198 -0.06819000095129013 -0.6490700244903564
vn 0.757669985294342 -0.06819000095129013 -0.6490600109100342
vn 0.6472100019454956 -0.05824999883770943 -0.7600799798965454
vn 0.5207800269126892 -0.04687000066041946 -0.852400004863739
vn 0.5207700133323669 -0.04687000066041946 -0.8524100184440613
vn 0.3814800083637238 -0.03432999923825264 -0.923740029335022
vn 0.3814699947834015 -0.03432999923825264 -0.923740029335022
vn 0.2327200025320053 -0.02095000073313713 -0.972320020198822
vn 0.2327300012111664 -0.02095000073313713 -0.972320020198822
vn 0.07822000235319138 -0.007040000054985285 -0.9969099760055542
vn 0.07853999733924866 0 -0.9969099760055542
vn 0.2336599975824356 0 -0.972320020198822
vn 0.3830200135707855 0 -0.923740029335022
vn 0.5228800177574158 0 -0.8524100184440613
vn 0.6498299837112427 0 -0.7600799798965454
vn 0.7607300281524658 0 -0.6490700244903564
vn 0.852869987487793 0 -0.5221199989318848
vn 0.924019992351532 0 -0.3823499977588654
vn 0.9724199771881104 0 -0.2332399934530258
vn 0.9969199895858765 0 -0.07836999744176865
vn 0.07822000235319138 0.007040000054985285 -0.9969099760055542
vn 0.2327200025320053 0.02095000073313713 -0.972320020198822
vn 0.2327300012111664 0.02095000073313713 -0.972320020198822
vn 0.3814800083637238 0.03432999923825264 -0.923740029335022
vn 0.3814699947834015 0.03432999923825264 -0.923740029335022
vn 0.5207800269126892 0.04687000066041946 -0.852400004863739
vn 0.5207700133323669 0.04687000066041946 -0.8524100184440613
vn 0.6472100019454956 0.05824999883770943 -0.7600799798965454
vn 0.7576599717140198 0.06819000095129013 -0.6490700244903564
vn 0.7576799988746643 0.06819000095129013 -0.6490600109100342
vn 0.8494399785995483 0.07644999772310257 -0.5221199989318848
vn 0.9203000068664551 0.08282999694347382 -0.3823499977588654
vn 0.9202899932861328 0.08282999694347382 -0.3823600113391876
vn 0.9685099720954895 0.08716999739408493 -0.2332399934530258
vn 0.9685099720954895 0.08716999739408493 -0.2332099974155426
vn 0.9663400053977966 0.0869700014591217 -0.242139995098114
vn 0.9920700192451477 0.0982699990272522 -0.07840999960899353
vn 0.9757500290870667 0.2043499946594238 -0.07845000177621841
vn 0.9329500198364258 0.1693100035190582 -0.3176999986171722
vn 0.9567899703979492 0.1736299991607666 -0.2332299947738647
vn 0.9567999839782715 0.1736299991607666 -0.2332099974155426
vn 0.9091600179672241 0.1649899929761887 -0.3823699951171875
vn 0.9091600179672241 0.1649899929761887 -0.3823600113391876
vn 0.839169979095459 0.1522900015115738 -0.5221099853515625
vn 0.8391600251197815 0.1522900015115738 -0.5221199989318848
vn 0.7485100030899048 0.1358300000429153 -0.6490600109100342
vn 0.6393799781799316 0.1160300001502037 -0.7600799798965454
vn 0.6393899917602539 0.1160300001502037 -0.7600799798965454
vn 0.5144799947738647 0.09335999935865402 -0.8524100184440613
vn 0.5144699811935425 0.09335999935865402 -0.8524100184440613
vn 0.3768599927425385 0.06838999688625336 -0.923740029335022
vn 0.3768500089645386 0.06838999688625336 -0.923740029335022
vn 0.2299100011587143 0.04171999916434288 -0.972320020198822
vn 0.2299199998378754 0.04171999916434288 -0.972320020198822
vn 0.07727999985218048 0.01401999965310097 -0.9969099760055542
vn 0.0757099986076355 0.02088999934494495 -0.9969099760055542
vn 0.2252400070428848 0.06216000020503998 -0.972320020198822
vn 0.2252500057220459 0.06216999888420105 -0.972320020198822
vn 0.3692100048065186 0.1018999963998795 -0.923740029335022
vn 0.3691999912261963 0.1018899977207184 -0.9237499833106995
vn 0.504040002822876 0.1391000002622604 -0.8524100184440613
vn 0.504040002822876 0.1391099989414215 -0.852400004863739
vn 0.6264100074768066 0.1728799939155579 -0.7600799798965454
vn 0.6263999938964844 0.1728799939155579 -0.7600899934768677
vn 0.7333199977874756 0.2023800015449524 -0.6490600109100342
vn 0.8221399784088135 0.2268999963998795 -0.5221099853515625
vn 0.8221399784088135 0.2268899977207184 -0.5221199989318848
vn 0.8907099962234497 0.2458200007677078 -0.3823699951171875
vn 0.890720009803772 0.2458200007677078 -0.3823400139808655
vn 0.9373800158500671 0.2587000131607056 -0.2332299947738647
vn 0.9373800158500671 0.2587000131607056 -0.2332199960947037
vn 0.9610000252723694 0.2652199864387512 -0.07838000357151031
vn 0.9610000252723694 0.2652199864387512 -0.07840000092983246
vn 0.07353000342845917 0.02759999968111515 -0.9969099760055542
vn 0.2187699973583221 0.08211000263690948 -0.972320020198822
vn 0.3585799932479858 0.1345800012350082 -0.9237499833106995
vn 0.3585900068283081 0.1345800012350082 -0.923740029335022
vn 0.4895400106906891 0.1837300062179565 -0.852400004863739
vn 0.4895299971103668 0.1837199926376343 -0.8524100184440613
vn 0.6083800196647644 0.2283300012350082 -0.7600899934768677
vn 0.6083999872207642 0.2283399999141693 -0.7600799798965454
vn 0.7122300267219543 0.267300009727478 -0.6490600109100342
vn 0.7122200131416321 0.267300009727478 -0.6490700244903564
vn 0.7984899878501892 0.2996799945831299 -0.5221199989318848
vn 0.8651000261306763 0.3246800005435944 -0.3823499977588654
vn 0.8651000261306763 0.3246800005435944 -0.3823400139808655
vn 0.9104200005531311 0.3416900038719177 -0.2332199960947037
vn 0.9104200005531311 0.3416799902915955 -0.2332299947738647
vn 0.9333500266075134 0.3502900004386902 -0.07840000092983246
vn 0.9333500266075134 0.3502900004386902 -0.07838000357151031
vn 0.07075999677181244 0.03407999873161316 -0.9969099760055542
vn 0.2105299979448318 0.1013899967074394 -0.972320020198822
vn 0.3450799882411957 0.1661799997091293 -0.923740029335022
vn 0.3450799882411957 0.1661799997091293 -0.9237499833106995
vn 0.4710899889469147 0.2268700003623962 -0.8524100184440613
vn 0.4711000025272369 0.2268700003623962 -0.8524100184440613
vn 0.5854799747467041 0.2819499969482422 -0.7600799798965454
vn 0.6853899955749512 0.3300699889659882 -0.6490700244903564
vn 0.7684100270271301 0.3700500130653381 -0.5221199989318848
vn 0.8325099945068359 0.4009200036525726 -0.3823400139808655
vn 0.8325099945068359 0.4009099900722504 -0.3823600113391876
vn 0.8761199712753296 0.4219200015068054 -0.2332299947738647
vn 0.8761199712753296 0.4219200015068054 -0.2332199960947037
vn 0.8542900085449219 0.4113999903202057 -0.3176999986171722
vn 0.89028000831604 0.4485999941825867 -0.0784199982881546
vn 0.836899995803833 0.5417100191116333 -0.07846999913454056
vn 0.8328999876976013 0.4976400136947632 -0.242139995098114
vn 0.8347799777984619 0.4987600147724152 -0.2332099974155426
vn 0.8347799777984619 0.4987600147724152 -0.2332199960947037
vn 0.7932199835777283 0.4739300012588501 -0.3823600113391876
vn 0.7321500182151794 0.4374400079250336 -0.5221099853515625
vn 0.7321500182151794 0.4374400079250336 -0.5221199989318848
vn 0.6530500054359436 0.3901799917221069 -0.6490700244903564
vn 0.6530399918556213 0.3901799917221069 -0.6490700244903564
vn 0.5578500032424927 0.333299994468689 -0.7600799798965454
vn 0.4488700032234192 0.2681899964809418 -0.8524100184440613
vn 0.4488700032234192 0.2681800127029419 -0.8524100184440613
vn 0.328790009021759 0.1964399963617325 -0.9237499833106995
vn 0.2005899995565414 0.1198500022292137 -0.972320020198822
vn 0.06741999834775925 0.04027999937534332 -0.9969099760055542
vn 0.06353999674320221 0.04616999998688698 -0.9969099760055542
vn 0.06353999674320221 0.04616000130772591 -0.9969099760055542
vn 0.1890400052070618 0.1373499929904938 -0.972320020198822
vn 0.3098599910736084 0.2251300066709518 -0.9237499833106995
vn 0.3098599910736084 0.2251300066709518 -0.923740029335022
vn 0.4230200052261353 0.307339996099472 -0.8524100184440613
vn 0.5257200002670288 0.3819600045681 -0.7600799798965454
vn 0.6154400110244751 0.4471400082111359 -0.6490700244903564
vn 0.6899899840354919 0.5013099908828735 -0.5221099853515625
vn 0.7475399971008301 0.5431200265884399 -0.3823600113391876
vn 0.7867100238800049 0.5715799927711487 -0.2332099974155426
vn 0.7867100238800049 0.5715799927711487 -0.2332199960947037
vn 0.8065299987792969 0.5859799981117249 -0.07839000225067139
vn 0.8065299987792969 0.5859799981117249 -0.07838000357151031
vn 0.05914999917149544 0.05166999995708466 -0.9969099760055542
vn 0.1759700030088425 0.1537400037050247 -0.972320020198822
vn 0.2884300053119659 0.2520000040531158 -0.923740029335022
vn 0.2884399890899658 0.2520000040531158 -0.923740029335022
vn 0.3937599956989288 0.3440200090408325 -0.8524100184440613
vn 0.3937700092792511 0.3440200090408325 -0.8524100184440613
vn 0.4893699884414673 0.4275499880313873 -0.7600799798965454
vn 0.5728800296783447 0.5005099773406982 -0.6490700244903564
vn 0.6422799825668335 0.5611400008201599 -0.5221099853515625
vn 0.6422799825668335 0.5611400008201599 -0.5221199989318848
vn 0.6958500146865845 0.60794997215271 -0.3823600113391876
vn 0.6958500146865845 0.60794997215271 -0.3823499977588654
vn 0.7322999835014343 0.6397899985313416 -0.2332199960947037
vn 0.7322999835014343 0.6398000121116638 -0.2332199960947037
vn 0.7306600213050842 0.6383600234985352 -0.2421499937772751
vn 0.7448300123214722 0.662630021572113 -0.0784199982881546
vn 0.6692799925804138 0.738860011100769 -0.07845000177621841
vn 0.6552600264549255 0.6853500008583069 -0.3176999986171722
vn 0.6720100045204163 0.7028599977493286 -0.2332199960947037
vn 0.6385499835014343 0.6678699851036072 -0.3823600113391876
vn 0.6385499835014343 0.6678699851036072 -0.3823499977588654
vn 0.589389979839325 0.6164500117301941 -0.5221199989318848
vn 0.5257099866867065 0.5498499870300293 -0.6490700244903564
vn 0.449070006608963 0.4696899950504303 -0.7600799798965454
vn 0.3613399863243103 0.3779399991035461 -0.8524100184440613
vn 0.3613399863243103 0.3779299855232239 -0.8524100184440613
vn 0.2646799981594086 0.2768400013446808 -0.923740029335022
vn 0.2646900117397308 0.2768400013446808 -0.923740029335022
vn 0.1614799946546555 0.1688899993896484 -0.972320020198822
vn 0.05428000167012215 0.05677000060677528 -0.9969099760055542
vn 0.04896999895572662 0.06140999868512154 -0.9969099760055542
vn 0.145689994096756 0.1826899945735931 -0.972320020198822
vn 0.2388000041246414 0.299450010061264 -0.923740029335022
vn 0.32600998878479 0.4088099896907806 -0.8524100184440613
vn 0.32600998878479 0.4088000059127808 -0.8524100184440613
vn 0.4051600098609924 0.5080599784851074 -0.7600799798965454
vn 0.4051600098609924 0.5080500245094299 -0.7600799798965454
vn 0.4743100106716156 0.594760000705719 -0.6490700244903564
vn 0.5317599773406982 0.6668000221252441 -0.5221199989318848
vn 0.5317599773406982 0.6668000221252441 -0.5221099853515625
vn 0.5761100053787231 0.7224199771881104 -0.3823600113391876
vn 0.6062999963760376 0.7602699995040894 -0.2332199960947037
vn 0.6215699911117554 0.7794299721717834 -0.07838000357151031
vn 0.04326999932527542 0.06554999947547913 -0.9969099760055542
vn 0.1287299990653992 0.1950100064277649 -0.972320020198822
vn 0.210999995470047 0.3196499943733215 -0.923740029335022
vn 0.2880499958992004 0.436379998922348 -0.8524100184440613
vn 0.2880499958992004 0.436379998922348 -0.852400004863739
vn 0.3579899966716766 0.5423300266265869 -0.7600799798965454
vn 0.41907998919487 0.634880006313324 -0.6490700244903564
vn 0.4698500037193298 0.7117900252342224 -0.5221099853515625
vn 0.4698500037193298 0.7117900252342224 -0.5221199989318848
vn 0.5090399980545044 0.7711600065231323 -0.3823600113391876
vn 0.5090399980545044 0.7711600065231323 -0.3823499977588654
vn 0.5357099771499634 0.8115599751472473 -0.2332199960947037
vn 0.5491999983787537 0.8320099711418152 -0.07838000357151031
vn 0.03722000122070312 0.06915999948978424 -0.9969099760055542
vn 0.1107299998402596 0.2057700008153915 -0.972320020198822
vn 0.1815000027418137 0.3372800052165985 -0.923740029335022
vn 0.2477799952030182 0.4604499936103821 -0.852400004863739
vn 0.2477799952030182 0.4604400098323822 -0.8524100184440613
vn 0.3079299926757812 0.5722299814224243 -0.7600799798965454
vn 0.3079299926757812 0.5722399950027466 -0.7600799798965454
vn 0.3604899942874908 0.6698899865150452 -0.6490700244903564
vn 0.4041500091552734 0.751039981842041 -0.5221199989318848
vn 0.4378600120544434 0.8136799931526184 -0.3823499977588654
vn 0.4607999920845032 0.8563100099563599 -0.2332199960947037
vn 0.449319988489151 0.8349699974060059 -0.3176999986171722
vn 0.4565699994564056 0.8862199783325195 -0.07842999696731567
vn 0.3586600124835968 0.9301699995994568 -0.07846000045537949
vn 0.3813300132751465 0.8921599984169006 -0.242139995098114
vn 0.3821899890899658 0.8941699862480164 -0.2332199960947037
vn 0.3631600141525269 0.8496599793434143 -0.3823499977588654
vn 0.3352000117301941 0.7842400074005127 -0.5221199989318848
vn 0.29899001121521 0.6995099782943726 -0.6490700244903564
vn 0.2554000020027161 0.5975300073623657 -0.7600799798965454
vn 0.2554000020027161 0.597540020942688 -0.7600799798965454
vn 0.2055100053548813 0.4808000028133392 -0.8524100184440613
vn 0.2055000066757202 0.4808000028133392 -0.8524100184440613
vn 0.1505299955606461 0.3521899878978729 -0.923740029335022
vn 0.091839998960495 0.2148600071668625 -0.972320020198822
vn 0.03086999990046024 0.07221999764442444 -0.9969099760055542
vn 0.02426999993622303 0.0746999979019165 -0.9969099760055542
vn 0.07220999896526337 0.22223000228405 -0.972320020198822
vn 0.1183599978685379 0.3642700016498566 -0.923740029335022
vn 0.1615799963474274 0.4972899854183197 -0.8524100184440613
vn 0.2008100003004074 0.6180199980735779 -0.7600799798965454
vn 0.2350800037384033 0.7235000133514404 -0.6490700244903564
vn 0.2635500133037567 0.8111299872398376 -0.5221199989318848
vn 0.2635500133037567 0.8111299872398376 -0.5221099853515625
vn 0.2855400145053864 0.878790020942688 -0.3823499977588654
vn 0.3005000054836273 0.9248300194740295 -0.2332199960947037
vn 0.3080700039863586 0.9481300115585327 -0.07838000357151031
vn 0.01748000085353851 0.07656999677419662 -0.9969099760055542
vn 0.05200000107288361 0.2278099954128265 -0.972320020198822
vn 0.08523000031709671 0.3734099864959717 -0.923740029335022
vn 0.1163500025868416 0.5097699761390686 -0.8524100184440613
vn 0.1446000039577484 0.6335399746894836 -0.7600799798965454
vn 0.1446000039577484 0.6335300207138062 -0.7600799798965454
vn 0.1692799925804138 0.7416499853134155 -0.6490700244903564
vn 0.1692799925804138 0.7416599988937378 -0.6490700244903564
vn 0.1897799968719482 0.8314899802207947 -0.5221199989318848
vn 0.2056100070476532 0.9008499979972839 -0.3823499977588654
vn 0.2163800001144409 0.9480400085449219 -0.2332199960947037
vn 0.2159000039100647 0.9459099769592285 -0.2421499937772751
vn 0.2131000012159348 0.9738799929618835 -0.07840999960899353
vn 0.1071700006723404 0.9911400079727173 -0.07845000177621841
vn 0.1272799968719482 0.9396100044250488 -0.3176999986171722
vn 0.1305299997329712 0.9636200070381165 -0.2332199960947037
vn 0.1240300014615059 0.9156500101089478 -0.3823499977588654
vn 0.1144800037145615 0.8451600074768066 -0.5221199989318848
vn 0.1021199971437454 0.7538400292396545 -0.6490700244903564
vn 0.08722999691963196 0.6439499855041504 -0.7600799798965454
vn 0.07018999755382538 0.5181499719619751 -0.8524100184440613
vn 0.0514100007712841 0.3795500099658966 -0.923740029335022
vn 0.03136999905109406 0.2315499931573868 -0.972320020198822
vn 0.0105400001630187 0.0778300017118454 -0.9969099760055542
vn 0.003520000027492642 0.07846000045537949 -0.9969099760055542
vn 0.0104799997061491 0.2334299981594086 -0.972320020198822
vn 0.01717999950051308 0.3826299905776978 -0.923740029335022
vn 0.02346000075340271 0.522350013256073 -0.8524100184440613
vn 0.02914999984204769 0.6491699814796448 -0.7600799798965454
vn 0.03412999957799911 0.7599599957466125 -0.6490700244903564
vn 0.03826000168919563 0.8520200252532959 -0.5221199989318848
vn 0.04145999997854233 0.9230899810791016 -0.3823499977588654
vn 0.04145999997854233 0.9230899810791016 -0.3823600113391876
vn 0.04363000020384789 0.9714400172233582 -0.2332199960947037
vn 0.04473000019788742 0.9959200024604797 -0.07838000357151031
vn -0.07844000309705734 0.9969199895858765 0
vn -0.2334599941968918 0.9723700284957886 0
vn -0.382669985294342 0.9238799810409546 0
vn -0.5224999785423279 0.8526399731636047 0
vn -0.6494500041007996 0.7604100108146667 0
vn -0.7604100108146667 0.6494500041007996 0
vn -0.852649986743927 0.5224900245666504 0
vn -0.9238799810409546 0.3826900124549866 0
vn -0.9723700284957886 0.2334399968385696 0
vn -0.9969199895858765 0.07846000045537949 0
vn 0.07844000309705734 0.9969199895858765 0
vn 0.2334599941968918 0.9723700284957886 0
vn 0.382669985294342 0.9238799810409546 0
vn 0.5224999785423279 0.8526399731636047 0
vn 0.6494500041007996 0.7604100108146667 0
vn 0.7604100108146667 0.6494500041007996 0
vn 0.852649986743927 0.5224900245666504 0
vn 0.9238799810409546 0.3826900124549866 0
vn 0.9723700284957886 0.2334399968385696 0
vn 0.9969199895858765 0.07846000045537949 0

# Mesh 'node_9ea66926_9757_4128_9564_7d1942580793_mesh0' with 5388 faces
g node_9ea66926_9757_4128_9564_7d1942580793_mesh0
usemtl mat_0
f  1//1 2//1 3//1
f  3//2 2//2 4//2
f  5//3 6//3 7//3
f  5//4 7//4 8//4
f  9//5 8//5 10//5
f  10//6 8//6 7//6
f  10//7 7//7 11//7
f  11//8 7//8 12//8
f  9//9 10//9 13//9
f  13//10 10//10 14//10
f  13//11 14//11 15//11
f  15//12 14//12 16//12
f  15//13 16//13 17//13
f  18//14 19//14 20//14
f  20//15 19//15 21//15
f  20//16 21//16 16//16
f  16//17 21//17 22//17
f  16//18 22//18 17//18
f  23//19 24//19 25//19
f  25//20 24//20 26//20
f  25//21 26//21 18//21
f  18//22 26//22 27//22
f  18//23 27//23 19//23
f  23//24 25//24 28//24
f  28//25 25//25 29//25
f  28//26 29//26 30//26
f  30//27 29//27 31//27
f  30//28 31//28 32//28
f  32//29 31//29 33//29
f  32//30 33//30 34//30
f  34//31 33//31 35//31
f  35//32 33//32 36//32
f  35//33 36//33 37//33
f  37//34 36//34 38//34
f  37//35 38//35 39//35
f  39//36 38//36 40//36
f  39//37 40//37 41//37
f  41//38 40//38 42//38
f  42//39 40//39 43//39
f  42//40 43//40 44//40
f  44//41 43//41 45//41
f  44//42 45//42 46//42
f  47//43 48//43 45//43
f  45//44 48//44 49//44
f  45//45 49//45 46//45
f  50//46 51//46 52//46
f  52//47 51//47 53//47
f  52//48 53//48 54//48
f  54//49 53//49 55//49
f  54//50 55//50 47//50
f  47//51 55//51 56//51
f  47//52 56//52 48//52
f  57//53 58//53 59//53
f  59//54 58//54 60//54
f  59//55 60//55 50//55
f  50//56 60//56 61//56
f  50//57 61//57 51//57
f  62//58 63//58 64//58
f  62//59 65//59 63//59
f  63//60 65//60 66//60
f  63//61 66//61 67//61
f  67//62 66//62 68//62
f  67//63 68//63 57//63
f  57//64 68//64 69//64
f  57//65 69//65 58//65
f  70//66 71//66 72//66
f  72//67 71//67 73//67
f  73//68 74//68 72//68
f  72//69 74//69 75//69
f  72//70 75//70 64//70
f  64//71 75//71 76//71
f  64//72 76//72 62//72
f  2//73 77//73 4//73
f  4//74 77//74 78//74
f  4//75 78//75 70//75
f  70//76 78//76 79//76
f  70//77 79//77 71//77
f  80//78 81//78 82//78
f  82//79 81//79 83//79
f  82//80 83//80 3//80
f  3//81 83//81 84//81
f  3//82 84//82 1//82
f  80//83 85//83 81//83
f  81//84 85//84 86//84
f  81//85 86//85 87//85
f  87//86 86//86 88//86
f  87//87 88//87 89//87
f  89//88 88//88 90//88
f  90//89 91//89 89//89
f  89//90 91//90 92//90
f  89//91 92//91 93//91
f  92//92 94//92 93//92
f  93//93 94//93 95//93
f  93//94 95//94 96//94
f  97//95 98//95 99//95
f  99//96 98//96 96//96
f  99//97 96//97 100//97
f  100//98 96//98 95//98
f  97//99 101//99 98//99
f  98//100 101//100 102//100
f  98//100 102//100 103//100
f  103//101 102//101 104//101
f  103//102 104//102 105//102
f  105//103 104//103 106//103
f  106//104 107//104 105//104
f  105//105 107//105 108//105
f  105//106 108//106 109//106
f  108//107 110//107 109//107
f  109//108 110//108 111//108
f  109//109 111//109 112//109
f  113//110 114//110 115//110
f  115//111 114//111 112//111
f  115//112 112//112 116//112
f  116//113 112//113 111//113
f  113//114 117//114 114//114
f  114//115 117//115 118//115
f  114//116 118//116 119//116
f  119//117 118//117 120//117
f  119//118 120//118 121//118
f  121//119 120//119 122//119
f  122//120 123//120 121//120
f  121//121 123//121 124//121
f  121//122 124//122 125//122
f  124//123 126//123 125//123
f  125//124 126//124 127//124
f  125//125 127//125 128//125
f  129//126 130//126 131//126
f  131//127 130//127 128//127
f  131//128 128//128 132//128
f  132//129 128//129 127//129
f  129//130 133//130 130//130
f  130//131 133//131 134//131
f  130//131 134//131 135//131
f  135//132 134//132 136//132
f  135//133 136//133 137//133
f  137//134 136//134 138//134
f  138//135 139//135 137//135
f  137//136 139//136 140//136
f  137//137 140//137 141//137
f  140//138 142//138 141//138
f  141//139 142//139 143//139
f  141//140 143//140 144//140
f  145//141 146//141 147//141
f  147//142 146//142 144//142
f  147//143 144//143 148//143
f  148//144 144//144 143//144
f  145//145 149//145 146//145
f  146//146 149//146 150//146
f  146//146 150//146 151//146
f  151//147 150//147 152//147
f  151//148 152//148 153//148
f  153//149 152//149 154//149
f  154//150 155//150 153//150
f  153//151 155//151 156//151
f  153//152 156//152 157//152
f  156//153 158//153 157//153
f  157//154 158//154 159//154
f  157//155 159//155 160//155
f  161//156 162//156 163//156
f  163//157 162//157 160//157
f  163//158 160//158 164//158
f  164//159 160//159 159//159
f  161//160 165//160 162//160
f  162//161 165//161 166//161
f  162//162 166//162 167//162
f  167//163 166//163 168//163
f  167//164 168//164 169//164
f  169//165 168//165 170//165
f  170//166 171//166 169//166
f  169//167 171//167 172//167
f  169//168 172//168 173//168
f  172//169 174//169 173//169
f  173//170 174//170 175//170
f  173//171 175//171 176//171
f  177//172 178//172 179//172
f  179//173 178//173 176//173
f  179//174 176//174 180//174
f  180//175 176//175 175//175
f  177//176 181//176 178//176
f  178//177 181//177 182//177
f  178//177 182//177 183//177
f  183//178 182//178 184//178
f  183//179 184//179 185//179
f  185//180 184//180 186//180
f  186//181 187//181 185//181
f  185//182 187//182 188//182
f  185//183 188//183 189//183
f  188//184 190//184 189//184
f  189//185 190//185 191//185
f  189//186 191//186 192//186
f  193//187 194//187 195//187
f  195//188 194//188 192//188
f  195//189 192//189 196//189
f  196//190 192//190 191//190
f  193//191 197//191 194//191
f  194//192 197//192 198//192
f  194//193 198//193 12//193
f  12//194 198//194 199//194
f  12//195 199//195 11//195
f  7//196 200//196 12//196
f  12//196 200//196 201//196
f  12//196 201//196 194//196
f  194//196 201//196 202//196
f  194//196 202//196 192//196
f  192//196 202//196 203//196
f  192//196 203//196 189//196
f  189//196 203//196 204//196
f  189//196 204//196 185//196
f  185//196 204//196 205//196
f  185//196 205//196 183//196
f  183//196 205//196 206//196
f  207//196 103//196 208//196
f  208//196 103//196 105//196
f  208//196 105//196 209//196
f  209//196 105//196 109//196
f  209//196 109//196 210//196
f  210//196 109//196 112//196
f  210//196 112//196 211//196
f  211//196 112//196 114//196
f  211//196 114//196 212//196
f  212//196 114//196 119//196
f  212//196 119//196 213//196
f  213//196 119//196 121//196
f  213//196 121//196 214//196
f  214//196 121//196 125//196
f  214//196 125//196 215//196
f  215//196 125//196 128//196
f  215//196 128//196 216//196
f  216//196 128//196 130//196
f  216//196 130//196 217//196
f  217//196 130//196 135//196
f  217//196 135//196 218//196
f  218//196 135//196 137//196
f  218//196 137//196 219//196
f  219//196 137//196 141//196
f  219//196 141//196 220//196
f  220//196 141//196 144//196
f  220//196 144//196 221//196
f  221//196 144//196 146//196
f  221//196 146//196 222//196
f  222//196 146//196 151//196
f  222//196 151//196 223//196
f  223//196 151//196 153//196
f  223//196 153//196 224//196
f  224//196 153//196 157//196
f  224//196 157//196 225//196
f  225//196 157//196 160//196
f  225//196 160//196 226//196
f  226//196 160//196 162//196
f  226//196 162//196 227//196
f  227//196 162//196 167//196
f  227//196 167//196 228//196
f  228//196 167//196 169//196
f  228//196 169//196 229//196
f  229//196 169//196 173//196
f  229//196 173//196 230//196
f  230//196 173//196 176//196
f  230//196 176//196 206//196
f  206//196 176//196 178//196
f  206//196 178//196 183//196
f  231//196 83//196 232//196
f  232//196 83//196 81//196
f  232//196 81//196 233//196
f  233//196 81//196 87//196
f  233//196 87//196 234//196
f  234//196 87//196 89//196
f  234//196 89//196 235//196
f  235//196 89//196 93//196
f  235//196 93//196 236//196
f  236//196 93//196 96//196
f  236//196 96//196 207//196
f  207//196 96//196 98//196
f  207//196 98//196 103//196
f  237//197 238//197 239//197
f  239//198 238//198 240//198
f  239//199 240//199 241//199
f  242//200 237//200 243//200
f  243//201 237//201 244//201
f  242//202 245//202 237//202
f  237//203 245//203 246//203
f  237//204 246//204 238//204
f  247//205 248//205 249//205
f  249//206 248//206 250//206
f  249//207 250//207 244//207
f  244//208 250//208 251//208
f  244//209 251//209 243//209
f  252//210 253//210 254//210
f  254//211 253//211 255//211
f  254//212 255//212 249//212
f  249//213 255//213 256//213
f  249//214 256//214 247//214
f  257//215 258//215 259//215
f  257//216 259//216 254//216
f  254//217 259//217 260//217
f  254//218 260//218 252//218
f  261//219 262//219 263//219
f  263//220 262//220 264//220
f  263//221 264//221 257//221
f  257//222 264//222 265//222
f  257//223 265//223 258//223
f  266//224 267//224 268//224
f  268//225 269//225 266//225
f  266//226 269//226 270//226
f  266//227 270//227 263//227
f  263//228 270//228 271//228
f  263//229 271//229 261//229
f  272//230 273//230 266//230
f  266//231 273//231 274//231
f  266//232 274//232 267//232
f  275//233 276//233 277//233
f  277//234 276//234 278//234
f  277//235 278//235 272//235
f  272//236 278//236 279//236
f  272//237 279//237 273//237
f  280//238 281//238 282//238
f  282//239 281//239 283//239
f  282//240 283//240 277//240
f  277//241 283//241 284//241
f  277//242 284//242 275//242
f  285//243 286//243 287//243
f  285//244 287//244 282//244
f  282//245 287//245 288//245
f  282//246 288//246 280//246
f  286//247 285//247 289//247
f  289//248 285//248 290//248
f  289//249 290//249 291//249
f  292//250 293//250 290//250
f  290//251 293//251 294//251
f  290//252 294//252 291//252
f  241//253 295//253 239//253
f  239//253 295//253 231//253
f  239//254 231//254 296//254
f  296//255 231//255 232//255
f  296//256 232//256 297//256
f  297//256 232//256 233//256
f  297//257 233//257 298//257
f  298//257 233//257 234//257
f  298//258 234//258 299//258
f  299//258 234//258 235//258
f  299//259 235//259 300//259
f  300//259 235//259 236//259
f  300//260 236//260 301//260
f  301//260 236//260 207//260
f  301//261 207//261 302//261
f  302//261 207//261 208//261
f  302//262 208//262 303//262
f  303//262 208//262 209//262
f  303//263 209//263 304//263
f  304//263 209//263 210//263
f  304//264 210//264 305//264
f  305//264 210//264 211//264
f  305//265 211//265 306//265
f  306//265 211//265 212//265
f  306//266 212//266 307//266
f  307//266 212//266 213//266
f  307//267 213//267 308//267
f  308//267 213//267 214//267
f  308//268 214//268 309//268
f  309//268 214//268 215//268
f  309//269 215//269 310//269
f  310//269 215//269 216//269
f  310//270 216//270 311//270
f  311//270 216//270 217//270
f  311//271 217//271 312//271
f  312//271 217//271 218//271
f  312//272 218//272 313//272
f  313//272 218//272 219//272
f  313//273 219//273 314//273
f  314//273 219//273 220//273
f  314//274 220//274 315//274
f  315//274 220//274 221//274
f  315//275 221//275 316//275
f  316//275 221//275 222//275
f  316//276 222//276 317//276
f  317//276 222//276 223//276
f  317//277 223//277 318//277
f  318//277 223//277 224//277
f  318//278 224//278 319//278
f  319//278 224//278 225//278
f  319//279 225//279 320//279
f  320//279 225//279 226//279
f  320//280 226//280 321//280
f  321//280 226//280 227//280
f  321//281 227//281 322//281
f  322//281 227//281 228//281
f  322//282 228//282 323//282
f  323//282 228//282 229//282
f  323//283 229//283 324//283
f  324//283 229//283 230//283
f  324//284 230//284 325//284
f  325//284 230//284 206//284
f  325//285 206//285 326//285
f  326//285 206//285 205//285
f  326//286 205//286 327//286
f  327//286 205//286 204//286
f  327//287 204//287 328//287
f  328//287 204//287 203//287
f  328//288 203//288 329//288
f  329//288 203//288 202//288
f  329//289 202//289 330//289
f  330//289 202//289 201//289
f  330//290 201//290 290//290
f  290//291 201//291 200//291
f  290//292 200//292 292//292
f  257//293 331//293 263//293
f  263//293 331//293 332//293
f  263//293 332//293 266//293
f  305//293 333//293 304//293
f  304//293 333//293 334//293
f  304//293 334//293 303//293
f  310//293 335//293 309//293
f  309//293 335//293 336//293
f  309//293 336//293 308//293
f  312//293 337//293 311//293
f  311//293 337//293 338//293
f  311//293 338//293 310//293
f  310//293 338//293 339//293
f  310//293 339//293 335//293
f  314//293 340//293 313//293
f  313//293 340//293 341//293
f  313//293 341//293 312//293
f  312//293 341//293 342//293
f  312//293 342//293 337//293
f  237//293 343//293 244//293
f  244//293 343//293 344//293
f  244//293 344//293 249//293
f  336//293 345//293 308//293
f  308//293 345//293 346//293
f  308//293 346//293 307//293
f  307//293 346//293 347//293
f  307//293 347//293 306//293
f  306//293 347//293 348//293
f  306//293 348//293 305//293
f  305//293 348//293 349//293
f  305//293 349//293 333//293
f  318//293 350//293 317//293
f  317//293 350//293 351//293
f  317//293 351//293 316//293
f  323//293 352//293 322//293
f  322//293 352//293 353//293
f  322//293 353//293 321//293
f  344//293 354//293 249//293
f  249//293 354//293 355//293
f  249//293 355//293 254//293
f  254//293 355//293 356//293
f  254//293 356//293 257//293
f  257//293 356//293 357//293
f  257//293 357//293 331//293
f  351//293 358//293 316//293
f  316//293 358//293 359//293
f  316//293 359//293 315//293
f  315//293 359//293 360//293
f  315//293 360//293 314//293
f  314//293 360//293 361//293
f  314//293 361//293 340//293
f  353//293 362//293 321//293
f  321//293 362//293 363//293
f  321//293 363//293 320//293
f  320//293 363//293 364//293
f  320//293 364//293 319//293
f  319//293 364//293 365//293
f  319//293 365//293 318//293
f  318//293 365//293 366//293
f  318//293 366//293 350//293
f  325//293 367//293 324//293
f  324//293 367//293 368//293
f  324//293 368//293 323//293
f  323//293 368//293 369//293
f  323//293 369//293 352//293
f  329//293 370//293 328//293
f  328//293 370//293 371//293
f  328//293 371//293 327//293
f  277//293 372//293 282//293
f  282//293 372//293 373//293
f  282//293 373//293 285//293
f  297//293 374//293 296//293
f  296//293 374//293 375//293
f  296//293 375//293 239//293
f  239//293 375//293 376//293
f  239//293 376//293 237//293
f  237//293 376//293 377//293
f  237//293 377//293 343//293
f  371//293 378//293 327//293
f  327//293 378//293 379//293
f  327//293 379//293 326//293
f  326//293 379//293 380//293
f  326//293 380//293 325//293
f  325//293 380//293 381//293
f  325//293 381//293 367//293
f  373//293 382//293 285//293
f  285//293 382//293 383//293
f  285//293 383//293 290//293
f  290//293 383//293 384//293
f  290//293 384//293 330//293
f  330//293 384//293 385//293
f  330//293 385//293 329//293
f  329//293 385//293 386//293
f  329//293 386//293 370//293
f  332//293 387//293 266//293
f  266//293 387//293 388//293
f  266//293 388//293 272//293
f  272//293 388//293 389//293
f  272//293 389//293 277//293
f  277//293 389//293 390//293
f  277//293 390//293 372//293
f  301//293 391//293 300//293
f  300//293 391//293 392//293
f  300//293 392//293 299//293
f  334//293 393//293 303//293
f  303//293 393//293 394//293
f  303//293 394//293 302//293
f  302//293 394//293 395//293
f  302//293 395//293 301//293
f  301//293 395//293 396//293
f  301//293 396//293 391//293
f  392//293 397//293 299//293
f  299//293 397//293 398//293
f  299//293 398//293 298//293
f  298//293 398//293 399//293
f  298//293 399//293 297//293
f  297//293 399//293 400//293
f  297//293 400//293 374//293
f  231//294 295//294 83//294
f  83//294 295//294 84//294
f  292//295 200//295 6//295
f  6//295 200//295 7//295
f  401//296 402//296 403//296
f  404//297 405//297 406//297
f  407//298 408//298 409//298
f  410//299 411//299 412//299
f  413//300 414//300 415//300
f  416//301 417//301 418//301
f  419//302 420//302 421//302
f  422//303 423//303 424//303
f  425//304 426//304 427//304
f  424//305 423//305 428//305
f  429//306 430//306 431//306
f  432//307 433//307 434//307
f  5//308 8//308 419//308
f  435//309 436//309 437//309
f  28//310 30//310 438//310
f  51//311 439//311 440//311
f  441//312 66//312 65//312
f  2//313 1//313 442//313
f  442//314 1//314 84//314
f  442//315 84//315 443//315
f  444//316 71//316 445//316
f  445//317 71//317 79//317
f  445//318 79//318 78//318
f  76//319 75//319 446//319
f  446//320 75//320 74//320
f  446//321 74//321 444//321
f  444//322 74//322 73//322
f  444//323 73//323 71//323
f  76//324 446//324 62//324
f  62//325 446//325 447//325
f  62//326 447//326 65//326
f  448//327 69//327 68//327
f  61//328 60//328 449//328
f  449//329 60//329 58//329
f  450//330 48//330 451//330
f  451//331 48//331 56//331
f  451//332 56//332 452//332
f  452//333 56//333 55//333
f  452//334 55//334 440//334
f  440//335 55//335 53//335
f  440//336 53//336 51//336
f  44//337 46//337 450//337
f  450//338 46//338 49//338
f  450//339 49//339 48//339
f  450//340 453//340 44//340
f  44//341 453//341 454//341
f  44//342 454//342 42//342
f  35//343 37//343 455//343
f  455//344 37//344 39//344
f  456//345 32//345 34//345
f  28//346 438//346 23//346
f  457//347 458//347 459//347
f  459//348 458//348 21//348
f  26//349 437//349 27//349
f  27//350 437//350 459//350
f  27//351 459//351 19//351
f  19//352 459//352 21//352
f  460//353 15//353 17//353
f  420//354 13//354 15//354
f  419//355 8//355 420//355
f  420//356 8//356 9//356
f  420//357 9//357 13//357
f  461//358 462//358 463//358
f  463//359 462//359 464//359
f  461//360 463//360 465//360
f  465//361 463//361 466//361
f  465//362 466//362 467//362
f  468//363 469//363 470//363
f  470//364 469//364 471//364
f  472//365 473//365 474//365
f  474//366 473//366 468//366
f  474//367 468//367 475//367
f  77//368 2//368 476//368
f  476//369 2//369 442//369
f  476//370 442//370 466//370
f  443//371 477//371 442//371
f  442//372 477//372 478//372
f  442//373 478//373 466//373
f  466//374 478//374 479//374
f  466//375 479//375 467//375
f  445//376 480//376 444//376
f  444//377 480//377 481//377
f  444//378 481//378 446//378
f  446//379 481//379 482//379
f  446//380 482//380 447//380
f  447//381 482//381 483//381
f  447//382 483//382 484//382
f  485//383 472//383 432//383
f  432//384 472//384 474//384
f  432//385 474//385 433//385
f  433//386 474//386 475//386
f  433//387 475//387 486//387
f  487//388 488//388 489//388
f  489//389 488//389 490//389
f  489//390 490//390 491//390
f  491//391 492//391 493//391
f  493//392 492//392 484//392
f  493//393 484//393 494//393
f  494//394 484//394 483//394
f  495//395 496//395 497//395
f  498//396 499//396 500//396
f  500//397 499//397 501//397
f  500//398 501//398 502//398
f  502//399 501//399 503//399
f  502//400 503//400 504//400
f  504//401 503//401 505//401
f  504//402 505//402 506//402
f  506//403 505//403 507//403
f  506//404 507//404 508//404
f  508//405 507//405 449//405
f  508//406 449//406 509//406
f  509//407 449//407 58//407
f  509//408 58//408 69//408
f  510//409 511//409 512//409
f  512//410 511//410 513//410
f  513//411 514//411 515//411
f  515//412 514//412 516//412
f  515//413 516//413 517//413
f  517//414 516//414 518//414
f  517//415 518//415 519//415
f  510//416 520//416 521//416
f  522//417 523//417 524//417
f  524//418 523//418 525//418
f  524//419 525//419 457//419
f  526//420 527//420 528//420
f  528//421 527//421 529//421
f  528//422 529//422 530//422
f  531//423 425//423 532//423
f  532//424 425//424 427//424
f  532//425 427//425 533//425
f  533//426 427//426 530//426
f  533//427 530//427 520//427
f  520//428 530//428 529//428
f  520//429 529//429 521//429
f  521//430 529//430 527//430
f  496//431 495//431 534//431
f  534//432 495//432 535//432
f  534//433 535//433 536//433
f  513//434 537//434 514//434
f  514//435 537//435 538//435
f  514//436 538//436 516//436
f  516//437 538//437 539//437
f  516//438 539//438 518//438
f  518//439 539//439 535//439
f  518//440 535//440 519//440
f  519//441 535//441 495//441
f  519//442 495//442 429//442
f  429//443 495//443 497//443
f  429//444 497//444 430//444
f  537//445 428//445 538//445
f  538//446 428//446 423//446
f  538//447 423//447 539//447
f  539//448 423//448 422//448
f  539//449 422//449 535//449
f  535//450 422//450 540//450
f  535//451 540//451 536//451
f  513//452 511//452 537//452
f  537//453 511//453 541//453
f  537//454 541//454 428//454
f  428//455 541//455 542//455
f  428//456 542//456 424//456
f  424//457 542//457 543//457
f  424//458 543//458 422//458
f  422//459 543//459 544//459
f  422//460 544//460 540//460
f  544//461 545//461 540//461
f  540//462 545//462 454//462
f  540//463 454//463 536//463
f  536//464 454//464 453//464
f  536//465 453//465 534//465
f  534//466 453//466 450//466
f  534//467 450//467 496//467
f  496//468 450//468 451//468
f  496//469 451//469 497//469
f  497//470 451//470 452//470
f  497//471 452//471 430//471
f  430//472 452//472 440//472
f  430//473 440//473 431//473
f  431//474 440//474 439//474
f  35//475 455//475 546//475
f  546//476 455//476 547//476
f  546//477 547//477 548//477
f  548//478 547//478 549//478
f  548//479 549//479 550//479
f  550//480 549//480 551//480
f  550//481 551//481 522//481
f  522//482 551//482 552//482
f  522//483 552//483 523//483
f  523//484 552//484 553//484
f  523//485 553//485 525//485
f  30//486 32//486 438//486
f  438//487 32//487 456//487
f  438//488 456//488 554//488
f  554//489 436//489 438//489
f  438//490 436//490 435//490
f  438//491 435//491 23//491
f  23//492 435//492 437//492
f  23//493 437//493 24//493
f  24//494 437//494 26//494
f  457//495 459//495 524//495
f  524//496 459//496 437//496
f  524//497 437//497 522//497
f  522//498 437//498 436//498
f  522//499 436//499 550//499
f  550//500 436//500 554//500
f  550//501 554//501 548//501
f  548//502 554//502 456//502
f  548//503 456//503 546//503
f  546//504 456//504 34//504
f  546//505 34//505 35//505
f  15//506 460//506 420//506
f  420//507 460//507 555//507
f  420//508 555//508 421//508
f  526//509 458//509 527//509
f  527//510 458//510 457//510
f  527//511 457//511 521//511
f  521//512 457//512 525//512
f  521//513 525//513 510//513
f  510//514 525//514 553//514
f  510//515 553//515 511//515
f  511//516 553//516 552//516
f  511//517 552//517 541//517
f  541//518 552//518 551//518
f  541//519 551//519 542//519
f  542//520 551//520 549//520
f  542//521 549//521 543//521
f  543//522 549//522 547//522
f  543//523 547//523 544//523
f  544//524 547//524 455//524
f  544//525 455//525 545//525
f  545//526 455//526 39//526
f  545//527 39//527 454//527
f  454//528 39//528 41//528
f  454//529 41//529 42//529
f  556//530 557//530 421//530
f  421//531 557//531 558//531
f  421//532 558//532 419//532
f  419//533 558//533 559//533
f  419//534 559//534 5//534
f  5//535 559//535 560//535
f  5//536 560//536 6//536
f  426//537 556//537 427//537
f  427//538 556//538 421//538
f  427//539 421//539 530//539
f  530//540 421//540 555//540
f  530//541 555//541 528//541
f  528//542 555//542 460//542
f  528//543 460//543 526//543
f  526//544 460//544 17//544
f  526//545 17//545 458//545
f  458//546 17//546 22//546
f  458//547 22//547 21//547
f  561//548 562//548 563//548
f  563//549 562//549 564//549
f  563//550 564//550 565//550
f  565//551 564//551 566//551
f  565//552 566//552 567//552
f  567//553 566//553 568//553
f  567//554 568//554 569//554
f  65//555 447//555 441//555
f  441//556 447//556 484//556
f  441//557 484//557 570//557
f  570//558 484//558 492//558
f  570//559 492//559 571//559
f  571//560 492//560 491//560
f  571//561 491//561 572//561
f  572//562 491//562 490//562
f  572//563 490//563 573//563
f  573//564 490//564 488//564
f  573//565 488//565 574//565
f  574//566 488//566 487//566
f  574//567 487//567 575//567
f  575//568 487//568 576//568
f  575//569 576//569 577//569
f  577//570 576//570 578//570
f  577//571 578//571 579//571
f  579//572 578//572 580//572
f  579//573 580//573 581//573
f  581//574 580//574 582//574
f  581//575 582//575 583//575
f  69//576 448//576 509//576
f  509//577 448//577 584//577
f  509//578 584//578 508//578
f  508//579 584//579 585//579
f  508//580 585//580 506//580
f  506//581 585//581 586//581
f  506//582 586//582 504//582
f  504//583 586//583 587//583
f  504//584 587//584 502//584
f  502//585 587//585 588//585
f  502//586 588//586 500//586
f  500//587 588//587 589//587
f  500//588 589//588 498//588
f  498//589 589//589 590//589
f  498//590 590//590 591//590
f  591//591 590//591 592//591
f  591//592 592//592 593//592
f  583//593 593//593 581//593
f  581//594 593//594 592//594
f  581//595 592//595 579//595
f  579//596 592//596 590//596
f  579//597 590//597 577//597
f  577//598 590//598 589//598
f  577//599 589//599 575//599
f  575//600 589//600 588//600
f  575//601 588//601 574//601
f  574//602 588//602 587//602
f  574//603 587//603 573//603
f  573//604 587//604 586//604
f  573//605 586//605 572//605
f  572//606 586//606 585//606
f  572//607 585//607 571//607
f  571//608 585//608 584//608
f  571//609 584//609 570//609
f  570//610 584//610 448//610
f  570//611 448//611 441//611
f  441//612 448//612 68//612
f  441//613 68//613 66//613
f  594//614 595//614 596//614
f  596//615 595//615 413//615
f  413//616 415//616 596//616
f  596//617 415//617 597//617
f  596//618 597//618 594//618
f  598//619 410//619 599//619
f  599//620 410//620 412//620
f  599//621 412//621 597//621
f  597//622 412//622 600//622
f  597//623 600//623 594//623
f  408//624 601//624 409//624
f  409//625 601//625 602//625
f  409//626 602//626 603//626
f  603//627 602//627 604//627
f  603//628 604//628 605//628
f  605//629 604//629 606//629
f  605//630 606//630 607//630
f  607//631 606//631 608//631
f  411//632 407//632 412//632
f  412//633 407//633 409//633
f  412//634 409//634 600//634
f  600//635 409//635 603//635
f  600//636 603//636 594//636
f  594//637 603//637 605//637
f  594//638 605//638 595//638
f  595//639 605//639 607//639
f  595//640 607//640 583//640
f  583//641 607//641 608//641
f  583//642 608//642 593//642
f  609//643 610//643 611//643
f  611//644 610//644 612//644
f  613//645 614//645 615//645
f  615//646 614//646 616//646
f  615//647 616//647 405//647
f  617//648 618//648 612//648
f  612//649 618//649 619//649
f  612//650 619//650 611//650
f  417//651 416//651 620//651
f  620//652 416//652 621//652
f  620//653 621//653 622//653
f  622//654 621//654 623//654
f  622//655 623//655 624//655
f  624//656 623//656 625//656
f  624//657 625//657 626//657
f  627//658 626//658 628//658
f  628//659 626//659 625//659
f  628//660 625//660 629//660
f  629//661 625//661 623//661
f  629//662 623//662 630//662
f  630//663 623//663 621//663
f  630//664 621//664 631//664
f  631//665 621//665 416//665
f  631//666 416//666 632//666
f  632//667 416//667 418//667
f  632//668 418//668 633//668
f  634//669 635//669 617//669
f  617//670 635//670 636//670
f  617//671 636//671 618//671
f  462//672 637//672 464//672
f  464//673 637//673 638//673
f  464//674 638//674 634//674
f  634//675 638//675 639//675
f  634//676 639//676 635//676
f  405//677 404//677 615//677
f  615//678 404//678 640//678
f  615//679 640//679 613//679
f  613//680 640//680 641//680
f  613//681 641//681 642//681
f  642//682 641//682 643//682
f  642//683 643//683 644//683
f  644//684 643//684 470//684
f  644//685 470//685 645//685
f  645//686 470//686 471//686
f  645//687 471//687 646//687
f  77//688 476//688 647//688
f  647//689 476//689 466//689
f  647//690 466//690 648//690
f  648//691 466//691 463//691
f  648//692 463//692 646//692
f  646//693 463//693 464//693
f  646//694 464//694 645//694
f  645//695 464//695 634//695
f  645//696 634//696 644//696
f  644//697 634//697 617//697
f  644//698 617//698 642//698
f  642//699 617//699 612//699
f  642//700 612//700 613//700
f  613//701 612//701 610//701
f  613//702 610//702 614//702
f  649//703 627//703 650//703
f  650//704 627//704 628//704
f  650//705 628//705 651//705
f  651//706 628//706 629//706
f  651//707 629//707 652//707
f  652//708 629//708 630//708
f  652//709 630//709 653//709
f  653//710 630//710 631//710
f  653//711 631//711 654//711
f  654//712 631//712 632//712
f  654//713 632//713 655//713
f  655//714 632//714 633//714
f  655//715 633//715 656//715
f  657//716 402//716 658//716
f  658//717 402//717 401//717
f  658//718 401//718 659//718
f  660//719 434//719 661//719
f  661//720 434//720 433//720
f  661//721 433//721 649//721
f  649//722 433//722 486//722
f  649//723 486//723 627//723
f  662//724 561//724 663//724
f  663//725 561//725 563//725
f  663//726 563//726 664//726
f  664//727 563//727 565//727
f  664//728 565//728 403//728
f  403//729 565//729 567//729
f  403//730 567//730 401//730
f  401//731 567//731 569//731
f  401//732 569//732 659//732
f  468//733 470//733 475//733
f  475//734 470//734 643//734
f  475//735 643//735 486//735
f  486//736 643//736 641//736
f  486//737 641//737 627//737
f  627//738 641//738 640//738
f  627//739 640//739 626//739
f  626//740 640//740 404//740
f  626//741 404//741 624//741
f  624//742 404//742 406//742
f  624//743 406//743 622//743
f  656//744 662//744 655//744
f  655//745 662//745 663//745
f  655//746 663//746 654//746
f  654//747 663//747 664//747
f  654//748 664//748 653//748
f  653//749 664//749 403//749
f  653//750 403//750 652//750
f  652//751 403//751 402//751
f  652//752 402//752 651//752
f  651//753 402//753 657//753
f  651//754 657//754 650//754
f  650//755 657//755 658//755
f  650//756 658//756 649//756
f  649//757 658//757 659//757
f  649//758 659//758 661//758
f  661//759 659//759 569//759
f  661//760 569//760 660//760
f  660//761 569//761 568//761
f  601//762 531//762 602//762
f  602//763 531//763 532//763
f  602//764 532//764 604//764
f  604//765 532//765 533//765
f  604//766 533//766 606//766
f  606//767 533//767 520//767
f  606//768 520//768 608//768
f  608//769 520//769 510//769
f  608//770 510//770 593//770
f  593//771 510//771 512//771
f  593//772 512//772 591//772
f  591//773 512//773 513//773
f  591//774 513//774 498//774
f  498//775 513//775 515//775
f  498//776 515//776 499//776
f  499//777 515//777 517//777
f  499//778 517//778 501//778
f  501//779 517//779 519//779
f  501//780 519//780 503//780
f  503//781 519//781 429//781
f  503//782 429//782 505//782
f  505//783 429//783 431//783
f  505//784 431//784 507//784
f  507//785 431//785 439//785
f  507//786 439//786 449//786
f  449//787 439//787 51//787
f  449//788 51//788 61//788
f  656//789 414//789 662//789
f  662//790 414//790 413//790
f  662//791 413//791 561//791
f  561//792 413//792 595//792
f  561//793 595//793 562//793
f  562//794 595//794 583//794
f  562//795 583//795 564//795
f  564//796 583//796 582//796
f  564//797 582//797 566//797
f  566//798 582//798 580//798
f  566//799 580//799 568//799
f  568//800 580//800 578//800
f  568//801 578//801 660//801
f  660//802 578//802 576//802
f  660//803 576//803 434//803
f  434//804 576//804 487//804
f  434//805 487//805 432//805
f  432//806 487//806 489//806
f  432//807 489//807 485//807
f  485//808 489//808 491//808
f  485//809 491//809 472//809
f  472//810 491//810 493//810
f  472//811 493//811 473//811
f  473//812 493//812 494//812
f  473//813 494//813 468//813
f  468//814 494//814 483//814
f  468//815 483//815 469//815
f  469//816 483//816 482//816
f  469//817 482//817 471//817
f  471//818 482//818 481//818
f  471//819 481//819 646//819
f  646//820 481//820 480//820
f  646//821 480//821 648//821
f  648//822 480//822 445//822
f  648//823 445//823 647//823
f  647//824 445//824 78//824
f  647//825 78//825 77//825
f  665//826 598//826 599//826
f  666//827 665//827 667//827
f  666//828 667//828 668//828
f  668//829 667//829 669//829
f  668//830 669//830 670//830
f  670//831 669//831 671//831
f  670//832 671//832 672//832
f  673//833 674//833 671//833
f  671//834 674//834 675//834
f  671//835 675//835 672//835
f  676//836 677//836 678//836
f  678//837 677//837 679//837
f  678//838 679//838 673//838
f  673//839 679//839 680//839
f  673//840 680//840 674//840
f  678//841 681//841 676//841
f  676//842 681//842 682//842
f  676//843 682//843 683//843
f  683//844 682//844 684//844
f  683//845 684//845 685//845
f  685//846 684//846 686//846
f  685//847 686//847 687//847
f  687//848 686//848 688//848
f  687//849 688//849 689//849
f  689//850 688//850 690//850
f  690//851 688//851 691//851
f  690//852 691//852 692//852
f  692//853 691//853 693//853
f  693//854 691//854 694//854
f  693//855 694//855 695//855
f  695//856 694//856 696//856
f  696//857 694//857 697//857
f  696//858 697//858 698//858
f  665//859 599//859 667//859
f  667//860 599//860 597//860
f  667//861 597//861 669//861
f  669//862 597//862 415//862
f  669//863 415//863 671//863
f  671//864 415//864 414//864
f  671//865 414//865 673//865
f  673//866 414//866 656//866
f  673//867 656//867 678//867
f  678//868 656//868 633//868
f  678//869 633//869 681//869
f  681//870 633//870 418//870
f  681//871 418//871 682//871
f  682//872 418//872 417//872
f  682//873 417//873 684//873
f  684//874 417//874 620//874
f  684//875 620//875 686//875
f  686//876 620//876 622//876
f  686//877 622//877 688//877
f  688//878 622//878 406//878
f  688//879 406//879 691//879
f  691//880 406//880 405//880
f  691//881 405//881 694//881
f  694//882 405//882 616//882
f  694//883 616//883 697//883
f  697//884 616//884 614//884
f  697//885 614//885 699//885
f  699//886 614//886 610//886
f  699//887 610//887 700//887
f  700//888 610//888 609//888
f  700//889 609//889 701//889
f  698//890 697//890 702//890
f  702//891 697//891 699//891
f  702//892 699//892 703//892
f  703//893 699//893 700//893
f  703//894 700//894 704//894
f  704//895 700//895 701//895
f  704//896 701//896 705//896
f  706//897 707//897 708//897
f  709//898 710//898 711//898
f  712//899 713//899 714//899
f  715//900 716//900 717//900
f  718//901 719//901 720//901
f  721//902 722//902 723//902
f  724//903 725//903 726//903
f  727//904 728//904 729//904
f  730//905 731//905 732//905
f  733//906 734//906 735//906
f  736//907 737//907 738//907
f  739//908 740//908 741//908
f  742//909 743//909 744//909
f  744//910 743//910 745//910
f  744//911 745//911 746//911
f  746//912 745//912 747//912
f  746//913 747//913 748//913
f  748//914 747//914 749//914
f  748//915 749//915 750//915
f  750//916 749//916 751//916
f  750//917 751//917 752//917
f  752//918 751//918 753//918
f  752//919 753//919 754//919
f  754//920 753//920 755//920
f  754//921 755//921 756//921
f  756//922 755//922 757//922
f  756//923 757//923 758//923
f  758//924 757//924 759//924
f  758//925 759//925 760//925
f  761//926 762//926 763//926
f  763//927 762//927 764//927
f  763//928 764//928 765//928
f  762//929 766//929 764//929
f  764//930 766//930 767//930
f  764//931 767//931 768//931
f  768//932 767//932 769//932
f  768//933 769//933 770//933
f  770//934 703//934 768//934
f  768//935 703//935 704//935
f  768//936 704//936 764//936
f  764//937 704//937 705//937
f  764//938 705//938 765//938
f  771//939 742//939 772//939
f  772//940 742//940 744//940
f  772//941 744//941 773//941
f  773//942 744//942 746//942
f  773//943 746//943 774//943
f  774//944 746//944 748//944
f  774//945 748//945 775//945
f  775//946 748//946 750//946
f  775//947 750//947 776//947
f  776//948 750//948 752//948
f  776//949 752//949 777//949
f  777//950 752//950 754//950
f  777//951 754//951 778//951
f  778//952 754//952 756//952
f  778//953 756//953 779//953
f  779//954 756//954 758//954
f  779//955 758//955 780//955
f  780//956 758//956 760//956
f  780//957 760//957 781//957
f  741//958 740//958 782//958
f  782//959 740//959 783//959
f  782//960 783//960 784//960
f  784//961 783//961 785//961
f  784//962 785//962 786//962
f  787//963 788//963 739//963
f  738//964 737//964 789//964
f  789//965 737//965 790//965
f  789//966 790//966 791//966
f  739//967 788//967 740//967
f  740//968 788//968 734//968
f  740//969 734//969 783//969
f  783//970 734//970 733//970
f  783//971 733//971 785//971
f  761//972 771//972 762//972
f  762//973 771//973 772//973
f  762//974 772//974 766//974
f  766//975 772//975 773//975
f  766//976 773//976 767//976
f  767//977 773//977 774//977
f  767//978 774//978 769//978
f  769//979 774//979 775//979
f  769//980 775//980 770//980
f  770//981 775//981 776//981
f  770//982 776//982 792//982
f  792//983 776//983 777//983
f  792//984 777//984 793//984
f  793//985 777//985 778//985
f  793//986 778//986 794//986
f  794//987 778//987 779//987
f  794//988 779//988 795//988
f  795//989 779//989 780//989
f  795//990 780//990 796//990
f  796//991 780//991 781//991
f  796//992 781//992 797//992
f  689//993 690//993 797//993
f  741//994 736//994 739//994
f  739//995 736//995 738//995
f  739//996 738//996 787//996
f  787//997 738//997 789//997
f  787//998 789//998 798//998
f  798//999 789//999 791//999
f  798//1000 791//1000 799//1000
f  797//1001 690//1001 796//1001
f  796//1002 690//1002 692//1002
f  796//1003 692//1003 795//1003
f  795//1004 692//1004 693//1004
f  795//1005 693//1005 794//1005
f  794//1006 693//1006 695//1006
f  794//1007 695//1007 793//1007
f  793//1008 695//1008 696//1008
f  793//1009 696//1009 792//1009
f  792//1010 696//1010 698//1010
f  792//1011 698//1011 770//1011
f  770//1012 698//1012 702//1012
f  770//1013 702//1013 703//1013
f  800//1014 801//1014 802//1014
f  802//1015 801//1015 803//1015
f  802//1016 803//1016 804//1016
f  804//1017 803//1017 805//1017
f  804//1018 805//1018 806//1018
f  806//1019 805//1019 807//1019
f  806//1020 807//1020 808//1020
f  808//1021 807//1021 809//1021
f  808//1022 809//1022 810//1022
f  810//1023 809//1023 811//1023
f  810//1024 811//1024 812//1024
f  812//1025 811//1025 813//1025
f  812//1026 813//1026 814//1026
f  814//1027 813//1027 815//1027
f  814//1028 815//1028 816//1028
f  816//1029 815//1029 817//1029
f  816//1030 817//1030 818//1030
f  818//1031 817//1031 819//1031
f  818//1032 819//1032 820//1032
f  820//1033 819//1033 821//1033
f  822//1034 731//1034 823//1034
f  823//1035 731//1035 730//1035
f  823//1036 730//1036 824//1036
f  824//1037 730//1037 825//1037
f  801//1038 826//1038 803//1038
f  803//1039 826//1039 827//1039
f  803//1040 827//1040 805//1040
f  805//1041 827//1041 828//1041
f  805//1042 828//1042 807//1042
f  807//1043 828//1043 829//1043
f  807//1044 829//1044 809//1044
f  809//1045 829//1045 830//1045
f  809//1046 830//1046 811//1046
f  811//1047 830//1047 831//1047
f  811//1048 831//1048 813//1048
f  813//1049 831//1049 832//1049
f  813//1050 832//1050 815//1050
f  815//1051 832//1051 833//1051
f  815//1052 833//1052 817//1052
f  817//1053 833//1053 834//1053
f  817//1054 834//1054 819//1054
f  735//1055 734//1055 835//1055
f  835//1056 734//1056 788//1056
f  835//1057 788//1057 836//1057
f  836//1058 788//1058 787//1058
f  836//1059 787//1059 837//1059
f  837//1060 787//1060 798//1060
f  837//1061 798//1061 838//1061
f  838//1062 798//1062 799//1062
f  838//1063 799//1063 839//1063
f  826//1064 840//1064 827//1064
f  827//1065 840//1065 841//1065
f  827//1066 841//1066 828//1066
f  828//1067 841//1067 842//1067
f  828//1068 842//1068 829//1068
f  829//1069 842//1069 843//1069
f  829//1070 843//1070 830//1070
f  830//1071 843//1071 844//1071
f  830//1072 844//1072 831//1072
f  831//1073 844//1073 845//1073
f  831//1074 845//1074 832//1074
f  832//1075 845//1075 846//1075
f  832//1076 846//1076 833//1076
f  833//1077 846//1077 839//1077
f  833//1078 839//1078 834//1078
f  834//1079 839//1079 799//1079
f  834//1080 799//1080 819//1080
f  819//1081 799//1081 791//1081
f  819//1082 791//1082 821//1082
f  821//1083 791//1083 790//1083
f  847//1084 732//1084 848//1084
f  848//1085 732//1085 731//1085
f  848//1086 731//1086 849//1086
f  849//1087 731//1087 822//1087
f  849//1088 822//1088 850//1088
f  851//1089 852//1089 853//1089
f  853//1090 852//1090 854//1090
f  853//1091 854//1091 855//1091
f  825//1092 851//1092 856//1092
f  856//1093 851//1093 853//1093
f  856//1094 853//1094 857//1094
f  857//1095 853//1095 855//1095
f  857//1096 855//1096 858//1096
f  847//1097 848//1097 859//1097
f  859//1098 848//1098 849//1098
f  859//1099 849//1099 860//1099
f  860//1100 849//1100 850//1100
f  860//1101 850//1101 861//1101
f  862//1102 726//1102 863//1102
f  863//1103 726//1103 727//1103
f  863//1104 727//1104 864//1104
f  726//1105 725//1105 727//1105
f  727//1106 725//1106 865//1106
f  727//1107 865//1107 728//1107
f  717//1108 866//1108 721//1108
f  724//1109 726//1109 867//1109
f  867//1110 726//1110 868//1110
f  867//1111 868//1111 869//1111
f  862//1112 870//1112 726//1112
f  726//1113 870//1113 871//1113
f  726//1114 871//1114 868//1114
f  868//1115 871//1115 872//1115
f  868//1116 872//1116 869//1116
f  869//1117 872//1117 873//1117
f  718//1118 720//1118 874//1118
f  717//1119 716//1119 866//1119
f  866//1120 716//1120 875//1120
f  866//1121 875//1121 876//1121
f  876//1122 877//1122 866//1122
f  866//1123 877//1123 878//1123
f  866//1124 878//1124 721//1124
f  721//1125 878//1125 879//1125
f  721//1126 879//1126 722//1126
f  880//1127 881//1127 712//1127
f  881//1128 882//1128 712//1128
f  712//1129 882//1129 883//1129
f  712//1130 883//1130 713//1130
f  873//1131 874//1131 715//1131
f  715//1132 874//1132 720//1132
f  715//1133 720//1133 716//1133
f  716//1134 720//1134 884//1134
f  716//1135 884//1135 875//1135
f  875//1136 884//1136 885//1136
f  875//1137 885//1137 876//1137
f  886//1138 887//1138 888//1138
f  888//1139 887//1139 889//1139
f  888//1140 889//1140 890//1140
f  891//1141 890//1141 892//1141
f  892//1142 890//1142 889//1142
f  892//1143 889//1143 710//1143
f  887//1144 893//1144 894//1144
f  711//1145 895//1145 896//1145
f  896//1146 895//1146 897//1146
f  711//1147 896//1147 709//1147
f  709//1148 896//1148 898//1148
f  709//1149 898//1149 899//1149
f  897//1150 900//1150 896//1150
f  896//1151 900//1151 901//1151
f  896//1152 901//1152 898//1152
f  902//1153 903//1153 893//1153
f  893//1154 903//1154 904//1154
f  893//1155 904//1155 894//1155
f  886//1156 905//1156 887//1156
f  887//1157 905//1157 906//1157
f  887//1158 906//1158 893//1158
f  893//1159 906//1159 907//1159
f  893//1160 907//1160 902//1160
f  902//1161 907//1161 908//1161
f  902//1162 908//1162 708//1162
f  708//1163 908//1163 909//1163
f  708//1164 909//1164 706//1164
f  707//1165 910//1165 708//1165
f  708//1166 910//1166 911//1166
f  708//1167 911//1167 902//1167
f  902//1168 911//1168 912//1168
f  902//1169 912//1169 903//1169
f  864//1170 727//1170 913//1170
f  913//1171 727//1171 729//1171
f  913//1172 729//1172 914//1172
f  914//1173 729//1173 915//1173
f  914//1174 915//1174 916//1174
f  916//1175 915//1175 917//1175
f  916//1176 917//1176 918//1176
f  918//1177 917//1177 919//1177
f  918//1178 919//1178 920//1178
f  920//1179 919//1179 921//1179
f  920//1180 921//1180 922//1180
f  922//1181 921//1181 923//1181
f  922//1182 923//1182 924//1182
f  924//1183 923//1183 925//1183
f  924//1184 925//1184 926//1184
f  926//1185 925//1185 927//1185
f  926//1186 927//1186 928//1186
f  928//1187 927//1187 929//1187
f  928//1188 929//1188 930//1188
f  930//1189 929//1189 931//1189
f  930//1190 931//1190 707//1190
f  707//1191 931//1191 932//1191
f  707//1192 932//1192 910//1192
f  900//1193 933//1193 901//1193
f  901//1194 933//1194 934//1194
f  901//1195 934//1195 898//1195
f  898//1196 934//1196 935//1196
f  898//1197 935//1197 899//1197
f  899//1198 935//1198 936//1198
f  710//1199 889//1199 711//1199
f  711//1200 889//1200 887//1200
f  711//1201 887//1201 895//1201
f  895//1202 887//1202 894//1202
f  895//1203 894//1203 897//1203
f  897//1204 894//1204 937//1204
f  897//1205 937//1205 900//1205
f  900//1206 937//1206 938//1206
f  900//1207 938//1207 933//1207
f  885//1208 880//1208 876//1208
f  876//1209 880//1209 712//1209
f  876//1210 712//1210 877//1210
f  877//1211 712//1211 714//1211
f  877//1212 714//1212 878//1212
f  878//1213 714//1213 939//1213
f  878//1214 939//1214 879//1214
f  879//1215 939//1215 940//1215
f  879//1216 940//1216 722//1216
f  722//1217 940//1217 941//1217
f  722//1218 941//1218 723//1218
f  723//1219 941//1219 942//1219
f  723//1220 942//1220 943//1220
f  943//1221 942//1221 944//1221
f  943//1222 944//1222 945//1222
f  945//1223 944//1223 946//1223
f  945//1224 946//1224 947//1224
f  947//1225 946//1225 948//1225
f  947//1226 948//1226 949//1226
f  949//1227 948//1227 950//1227
f  949//1228 950//1228 951//1228
f  951//1229 950//1229 952//1229
f  951//1230 952//1230 953//1230
f  953//1231 952//1231 954//1231
f  953//1232 954//1232 955//1232
f  955//1233 954//1233 956//1233
f  955//1234 956//1234 957//1234
f  957//1235 956//1235 958//1235
f  957//1236 958//1236 959//1236
f  959//1237 958//1237 960//1237
f  959//1238 960//1238 961//1238
f  961//1239 960//1239 962//1239
f  961//1240 962//1240 963//1240
f  963//1241 962//1241 964//1241
f  963//1242 964//1242 965//1242
f  965//1243 964//1243 966//1243
f  965//1244 966//1244 967//1244
f  967//1245 966//1245 968//1245
f  967//1246 968//1246 969//1246
f  969//1247 968//1247 970//1247
f  969//1248 970//1248 971//1248
f  971//1249 970//1249 972//1249
f  971//1250 972//1250 973//1250
f  973//1251 972//1251 974//1251
f  973//1252 974//1252 975//1252
f  975//1253 974//1253 976//1253
f  975//1254 976//1254 977//1254
f  977//1255 976//1255 978//1255
f  977//1256 978//1256 979//1256
f  979//1257 978//1257 980//1257
f  979//1258 980//1258 981//1258
f  981//1259 980//1259 982//1259
f  873//1260 715//1260 869//1260
f  869//1261 715//1261 717//1261
f  869//1262 717//1262 867//1262
f  867//1263 717//1263 721//1263
f  867//1264 721//1264 724//1264
f  724//1265 721//1265 723//1265
f  724//1266 723//1266 725//1266
f  725//1267 723//1267 943//1267
f  725//1268 943//1268 865//1268
f  865//1269 943//1269 945//1269
f  865//1270 945//1270 728//1270
f  728//1271 945//1271 947//1271
f  728//1272 947//1272 729//1272
f  729//1273 947//1273 949//1273
f  729//1274 949//1274 915//1274
f  915//1275 949//1275 951//1275
f  915//1276 951//1276 917//1276
f  917//1277 951//1277 953//1277
f  917//1278 953//1278 919//1278
f  919//1279 953//1279 955//1279
f  919//1280 955//1280 921//1280
f  921//1281 955//1281 957//1281
f  921//1282 957//1282 923//1282
f  923//1283 957//1283 959//1283
f  923//1284 959//1284 925//1284
f  925//1285 959//1285 961//1285
f  925//1286 961//1286 927//1286
f  927//1287 961//1287 963//1287
f  927//1288 963//1288 929//1288
f  929//1289 963//1289 965//1289
f  929//1290 965//1290 931//1290
f  931//1291 965//1291 967//1291
f  931//1292 967//1292 932//1292
f  932//1293 967//1293 969//1293
f  932//1294 969//1294 910//1294
f  910//1295 969//1295 971//1295
f  910//1296 971//1296 911//1296
f  911//1297 971//1297 973//1297
f  911//1298 973//1298 912//1298
f  912//1299 973//1299 975//1299
f  912//1300 975//1300 903//1300
f  903//1301 975//1301 977//1301
f  903//1302 977//1302 904//1302
f  904//1303 977//1303 979//1303
f  904//1304 979//1304 894//1304
f  894//1305 979//1305 981//1305
f  894//1306 981//1306 937//1306
f  937//1307 981//1307 982//1307
f  937//1308 982//1308 938//1308
f  825//1309 730//1309 851//1309
f  851//1310 730//1310 732//1310
f  851//1311 732//1311 852//1311
f  852//1312 732//1312 847//1312
f  852//1313 847//1313 854//1313
f  854//1314 847//1314 983//1314
f  854//1315 983//1315 855//1315
f  855//1316 983//1316 984//1316
f  855//1317 984//1317 985//1317
f  675//1318 986//1318 672//1318
f  672//1319 986//1319 858//1319
f  672//1320 858//1320 670//1320
f  670//1321 858//1321 855//1321
f  670//1322 855//1322 668//1322
f  668//1323 855//1323 985//1323
f  668//1324 985//1324 666//1324
f  759//1325 786//1325 760//1325
f  760//1326 786//1326 785//1326
f  760//1327 785//1327 781//1327
f  781//1328 785//1328 733//1328
f  781//1329 733//1329 797//1329
f  797//1330 733//1330 735//1330
f  797//1331 735//1331 689//1331
f  689//1332 735//1332 835//1332
f  689//1333 835//1333 687//1333
f  687//1334 835//1334 836//1334
f  687//1335 836//1335 685//1335
f  685//1336 836//1336 837//1336
f  685//1337 837//1337 683//1337
f  683//1338 837//1338 838//1338
f  683//1339 838//1339 676//1339
f  676//1340 838//1340 839//1340
f  676//1341 839//1341 677//1341
f  677//1342 839//1342 846//1342
f  677//1343 846//1343 679//1343
f  679//1344 846//1344 845//1344
f  679//1345 845//1345 680//1345
f  680//1346 845//1346 844//1346
f  680//1347 844//1347 674//1347
f  674//1348 844//1348 843//1348
f  674//1349 843//1349 675//1349
f  675//1350 843//1350 842//1350
f  675//1351 842//1351 986//1351
f  986//1352 842//1352 841//1352
f  986//1353 841//1353 858//1353
f  858//1354 841//1354 840//1354
f  858//1355 840//1355 857//1355
f  857//1356 840//1356 826//1356
f  857//1357 826//1357 856//1357
f  856//1358 826//1358 801//1358
f  856//1359 801//1359 825//1359
f  825//1360 801//1360 800//1360
f  825//1361 800//1361 824//1361
f  882//1362 861//1362 883//1362
f  883//1363 861//1363 850//1363
f  883//1364 850//1364 713//1364
f  713//1365 850//1365 822//1365
f  713//1366 822//1366 714//1366
f  714//1367 822//1367 823//1367
f  714//1368 823//1368 939//1368
f  939//1369 823//1369 824//1369
f  939//1370 824//1370 940//1370
f  940//1371 824//1371 800//1371
f  940//1372 800//1372 941//1372
f  941//1373 800//1373 802//1373
f  941//1374 802//1374 942//1374
f  942//1375 802//1375 804//1375
f  942//1376 804//1376 944//1376
f  944//1377 804//1377 806//1377
f  944//1378 806//1378 946//1378
f  946//1379 806//1379 808//1379
f  946//1380 808//1380 948//1380
f  948//1381 808//1381 810//1381
f  948//1382 810//1382 950//1382
f  950//1383 810//1383 812//1383
f  950//1384 812//1384 952//1384
f  952//1385 812//1385 814//1385
f  952//1386 814//1386 954//1386
f  954//1387 814//1387 816//1387
f  954//1388 816//1388 956//1388
f  956//1389 816//1389 818//1389
f  956//1390 818//1390 958//1390
f  958//1391 818//1391 820//1391
f  958//1392 820//1392 960//1392
f  960//1393 820//1393 821//1393
f  960//1394 821//1394 962//1394
f  962//1395 821//1395 790//1395
f  962//1396 790//1396 964//1396
f  964//1397 790//1397 737//1397
f  964//1398 737//1398 966//1398
f  966//1399 737//1399 736//1399
f  966//1400 736//1400 968//1400
f  968//1401 736//1401 741//1401
f  968//1402 741//1402 970//1402
f  970//1403 741//1403 782//1403
f  970//1404 782//1404 972//1404
f  972//1405 782//1405 784//1405
f  972//1406 784//1406 974//1406
f  974//1407 784//1407 786//1407
f  974//1408 786//1408 976//1408
f  976//1409 786//1409 759//1409
f  976//1410 759//1410 978//1410
f  978//1411 759//1411 757//1411
f  978//1412 757//1412 980//1412
f  980//1413 757//1413 755//1413
f  980//1414 755//1414 982//1414
f  982//1415 755//1415 753//1415
f  982//1416 753//1416 938//1416
f  938//1417 753//1417 751//1417
f  938//1418 751//1418 933//1418
f  933//1419 751//1419 749//1419
f  933//1420 749//1420 934//1420
f  934//1421 749//1421 747//1421
f  934//1422 747//1422 935//1422
f  935//1423 747//1423 745//1423
f  935//1424 745//1424 936//1424
f  936//1425 745//1425 743//1425
f  987//1426 609//1426 611//1426
f  84//1427 295//1427 443//1427
f  443//1428 295//1428 988//1428
f  443//1429 988//1429 477//1429
f  477//1430 988//1430 989//1430
f  477//1431 989//1431 478//1431
f  478//1432 989//1432 479//1432
f  990//1433 637//1433 991//1433
f  991//1434 637//1434 462//1434
f  991//1435 462//1435 992//1435
f  992//1436 462//1436 461//1436
f  992//1437 461//1437 993//1437
f  993//1438 461//1438 465//1438
f  993//1439 465//1439 989//1439
f  989//1440 465//1440 467//1440
f  989//1441 467//1441 479//1441
f  994//1442 618//1442 636//1442
f  994//1443 636//1443 995//1443
f  995//1444 636//1444 635//1444
f  995//1445 635//1445 996//1445
f  996//1446 635//1446 639//1446
f  996//1447 639//1447 990//1447
f  990//1448 639//1448 638//1448
f  990//1449 638//1449 637//1449
f  987//1450 611//1450 997//1450
f  997//1451 611//1451 619//1451
f  997//1452 619//1452 618//1452
f  994//1453 998//1453 618//1453
f  618//1454 998//1454 999//1454
f  618//1455 999//1455 997//1455
f  997//1456 999//1456 1000//1456
f  997//1457 1000//1457 987//1457
f  1001//1458 705//1458 701//1458
f  1000//1459 1002//1459 987//1459
f  987//1460 1002//1460 1003//1460
f  987//1461 1003//1461 609//1461
f  609//1462 1003//1462 701//1462
f  701//1463 1003//1463 1004//1463
f  701//1464 1004//1464 1001//1464
f  705//1465 1001//1465 765//1465
f  765//1466 1001//1466 1005//1466
f  765//1467 1005//1467 763//1467
f  763//1468 1005//1468 1006//1468
f  763//1469 1006//1469 761//1469
f  761//1470 1006//1470 1007//1470
f  761//1471 1007//1471 771//1471
f  1007//1472 1008//1472 771//1472
f  771//1473 1008//1473 1009//1473
f  771//1474 1009//1474 742//1474
f  1009//1475 1010//1475 742//1475
f  742//1476 1010//1476 1011//1476
f  742//1477 1011//1477 743//1477
f  1011//1478 1012//1478 743//1478
f  743//1479 1012//1479 1013//1479
f  743//1480 1013//1480 936//1480
f  1013//1481 1014//1481 936//1481
f  936//1482 1014//1482 1015//1482
f  936//1483 1015//1483 899//1483
f  1015//1484 1016//1484 899//1484
f  899//1485 1016//1485 1017//1485
f  899//1486 1017//1486 709//1486
f  709//1487 1017//1487 1018//1487
f  709//1488 1018//1488 710//1488
f  710//1489 1018//1489 1019//1489
f  710//1490 1019//1490 892//1490
f  892//1491 1019//1491 1020//1491
f  892//1492 1020//1492 891//1492
f  1021//1493 1022//1493 1023//1493
f  1024//1494 1025//1494 1026//1494
f  1027//1495 1028//1495 1029//1495
f  1030//1496 1031//1496 1032//1496
f  255//1497 1033//1497 1034//1497
f  270//1498 269//1498 1035//1498
f  289//1499 291//1499 1036//1499
f  1036//1500 291//1500 294//1500
f  1037//1501 288//1501 287//1501
f  1038//1502 284//1502 283//1502
f  284//1503 1038//1503 275//1503
f  275//1504 1038//1504 1039//1504
f  275//1505 1039//1505 276//1505
f  276//1506 1039//1506 1040//1506
f  276//1507 1040//1507 278//1507
f  278//1508 1040//1508 1041//1508
f  278//1509 1041//1509 279//1509
f  269//1510 268//1510 1035//1510
f  1035//1511 268//1511 267//1511
f  1035//1512 267//1512 1042//1512
f  1042//1513 267//1513 274//1513
f  1042//1514 274//1514 1041//1514
f  1041//1515 274//1515 273//1515
f  1041//1516 273//1516 279//1516
f  270//1517 1035//1517 271//1517
f  271//1518 1035//1518 1043//1518
f  271//1519 1043//1519 261//1519
f  1044//1520 264//1520 1043//1520
f  1043//1521 264//1521 262//1521
f  1043//1522 262//1522 261//1522
f  260//1523 259//1523 1044//1523
f  259//1524 258//1524 1044//1524
f  1044//1525 258//1525 265//1525
f  1044//1526 265//1526 264//1526
f  1044//1527 1045//1527 260//1527
f  260//1528 1045//1528 1046//1528
f  260//1529 1046//1529 252//1529
f  1033//1530 255//1530 1046//1530
f  1046//1531 255//1531 253//1531
f  1046//1532 253//1532 252//1532
f  248//1533 247//1533 1034//1533
f  1034//1534 247//1534 256//1534
f  1034//1535 256//1535 255//1535
f  1047//1536 250//1536 1048//1536
f  1048//1537 250//1537 248//1537
f  1048//1538 248//1538 1049//1538
f  1049//1539 248//1539 1034//1539
f  242//1540 243//1540 1047//1540
f  1047//1541 243//1541 251//1541
f  1047//1542 251//1542 250//1542
f  1047//1543 1050//1543 242//1543
f  242//1544 1050//1544 1051//1544
f  242//1545 1051//1545 245//1545
f  245//1546 1051//1546 246//1546
f  1052//1547 1053//1547 1054//1547
f  1052//1548 1054//1548 1055//1548
f  1055//1549 1054//1549 1056//1549
f  1055//1550 1056//1550 1057//1550
f  1057//1551 1056//1551 1058//1551
f  1057//1552 1058//1552 1059//1552
f  1059//1553 1058//1553 293//1553
f  1059//1554 293//1554 292//1554
f  1054//1555 1060//1555 1056//1555
f  1056//1556 1060//1556 1036//1556
f  1056//1557 1036//1557 1058//1557
f  1058//1558 1036//1558 294//1558
f  1058//1559 294//1559 293//1559
f  1061//1560 1062//1560 1063//1560
f  1063//1561 1062//1561 1064//1561
f  1063//1562 1064//1562 1065//1562
f  1065//1563 1064//1563 1066//1563
f  1065//1564 1066//1564 1067//1564
f  1067//1565 1066//1565 286//1565
f  1067//1566 286//1566 289//1566
f  1068//1567 1069//1567 1070//1567
f  1068//1568 1070//1568 1071//1568
f  1071//1569 1070//1569 1072//1569
f  1071//1570 1072//1570 1073//1570
f  1074//1571 1075//1571 1076//1571
f  1076//1572 1075//1572 1077//1572
f  1032//1573 1031//1573 1078//1573
f  1078//1574 1031//1574 1079//1574
f  1078//1575 1079//1575 1080//1575
f  1080//1576 1079//1576 1081//1576
f  1080//1577 1081//1577 1082//1577
f  1082//1578 1081//1578 1083//1578
f  1082//1579 1083//1579 1084//1579
f  1084//1580 1083//1580 1085//1580
f  1084//1581 1085//1581 1086//1581
f  1086//1582 1085//1582 1077//1582
f  1086//1583 1077//1583 1069//1583
f  1069//1584 1077//1584 1075//1584
f  1069//1585 1075//1585 1070//1585
f  1070//1586 1075//1586 1074//1586
f  1070//1587 1074//1587 1072//1587
f  1079//1588 1087//1588 1081//1588
f  1081//1589 1087//1589 1088//1589
f  1081//1590 1088//1590 1083//1590
f  1083//1591 1088//1591 1089//1591
f  1083//1592 1089//1592 1085//1592
f  1085//1593 1089//1593 1090//1593
f  1085//1594 1090//1594 1077//1594
f  1077//1595 1090//1595 1091//1595
f  1077//1596 1091//1596 1076//1596
f  1030//1597 1032//1597 1092//1597
f  1092//1598 1032//1598 1093//1598
f  1092//1599 1093//1599 1094//1599
f  1094//1600 1093//1600 1095//1600
f  1094//1601 1095//1601 1029//1601
f  1096//1602 1097//1602 1098//1602
f  1098//1603 1097//1603 1099//1603
f  1029//1604 1028//1604 1094//1604
f  1094//1605 1028//1605 1100//1605
f  1094//1606 1100//1606 1092//1606
f  1092//1607 1100//1607 1101//1607
f  1092//1608 1101//1608 1030//1608
f  1030//1609 1101//1609 1102//1609
f  1030//1610 1102//1610 1031//1610
f  1031//1611 1102//1611 1103//1611
f  1031//1612 1103//1612 1079//1612
f  1079//1613 1103//1613 1104//1613
f  1079//1614 1104//1614 1087//1614
f  1099//1615 1097//1615 1105//1615
f  1105//1616 1097//1616 1106//1616
f  1105//1617 1106//1617 1107//1617
f  1108//1618 1109//1618 1110//1618
f  1110//1619 1109//1619 1111//1619
f  1110//1620 1111//1620 1112//1620
f  1112//1621 1111//1621 1113//1621
f  1112//1622 1113//1622 1114//1622
f  1114//1623 1113//1623 1115//1623
f  1038//1624 1073//1624 1039//1624
f  1039//1625 1073//1625 1072//1625
f  1039//1626 1072//1626 1040//1626
f  1040//1627 1072//1627 1074//1627
f  1040//1628 1074//1628 1041//1628
f  1041//1629 1074//1629 1076//1629
f  1041//1630 1076//1630 1042//1630
f  1042//1631 1076//1631 1091//1631
f  1042//1632 1091//1632 1035//1632
f  1035//1633 1091//1633 1090//1633
f  1035//1634 1090//1634 1043//1634
f  1043//1635 1090//1635 1089//1635
f  1043//1636 1089//1636 1044//1636
f  1044//1637 1089//1637 1088//1637
f  1044//1638 1088//1638 1045//1638
f  1045//1639 1088//1639 1087//1639
f  1045//1640 1087//1640 1046//1640
f  1046//1641 1087//1641 1104//1641
f  1046//1642 1104//1642 1033//1642
f  1033//1643 1104//1643 1103//1643
f  1033//1644 1103//1644 1034//1644
f  1034//1645 1103//1645 1102//1645
f  1034//1646 1102//1646 1049//1646
f  1049//1647 1102//1647 1101//1647
f  1049//1648 1101//1648 1048//1648
f  1048//1649 1101//1649 1100//1649
f  1048//1650 1100//1650 1047//1650
f  1047//1651 1100//1651 1028//1651
f  1047//1652 1028//1652 1050//1652
f  1050//1653 1028//1653 1027//1653
f  1050//1654 1027//1654 1051//1654
f  1097//1655 989//1655 1106//1655
f  1106//1656 989//1656 988//1656
f  1106//1657 988//1657 1107//1657
f  1107//1658 988//1658 295//1658
f  1107//1659 295//1659 241//1659
f  1116//1660 1117//1660 1118//1660
f  1116//1661 1118//1661 1119//1661
f  1119//1662 1118//1662 1120//1662
f  1119//1663 1120//1663 1121//1663
f  1120//1664 1122//1664 1121//1664
f  1121//1665 1122//1665 1123//1665
f  1121//1666 1123//1666 1124//1666
f  1123//1667 1125//1667 1124//1667
f  1124//1668 1125//1668 1126//1668
f  1124//1669 1126//1669 1127//1669
f  1127//1670 1126//1670 1128//1670
f  1128//1671 1129//1671 1127//1671
f  1127//1672 1129//1672 1130//1672
f  1127//1673 1130//1673 1131//1673
f  1131//1674 1130//1674 1132//1674
f  1131//1675 1132//1675 1133//1675
f  1133//1676 1132//1676 1134//1676
f  1133//1677 1134//1677 1135//1677
f  1135//1678 1134//1678 1136//1678
f  1136//1679 1000//1679 999//1679
f  1137//1680 1096//1680 1138//1680
f  1138//1681 1096//1681 1098//1681
f  1138//1682 1098//1682 1139//1682
f  1107//1683 1115//1683 1105//1683
f  1105//1684 1115//1684 1113//1684
f  1105//1685 1113//1685 1099//1685
f  1099//1686 1113//1686 1111//1686
f  1099//1687 1111//1687 1098//1687
f  1098//1688 1111//1688 1109//1688
f  1098//1689 1109//1689 1139//1689
f  1139//1690 1109//1690 1108//1690
f  1139//1691 1108//1691 1140//1691
f  1136//1692 999//1692 1135//1692
f  1135//1693 999//1693 998//1693
f  1135//1694 998//1694 994//1694
f  1023//1695 1022//1695 1026//1695
f  1026//1696 1022//1696 1141//1696
f  1026//1697 1141//1697 1024//1697
f  1142//1698 1143//1698 1141//1698
f  1141//1699 1143//1699 1144//1699
f  1141//1700 1144//1700 1024//1700
f  1023//1701 1145//1701 1021//1701
f  1021//1702 1145//1702 1146//1702
f  1021//1703 1146//1703 1147//1703
f  1146//1704 1148//1704 1147//1704
f  1147//1705 1148//1705 1149//1705
f  1147//1706 1149//1706 1150//1706
f  1149//1707 1151//1707 1150//1707
f  1150//1708 1151//1708 1152//1708
f  1150//1709 1152//1709 1153//1709
f  1152//1710 1154//1710 1153//1710
f  1153//1711 1154//1711 1155//1711
f  1153//1712 1155//1712 1156//1712
f  1156//1713 1155//1713 1157//1713
f  1156//1714 1157//1714 1116//1714
f  1116//1715 1157//1715 1158//1715
f  1116//1716 1158//1716 1117//1716
f  1159//1717 1160//1717 1161//1717
f  1052//1718 1162//1718 1053//1718
f  1053//1719 1162//1719 1163//1719
f  1053//1720 1163//1720 1164//1720
f  1164//1721 1163//1721 1165//1721
f  1164//1722 1165//1722 1166//1722
f  1161//1723 1167//1723 1168//1723
f  1168//1724 1167//1724 1169//1724
f  1168//1725 1169//1725 1170//1725
f  1170//1726 1169//1726 1171//1726
f  1170//1727 1171//1727 1172//1727
f  1172//1728 1171//1728 1173//1728
f  1172//1729 1173//1729 1037//1729
f  1037//1730 1173//1730 280//1730
f  1037//1731 280//1731 288//1731
f  1159//1732 1161//1732 1174//1732
f  1174//1733 1161//1733 1168//1733
f  1174//1734 1168//1734 1061//1734
f  1061//1735 1168//1735 1170//1735
f  1061//1736 1170//1736 1062//1736
f  1062//1737 1170//1737 1172//1737
f  1062//1738 1172//1738 1064//1738
f  1064//1739 1172//1739 1037//1739
f  1064//1740 1037//1740 1066//1740
f  1066//1741 1037//1741 287//1741
f  1066//1742 287//1742 286//1742
f  289//1743 1036//1743 1067//1743
f  1067//1744 1036//1744 1060//1744
f  1067//1745 1060//1745 1065//1745
f  1065//1746 1060//1746 1054//1746
f  1065//1747 1054//1747 1063//1747
f  1063//1748 1054//1748 1053//1748
f  1063//1749 1053//1749 1061//1749
f  1061//1750 1053//1750 1164//1750
f  1061//1751 1164//1751 1174//1751
f  1174//1752 1164//1752 1166//1752
f  1174//1753 1166//1753 1159//1753
f  1175//1754 1137//1754 1176//1754
f  1176//1755 1137//1755 1138//1755
f  1176//1756 1138//1756 1177//1756
f  1177//1757 1138//1757 1139//1757
f  1177//1758 1139//1758 1178//1758
f  1178//1759 1139//1759 1140//1759
f  1178//1760 1140//1760 1179//1760
f  1179//1761 1140//1761 1180//1761
f  1179//1762 1180//1762 1181//1762
f  1181//1763 1180//1763 1182//1763
f  1181//1764 1182//1764 1183//1764
f  1183//1765 1182//1765 1184//1765
f  1183//1766 1184//1766 1185//1766
f  1185//1767 1184//1767 1186//1767
f  1185//1768 1186//1768 1187//1768
f  1187//1769 1186//1769 1188//1769
f  1187//1770 1188//1770 1189//1770
f  1189//1771 1188//1771 1190//1771
f  1189//1772 1190//1772 1191//1772
f  1191//1773 1190//1773 1192//1773
f  1191//1774 1192//1774 1193//1774
f  1193//1775 1192//1775 1194//1775
f  1193//1776 1194//1776 1160//1776
f  1160//1777 1194//1777 1161//1777
f  1161//1778 1194//1778 1195//1778
f  1161//1779 1195//1779 1167//1779
f  1167//1780 1195//1780 1196//1780
f  1167//1781 1196//1781 1169//1781
f  1169//1782 1196//1782 1197//1782
f  1169//1783 1197//1783 1171//1783
f  1171//1784 1197//1784 1198//1784
f  1171//1785 1198//1785 1173//1785
f  1173//1786 1198//1786 281//1786
f  1173//1787 281//1787 280//1787
f  994//1788 995//1788 1135//1788
f  1135//1789 995//1789 1175//1789
f  1135//1790 1175//1790 1133//1790
f  1133//1791 1175//1791 1176//1791
f  1133//1792 1176//1792 1131//1792
f  1131//1793 1176//1793 1177//1793
f  1131//1794 1177//1794 1127//1794
f  1127//1795 1177//1795 1178//1795
f  1127//1796 1178//1796 1124//1796
f  1124//1797 1178//1797 1179//1797
f  1124//1798 1179//1798 1121//1798
f  1121//1799 1179//1799 1181//1799
f  1121//1800 1181//1800 1119//1800
f  1119//1801 1181//1801 1183//1801
f  1119//1802 1183//1802 1116//1802
f  1116//1803 1183//1803 1185//1803
f  1116//1804 1185//1804 1156//1804
f  1156//1805 1185//1805 1187//1805
f  1156//1806 1187//1806 1153//1806
f  1153//1807 1187//1807 1189//1807
f  1153//1808 1189//1808 1150//1808
f  1150//1809 1189//1809 1191//1809
f  1150//1810 1191//1810 1147//1810
f  1147//1811 1191//1811 1193//1811
f  1147//1812 1193//1812 1021//1812
f  1021//1813 1193//1813 1160//1813
f  1021//1814 1160//1814 1022//1814
f  1022//1815 1160//1815 1159//1815
f  1022//1816 1159//1816 1141//1816
f  1141//1817 1159//1817 1166//1817
f  1141//1818 1166//1818 1142//1818
f  1142//1819 1166//1819 1165//1819
f  995//1820 996//1820 1175//1820
f  1175//1821 996//1821 990//1821
f  1175//1822 990//1822 1137//1822
f  1137//1823 990//1823 991//1823
f  1137//1824 991//1824 1096//1824
f  1096//1825 991//1825 992//1825
f  1096//1826 992//1826 1097//1826
f  1097//1827 992//1827 993//1827
f  1097//1828 993//1828 989//1828
f  241//1829 240//1829 1107//1829
f  1107//1830 240//1830 238//1830
f  1107//1831 238//1831 1115//1831
f  1115//1832 238//1832 246//1832
f  1115//1833 246//1833 1114//1833
f  1114//1834 246//1834 1051//1834
f  1114//1835 1051//1835 1112//1835
f  1112//1836 1051//1836 1027//1836
f  1112//1837 1027//1837 1110//1837
f  1110//1838 1027//1838 1029//1838
f  1110//1839 1029//1839 1108//1839
f  1108//1840 1029//1840 1095//1840
f  1108//1841 1095//1841 1140//1841
f  1140//1842 1095//1842 1093//1842
f  1140//1843 1093//1843 1180//1843
f  1180//1844 1093//1844 1032//1844
f  1180//1845 1032//1845 1182//1845
f  1182//1846 1032//1846 1078//1846
f  1182//1847 1078//1847 1184//1847
f  1184//1848 1078//1848 1080//1848
f  1184//1849 1080//1849 1186//1849
f  1186//1850 1080//1850 1082//1850
f  1186//1851 1082//1851 1188//1851
f  1188//1852 1082//1852 1084//1852
f  1188//1853 1084//1853 1190//1853
f  1190//1854 1084//1854 1086//1854
f  1190//1855 1086//1855 1192//1855
f  1192//1856 1086//1856 1069//1856
f  1192//1857 1069//1857 1194//1857
f  1194//1858 1069//1858 1068//1858
f  1194//1859 1068//1859 1195//1859
f  1195//1860 1068//1860 1071//1860
f  1195//1861 1071//1861 1196//1861
f  1196//1862 1071//1862 1073//1862
f  1196//1863 1073//1863 1197//1863
f  1197//1864 1073//1864 1038//1864
f  1197//1865 1038//1865 1198//1865
f  1198//1866 1038//1866 283//1866
f  1198//1867 283//1867 281//1867
f  1199//1868 1200//1868 1154//1868
f  1154//1869 1152//1869 1199//1869
f  1199//1870 1152//1870 1151//1870
f  1199//1871 1151//1871 1201//1871
f  1201//1872 1151//1872 1149//1872
f  1201//1873 1149//1873 1148//1873
f  1025//1874 1202//1874 1026//1874
f  1026//1875 1202//1875 1203//1875
f  1026//1876 1203//1876 1023//1876
f  1023//1877 1203//1877 1204//1877
f  1023//1878 1204//1878 1145//1878
f  1145//1879 1204//1879 1205//1879
f  1145//1880 1205//1880 1146//1880
f  1146//1881 1205//1881 1206//1881
f  1207//1882 1208//1882 1125//1882
f  1118//1883 1209//1883 1120//1883
f  1120//1884 1209//1884 1210//1884
f  1120//1885 1210//1885 1122//1885
f  1122//1886 1210//1886 1207//1886
f  1122//1887 1207//1887 1123//1887
f  1123//1888 1207//1888 1125//1888
f  1211//1889 1212//1889 1130//1889
f  1130//1890 1129//1890 1211//1890
f  1211//1891 1129//1891 1128//1891
f  1211//1892 1128//1892 1208//1892
f  1208//1893 1128//1893 1126//1893
f  1208//1894 1126//1894 1125//1894
f  1003//1895 1002//1895 1213//1895
f  1213//1896 1002//1896 1214//1896
f  1213//1897 1214//1897 1215//1897
f  1215//1898 1214//1898 1216//1898
f  1215//1899 1216//1899 1217//1899
f  1217//1900 1216//1900 1212//1900
f  1217//1901 1212//1901 1218//1901
f  1218//1902 1212//1902 1211//1902
f  1218//1903 1211//1903 1219//1903
f  1219//1904 1211//1904 1208//1904
f  1219//1905 1208//1905 1220//1905
f  1220//1906 1208//1906 1207//1906
f  1220//1907 1207//1907 1221//1907
f  1221//1908 1207//1908 1210//1908
f  1221//1909 1210//1909 1222//1909
f  1222//1910 1210//1910 1209//1910
f  1222//1911 1209//1911 1223//1911
f  1223//1912 1209//1912 1224//1912
f  1223//1913 1224//1913 1225//1913
f  1225//1914 1224//1914 1200//1914
f  1225//1915 1200//1915 1226//1915
f  1226//1916 1200//1916 1199//1916
f  1226//1917 1199//1917 1206//1917
f  1206//1918 1199//1918 1201//1918
f  1206//1919 1201//1919 1146//1919
f  1146//1920 1201//1920 1148//1920
f  1227//1921 1228//1921 1229//1921
f  1229//1922 1230//1922 1227//1922
f  1227//1923 1230//1923 1231//1923
f  1227//1924 1231//1924 1232//1924
f  1233//1925 1234//1925 1235//1925
f  1231//1926 1236//1926 1232//1926
f  1232//1927 1236//1927 1237//1927
f  1232//1928 1237//1928 1238//1928
f  1238//1929 1237//1929 1239//1929
f  1238//1930 1239//1930 1240//1930
f  1240//1931 1239//1931 1241//1931
f  1240//1932 1241//1932 1242//1932
f  1242//1933 1241//1933 1243//1933
f  1242//1934 1243//1934 1234//1934
f  1234//1935 1243//1935 1244//1935
f  1234//1936 1244//1936 1235//1936
f  1001//1937 1004//1937 1245//1937
f  1245//1938 1004//1938 1233//1938
f  1245//1939 1233//1939 1246//1939
f  1246//1940 1233//1940 1235//1940
f  1247//1941 1248//1941 1249//1941
f  1247//1942 1249//1942 1250//1942
f  1248//1943 1247//1943 1251//1943
f  1251//1944 1247//1944 1252//1944
f  1251//1945 1252//1945 1253//1945
f  1254//1946 1255//1946 1256//1946
f  1256//1947 1257//1947 1254//1947
f  1254//1948 1257//1948 1258//1948
f  1254//1949 1258//1949 1259//1949
f  1249//1950 1260//1950 1250//1950
f  1250//1951 1260//1951 1261//1951
f  1250//1952 1261//1952 1255//1952
f  1255//1953 1261//1953 1262//1953
f  1255//1954 1262//1954 1256//1954
f  1258//1955 1263//1955 1259//1955
f  1259//1956 1263//1956 1264//1956
f  1259//1957 1264//1957 1265//1957
f  1265//1958 1264//1958 1266//1958
f  1265//1959 1266//1959 1228//1959
f  1228//1960 1266//1960 1267//1960
f  1228//1961 1267//1961 1229//1961
f  1002//1962 1000//1962 1214//1962
f  1214//1963 1000//1963 1136//1963
f  1214//1964 1136//1964 1216//1964
f  1216//1965 1136//1965 1134//1965
f  1216//1966 1134//1966 1212//1966
f  1212//1967 1134//1967 1132//1967
f  1212//1968 1132//1968 1130//1968
f  1118//1969 1117//1969 1209//1969
f  1209//1970 1117//1970 1158//1970
f  1209//1971 1158//1971 1224//1971
f  1224//1972 1158//1972 1157//1972
f  1224//1973 1157//1973 1200//1973
f  1200//1974 1157//1974 1155//1974
f  1200//1975 1155//1975 1154//1975
f  1004//1976 1003//1976 1233//1976
f  1233//1977 1003//1977 1213//1977
f  1233//1978 1213//1978 1234//1978
f  1234//1979 1213//1979 1215//1979
f  1234//1980 1215//1980 1242//1980
f  1242//1981 1215//1981 1217//1981
f  1242//1982 1217//1982 1240//1982
f  1240//1983 1217//1983 1218//1983
f  1240//1984 1218//1984 1238//1984
f  1238//1985 1218//1985 1219//1985
f  1238//1986 1219//1986 1232//1986
f  1232//1987 1219//1987 1220//1987
f  1232//1988 1220//1988 1227//1988
f  1227//1989 1220//1989 1221//1989
f  1227//1990 1221//1990 1228//1990
f  1228//1991 1221//1991 1222//1991
f  1228//1992 1222//1992 1265//1992
f  1265//1993 1222//1993 1223//1993
f  1265//1994 1223//1994 1259//1994
f  1259//1995 1223//1995 1225//1995
f  1259//1996 1225//1996 1254//1996
f  1254//1997 1225//1997 1226//1997
f  1254//1998 1226//1998 1255//1998
f  1255//1999 1226//1999 1206//1999
f  1255//2000 1206//2000 1250//2000
f  1250//2001 1206//2001 1205//2001
f  1250//2002 1205//2002 1247//2002
f  1247//2003 1205//2003 1204//2003
f  1247//2004 1204//2004 1252//2004
f  1252//2005 1204//2005 1203//2005
f  1252//2006 1203//2006 1253//2006
f  1253//2007 1203//2007 1202//2007
f  1268//2008 1269//2008 1270//2008
f  1261//2009 1260//2009 1271//2009
f  1258//2010 1257//2010 1272//2010
f  1264//2011 1263//2011 1273//2011
f  1256//2012 1262//2012 1274//2012
f  1275//2013 1276//2013 1277//2013
f  1278//2014 1279//2014 1276//2014
f  1280//2015 1281//2015 1279//2015
f  1249//2016 1248//2016 1282//2016
f  1283//2017 1284//2017 1281//2017
f  1285//2018 1286//2018 1287//2018
f  1288//2019 1286//2019 1289//2019
f  1289//2020 1286//2020 1285//2020
f  1289//2021 1285//2021 1290//2021
f  1290//2022 1285//2022 1291//2022
f  1292//2023 1293//2023 1294//2023
f  1294//2024 1293//2024 1295//2024
f  1294//2025 1295//2025 1296//2025
f  1296//2026 1295//2026 1291//2026
f  1296//2027 1291//2027 1297//2027
f  1297//2028 1291//2028 1285//2028
f  1297//2029 1285//2029 1298//2029
f  1298//2030 1285//2030 1287//2030
f  1298//2031 1287//2031 1284//2031
f  1292//2032 1294//2032 1299//2032
f  1299//2033 1294//2033 1251//2033
f  1299//2034 1251//2034 1253//2034
f  1281//2035 1280//2035 1283//2035
f  1283//2036 1280//2036 1300//2036
f  1283//2037 1300//2037 1301//2037
f  1301//2038 1300//2038 1302//2038
f  1301//2039 1302//2039 1303//2039
f  1303//2040 1302//2040 1271//2040
f  1303//2041 1271//2041 1282//2041
f  1282//2042 1271//2042 1260//2042
f  1282//2043 1260//2043 1249//2043
f  1284//2044 1283//2044 1298//2044
f  1298//2045 1283//2045 1301//2045
f  1298//2046 1301//2046 1297//2046
f  1297//2047 1301//2047 1303//2047
f  1297//2048 1303//2048 1296//2048
f  1296//2049 1303//2049 1282//2049
f  1296//2050 1282//2050 1294//2050
f  1294//2051 1282//2051 1248//2051
f  1294//2052 1248//2052 1251//2052
f  1276//2053 1275//2053 1278//2053
f  1278//2054 1275//2054 1304//2054
f  1278//2055 1304//2055 1305//2055
f  1305//2056 1304//2056 1306//2056
f  1305//2057 1306//2057 1307//2057
f  1307//2058 1306//2058 1272//2058
f  1307//2059 1272//2059 1274//2059
f  1274//2060 1272//2060 1257//2060
f  1274//2061 1257//2061 1256//2061
f  1277//2062 1308//2062 1309//2062
f  1309//2063 1308//2063 1310//2063
f  1309//2064 1310//2064 1311//2064
f  1311//2065 1310//2065 1312//2065
f  1311//2066 1312//2066 1313//2066
f  1313//2067 1312//2067 1314//2067
f  1313//2068 1314//2068 1273//2068
f  1273//2069 1314//2069 1266//2069
f  1273//2070 1266//2070 1264//2070
f  1277//2071 1309//2071 1275//2071
f  1275//2072 1309//2072 1311//2072
f  1275//2073 1311//2073 1304//2073
f  1304//2074 1311//2074 1313//2074
f  1304//2075 1313//2075 1306//2075
f  1306//2076 1313//2076 1273//2076
f  1306//2077 1273//2077 1272//2077
f  1272//2078 1273//2078 1263//2078
f  1272//2079 1263//2079 1258//2079
f  1279//2080 1278//2080 1280//2080
f  1280//2081 1278//2081 1305//2081
f  1280//2082 1305//2082 1300//2082
f  1300//2083 1305//2083 1307//2083
f  1300//2084 1307//2084 1302//2084
f  1302//2085 1307//2085 1274//2085
f  1302//2086 1274//2086 1271//2086
f  1271//2087 1274//2087 1262//2087
f  1271//2088 1262//2088 1261//2088
f  1268//2089 1270//2089 1315//2089
f  1315//2090 1270//2090 1316//2090
f  1315//2091 1316//2091 1317//2091
f  1318//2092 1268//2092 1319//2092
f  1319//2093 1268//2093 1315//2093
f  1319//2094 1315//2094 1320//2094
f  1320//2095 1315//2095 1317//2095
f  1320//2096 1317//2096 1321//2096
f  1322//2097 1012//2097 1323//2097
f  1323//2098 1012//2098 1011//2098
f  1324//2099 1322//2099 1325//2099
f  1325//2100 1322//2100 1323//2100
f  1325//2101 1323//2101 1326//2101
f  1011//2102 1010//2102 1323//2102
f  1323//2103 1010//2103 1327//2103
f  1323//2104 1327//2104 1326//2104
f  1326//2105 1327//2105 1328//2105
f  1329//2106 1330//2106 1331//2106
f  1331//2107 1330//2107 1318//2107
f  1331//2108 1318//2108 1332//2108
f  1332//2109 1318//2109 1319//2109
f  1332//2110 1319//2110 1333//2110
f  1333//2111 1319//2111 1320//2111
f  1333//2112 1320//2112 1334//2112
f  1334//2113 1320//2113 1321//2113
f  1334//2114 1321//2114 1335//2114
f  1336//2115 1337//2115 1236//2115
f  1338//2116 1324//2116 1339//2116
f  1339//2117 1324//2117 1325//2117
f  1339//2118 1325//2118 1340//2118
f  1340//2119 1325//2119 1326//2119
f  1340//2120 1326//2120 1341//2120
f  1341//2121 1326//2121 1328//2121
f  1341//2122 1328//2122 1342//2122
f  1343//2123 1329//2123 1336//2123
f  1336//2124 1329//2124 1331//2124
f  1336//2125 1331//2125 1337//2125
f  1337//2126 1331//2126 1332//2126
f  1337//2127 1332//2127 1344//2127
f  1344//2128 1332//2128 1333//2128
f  1344//2129 1333//2129 1345//2129
f  1345//2130 1333//2130 1334//2130
f  1345//2131 1334//2131 1346//2131
f  1346//2132 1334//2132 1335//2132
f  1346//2133 1335//2133 1347//2133
f  1245//2134 1246//2134 1342//2134
f  1342//2135 1246//2135 1347//2135
f  1342//2136 1347//2136 1341//2136
f  1341//2137 1347//2137 1335//2137
f  1341//2138 1335//2138 1340//2138
f  1340//2139 1335//2139 1321//2139
f  1340//2140 1321//2140 1339//2140
f  1339//2141 1321//2141 1317//2141
f  1339//2142 1317//2142 1338//2142
f  1338//2143 1317//2143 1316//2143
f  1246//2144 1235//2144 1347//2144
f  1347//2145 1235//2145 1244//2145
f  1347//2146 1244//2146 1346//2146
f  1346//2147 1244//2147 1243//2147
f  1346//2148 1243//2148 1345//2148
f  1345//2149 1243//2149 1241//2149
f  1345//2150 1241//2150 1344//2150
f  1344//2151 1241//2151 1239//2151
f  1344//2152 1239//2152 1337//2152
f  1337//2153 1239//2153 1237//2153
f  1337//2154 1237//2154 1236//2154
f  1348//2155 1349//2155 1350//2155
f  1350//2156 1349//2156 1351//2156
f  1351//2157 1352//2157 1350//2157
f  1350//2158 1352//2158 1353//2158
f  1350//2159 1353//2159 1354//2159
f  1354//2160 1353//2160 1355//2160
f  1354//2161 1355//2161 1356//2161
f  1356//2162 1355//2162 1357//2162
f  1356//2163 1357//2163 1358//2163
f  1358//2164 1357//2164 1359//2164
f  1358//2165 1359//2165 1019//2165
f  1019//2166 1359//2166 1360//2166
f  1019//2167 1360//2167 1020//2167
f  1018//2168 1017//2168 1361//2168
f  1016//2169 1015//2169 1362//2169
f  1014//2170 1013//2170 1363//2170
f  1364//2171 1365//2171 1366//2171
f  1366//2172 1365//2172 1367//2172
f  1366//2173 1367//2173 1368//2173
f  1369//2174 1368//2174 1370//2174
f  1370//2175 1368//2175 1367//2175
f  1370//2176 1367//2176 1371//2176
f  1372//2177 1373//2177 1374//2177
f  1364//2178 1375//2178 1365//2178
f  1365//2179 1375//2179 1376//2179
f  1365//2180 1376//2180 1377//2180
f  1377//2181 1376//2181 1378//2181
f  1377//2182 1378//2182 1379//2182
f  1379//2183 1378//2183 1380//2183
f  1379//2184 1380//2184 1381//2184
f  1380//2185 1382//2185 1381//2185
f  1381//2186 1382//2186 1383//2186
f  1381//2187 1383//2187 1384//2187
f  1384//2188 1383//2188 1385//2188
f  1384//2189 1385//2189 1386//2189
f  1386//2190 1385//2190 1387//2190
f  1387//2191 1388//2191 1386//2191
f  1386//2192 1388//2192 1389//2192
f  1386//2193 1389//2193 1390//2193
f  1390//2194 1389//2194 1391//2194
f  1390//2195 1391//2195 1392//2195
f  1392//2196 1391//2196 1393//2196
f  1392//2197 1393//2197 1394//2197
f  1394//2198 1393//2198 1395//2198
f  1394//2199 1395//2199 1348//2199
f  1348//2200 1395//2200 1396//2200
f  1348//2201 1396//2201 1349//2201
f  1018//2202 1361//2202 1397//2202
f  1397//2203 1361//2203 1398//2203
f  1397//2204 1398//2204 1399//2204
f  1399//2205 1398//2205 1400//2205
f  1399//2206 1400//2206 1401//2206
f  1401//2207 1400//2207 1402//2207
f  1401//2208 1402//2208 1403//2208
f  1403//2209 1402//2209 1404//2209
f  1403//2210 1404//2210 1405//2210
f  1405//2211 1404//2211 1406//2211
f  1405//2212 1406//2212 1407//2212
f  1407//2213 1406//2213 1408//2213
f  1407//2214 1408//2214 1409//2214
f  1409//2215 1408//2215 1410//2215
f  1409//2216 1410//2216 1411//2216
f  1411//2217 1410//2217 1412//2217
f  1411//2218 1412//2218 1413//2218
f  1413//2219 1412//2219 1414//2219
f  1413//2220 1414//2220 1415//2220
f  1415//2221 1414//2221 1416//2221
f  1415//2222 1416//2222 1417//2222
f  1417//2223 1416//2223 1418//2223
f  1417//2224 1418//2224 1419//2224
f  1419//2225 1418//2225 1420//2225
f  1419//2226 1420//2226 1421//2226
f  1421//2227 1420//2227 1422//2227
f  1421//2228 1422//2228 1423//2228
f  1423//2229 1422//2229 1374//2229
f  1423//2230 1374//2230 1424//2230
f  1424//2231 1374//2231 1373//2231
f  1424//2232 1373//2232 1371//2232
f  1371//2233 1367//2233 1424//2233
f  1424//2234 1367//2234 1365//2234
f  1424//2235 1365//2235 1423//2235
f  1423//2236 1365//2236 1377//2236
f  1423//2237 1377//2237 1421//2237
f  1421//2238 1377//2238 1379//2238
f  1421//2239 1379//2239 1419//2239
f  1419//2240 1379//2240 1381//2240
f  1419//2241 1381//2241 1417//2241
f  1417//2242 1381//2242 1384//2242
f  1417//2243 1384//2243 1415//2243
f  1415//2244 1384//2244 1386//2244
f  1415//2245 1386//2245 1413//2245
f  1413//2246 1386//2246 1390//2246
f  1413//2247 1390//2247 1411//2247
f  1411//2248 1390//2248 1392//2248
f  1411//2249 1392//2249 1409//2249
f  1409//2250 1392//2250 1394//2250
f  1409//2251 1394//2251 1407//2251
f  1407//2252 1394//2252 1348//2252
f  1407//2253 1348//2253 1405//2253
f  1405//2254 1348//2254 1350//2254
f  1405//2255 1350//2255 1403//2255
f  1403//2256 1350//2256 1354//2256
f  1403//2257 1354//2257 1401//2257
f  1401//2258 1354//2258 1356//2258
f  1401//2259 1356//2259 1399//2259
f  1399//2260 1356//2260 1358//2260
f  1399//2261 1358//2261 1397//2261
f  1397//2262 1358//2262 1019//2262
f  1397//2263 1019//2263 1018//2263
f  1425//2264 1426//2264 1427//2264
f  1288//2265 1428//2265 1429//2265
f  1016//2266 1362//2266 1430//2266
f  1430//2267 1362//2267 1431//2267
f  1430//2268 1431//2268 1432//2268
f  1432//2269 1431//2269 1433//2269
f  1432//2270 1433//2270 1434//2270
f  1434//2271 1433//2271 1435//2271
f  1434//2272 1435//2272 1436//2272
f  1436//2273 1435//2273 1437//2273
f  1436//2274 1437//2274 1438//2274
f  1438//2275 1437//2275 1439//2275
f  1438//2276 1439//2276 1440//2276
f  1440//2277 1439//2277 1441//2277
f  1440//2278 1441//2278 1442//2278
f  1442//2279 1441//2279 1443//2279
f  1442//2280 1443//2280 1444//2280
f  1444//2281 1443//2281 1445//2281
f  1444//2282 1445//2282 1446//2282
f  1446//2283 1445//2283 1447//2283
f  1446//2284 1447//2284 1448//2284
f  1448//2285 1447//2285 1449//2285
f  1448//2286 1449//2286 1450//2286
f  1450//2287 1449//2287 1451//2287
f  1450//2288 1451//2288 1452//2288
f  1452//2289 1451//2289 1453//2289
f  1452//2290 1453//2290 1454//2290
f  1454//2291 1453//2291 1455//2291
f  1454//2292 1455//2292 1456//2292
f  1456//2293 1455//2293 1427//2293
f  1456//2294 1427//2294 1457//2294
f  1457//2295 1427//2295 1426//2295
f  1457//2296 1426//2296 1372//2296
f  1014//2297 1363//2297 1458//2297
f  1458//2298 1363//2298 1459//2298
f  1458//2299 1459//2299 1460//2299
f  1460//2300 1459//2300 1461//2300
f  1460//2301 1461//2301 1462//2301
f  1462//2302 1461//2302 1463//2302
f  1462//2303 1463//2303 1464//2303
f  1464//2304 1463//2304 1465//2304
f  1464//2305 1465//2305 1466//2305
f  1466//2306 1465//2306 1467//2306
f  1466//2307 1467//2307 1468//2307
f  1468//2308 1467//2308 1469//2308
f  1468//2309 1469//2309 1470//2309
f  1470//2310 1469//2310 1471//2310
f  1470//2311 1471//2311 1472//2311
f  1472//2312 1471//2312 1473//2312
f  1472//2313 1473//2313 1474//2313
f  1474//2314 1473//2314 1475//2314
f  1474//2315 1475//2315 1476//2315
f  1476//2316 1475//2316 1477//2316
f  1476//2317 1477//2317 1478//2317
f  1478//2318 1477//2318 1479//2318
f  1478//2319 1479//2319 1480//2319
f  1480//2320 1479//2320 1481//2320
f  1480//2321 1481//2321 1482//2321
f  1482//2322 1481//2322 1483//2322
f  1482//2323 1483//2323 1484//2323
f  1484//2324 1483//2324 1429//2324
f  1484//2325 1429//2325 1485//2325
f  1485//2326 1429//2326 1428//2326
f  1485//2327 1428//2327 1425//2327
f  1425//2328 1427//2328 1485//2328
f  1485//2329 1427//2329 1455//2329
f  1485//2330 1455//2330 1484//2330
f  1484//2331 1455//2331 1453//2331
f  1484//2332 1453//2332 1482//2332
f  1482//2333 1453//2333 1451//2333
f  1482//2334 1451//2334 1480//2334
f  1480//2335 1451//2335 1449//2335
f  1480//2336 1449//2336 1478//2336
f  1478//2337 1449//2337 1447//2337
f  1478//2338 1447//2338 1476//2338
f  1476//2339 1447//2339 1445//2339
f  1476//2340 1445//2340 1474//2340
f  1474//2341 1445//2341 1443//2341
f  1474//2342 1443//2342 1472//2342
f  1472//2343 1443//2343 1441//2343
f  1472//2344 1441//2344 1470//2344
f  1470//2345 1441//2345 1439//2345
f  1470//2346 1439//2346 1468//2346
f  1468//2347 1439//2347 1437//2347
f  1468//2348 1437//2348 1466//2348
f  1466//2349 1437//2349 1435//2349
f  1466//2350 1435//2350 1464//2350
f  1464//2351 1435//2351 1433//2351
f  1464//2352 1433//2352 1462//2352
f  1462//2353 1433//2353 1431//2353
f  1462//2354 1431//2354 1460//2354
f  1460//2355 1431//2355 1362//2355
f  1460//2356 1362//2356 1458//2356
f  1458//2357 1362//2357 1015//2357
f  1458//2358 1015//2358 1014//2358
f  1372//2359 1374//2359 1457//2359
f  1457//2360 1374//2360 1422//2360
f  1457//2361 1422//2361 1456//2361
f  1456//2362 1422//2362 1420//2362
f  1456//2363 1420//2363 1454//2363
f  1454//2364 1420//2364 1418//2364
f  1454//2365 1418//2365 1452//2365
f  1452//2366 1418//2366 1416//2366
f  1452//2367 1416//2367 1450//2367
f  1450//2368 1416//2368 1414//2368
f  1450//2369 1414//2369 1448//2369
f  1448//2370 1414//2370 1412//2370
f  1448//2371 1412//2371 1446//2371
f  1446//2372 1412//2372 1410//2372
f  1446//2373 1410//2373 1444//2373
f  1444//2374 1410//2374 1408//2374
f  1444//2375 1408//2375 1442//2375
f  1442//2376 1408//2376 1406//2376
f  1442//2377 1406//2377 1440//2377
f  1440//2378 1406//2378 1404//2378
f  1440//2379 1404//2379 1438//2379
f  1438//2380 1404//2380 1402//2380
f  1438//2381 1402//2381 1436//2381
f  1436//2382 1402//2382 1400//2382
f  1436//2383 1400//2383 1434//2383
f  1434//2384 1400//2384 1398//2384
f  1434//2385 1398//2385 1432//2385
f  1432//2386 1398//2386 1361//2386
f  1432//2387 1361//2387 1430//2387
f  1430//2388 1361//2388 1017//2388
f  1430//2389 1017//2389 1016//2389
f  1010//2390 1009//2390 1327//2390
f  1327//2391 1009//2391 1008//2391
f  1327//2392 1008//2392 1328//2392
f  1328//2393 1008//2393 1007//2393
f  1328//2394 1007//2394 1342//2394
f  1342//2395 1007//2395 1006//2395
f  1342//2396 1006//2396 1245//2396
f  1245//2397 1006//2397 1005//2397
f  1245//2398 1005//2398 1001//2398
f  1236//2399 1231//2399 1336//2399
f  1336//2400 1231//2400 1230//2400
f  1336//2401 1230//2401 1343//2401
f  1343//2402 1230//2402 1229//2402
f  1343//2403 1229//2403 1267//2403
f  1269//2404 1268//2404 1486//2404
f  1486//2405 1268//2405 1318//2405
f  1486//2406 1318//2406 1308//2406
f  1308//2407 1318//2407 1330//2407
f  1308//2408 1330//2408 1310//2408
f  1310//2409 1330//2409 1329//2409
f  1310//2410 1329//2410 1312//2410
f  1312//2411 1329//2411 1343//2411
f  1312//2412 1343//2412 1314//2412
f  1314//2413 1343//2413 1267//2413
f  1314//2414 1267//2414 1266//2414
f  1288//2415 1429//2415 1286//2415
f  1286//2416 1429//2416 1483//2416
f  1286//2417 1483//2417 1287//2417
f  1287//2418 1483//2418 1481//2418
f  1287//2419 1481//2419 1284//2419
f  1284//2420 1481//2420 1479//2420
f  1284//2421 1479//2421 1281//2421
f  1281//2422 1479//2422 1477//2422
f  1281//2423 1477//2423 1279//2423
f  1279//2424 1477//2424 1475//2424
f  1279//2425 1475//2425 1276//2425
f  1276//2426 1475//2426 1473//2426
f  1276//2427 1473//2427 1277//2427
f  1277//2428 1473//2428 1471//2428
f  1277//2429 1471//2429 1308//2429
f  1308//2430 1471//2430 1469//2430
f  1308//2431 1469//2431 1486//2431
f  1486//2432 1469//2432 1467//2432
f  1486//2433 1467//2433 1269//2433
f  1269//2434 1467//2434 1465//2434
f  1269//2435 1465//2435 1270//2435
f  1270//2436 1465//2436 1463//2436
f  1270//2437 1463//2437 1316//2437
f  1316//2438 1463//2438 1461//2438
f  1316//2439 1461//2439 1338//2439
f  1338//2440 1461//2440 1459//2440
f  1338//2441 1459//2441 1324//2441
f  1324//2442 1459//2442 1363//2442
f  1324//2443 1363//2443 1322//2443
f  1322//2444 1363//2444 1013//2444
f  1322//2445 1013//2445 1012//2445
f  1487//2446 1488//2446 1025//2446
f  292//2447 6//2447 1059//2447
f  1059//2448 6//2448 560//2448
f  1059//2449 560//2449 1057//2449
f  560//2450 559//2450 1057//2450
f  1057//2451 559//2451 558//2451
f  1057//2452 558//2452 1055//2452
f  558//2453 557//2453 1055//2453
f  1055//2454 557//2454 556//2454
f  1055//2455 556//2455 1052//2455
f  556//2456 426//2456 1052//2456
f  1052//2457 426//2457 425//2457
f  1052//2458 425//2458 1162//2458
f  1162//2459 425//2459 1163//2459
f  425//2460 531//2460 1163//2460
f  1163//2461 531//2461 601//2461
f  1163//2462 601//2462 1165//2462
f  1165//2463 601//2463 408//2463
f  598//2464 1488//2464 410//2464
f  410//2465 1488//2465 1487//2465
f  410//2466 1487//2466 411//2466
f  411//2467 1487//2467 407//2467
f  1025//2468 1024//2468 1487//2468
f  1487//2469 1024//2469 1144//2469
f  1487//2470 1144//2470 407//2470
f  407//2471 1144//2471 1143//2471
f  407//2472 1143//2472 408//2472
f  408//2473 1143//2473 1142//2473
f  408//2474 1142//2474 1165//2474
f  1488//2475 598//2475 665//2475
f  1025//2476 1488//2476 1202//2476
f  1202//2477 1488//2477 665//2477
f  1202//2478 665//2478 1253//2478
f  1253//2479 665//2479 666//2479
f  1253//2480 666//2480 1299//2480
f  1299//2481 666//2481 985//2481
f  1299//2482 985//2482 1292//2482
f  1292//2483 985//2483 984//2483
f  1292//2484 984//2484 1293//2484
f  1293//2485 984//2485 983//2485
f  1293//2486 983//2486 1295//2486
f  1295//2487 983//2487 847//2487
f  1295//2488 847//2488 859//2488
f  860//2489 861//2489 1288//2489
f  1288//2490 1289//2490 860//2490
f  860//2491 1289//2491 1290//2491
f  860//2492 1290//2492 859//2492
f  859//2493 1290//2493 1291//2493
f  859//2494 1291//2494 1295//2494
f  719//2495 1369//2495 720//2495
f  720//2496 1369//2496 1370//2496
f  720//2497 1370//2497 884//2497
f  884//2498 1370//2498 1371//2498
f  884//2499 1371//2499 885//2499
f  885//2500 1371//2500 1373//2500
f  885//2501 1373//2501 880//2501
f  880//2502 1373//2502 1372//2502
f  880//2503 1372//2503 881//2503
f  881//2504 1372//2504 1426//2504
f  881//2505 1426//2505 882//2505
f  882//2506 1426//2506 1425//2506
f  882//2507 1425//2507 861//2507
f  861//2508 1425//2508 1428//2508
f  861//2509 1428//2509 1288//2509
f  1489//2510 719//2510 718//2510
f  891//2511 1490//2511 1491//2511
f  1489//2510 718//2510 1492//2510
f  1492//2512 718//2512 874//2512
f  1492//2513 874//2513 1493//2513
f  874//2514 873//2514 1493//2514
f  1493//2515 873//2515 872//2515
f  1493//2516 872//2516 1494//2516
f  872//2517 871//2517 1494//2517
f  1494//2518 871//2518 870//2518
f  1494//2519 870//2519 1495//2519
f  870//2520 862//2520 1495//2520
f  1495//2521 862//2521 863//2521
f  1495//2522 863//2522 1496//2522
f  1496//2523 863//2523 864//2523
f  1496//2524 864//2524 913//2524
f  913//2525 914//2525 1496//2525
f  1496//2526 914//2526 916//2526
f  1496//2527 916//2527 1497//2527
f  916//2528 918//2528 1497//2528
f  1497//2529 918//2529 920//2529
f  1497//2530 920//2530 1498//2530
f  920//2531 922//2531 1498//2531
f  1498//2532 922//2532 924//2532
f  1498//2533 924//2533 1499//2533
f  924//2534 926//2534 1499//2534
f  1499//2535 926//2535 928//2535
f  1499//2536 928//2536 1500//2536
f  1500//2537 928//2537 930//2537
f  1500//2538 930//2538 707//2538
f  707//2539 706//2539 1500//2539
f  1500//2540 706//2540 909//2540
f  1500//2541 909//2541 1501//2541
f  909//2542 908//2542 1501//2542
f  1501//2543 908//2543 907//2543
f  1501//2544 907//2544 1502//2544
f  907//2545 906//2545 1502//2545
f  1502//2546 906//2546 905//2546
f  1502//2547 905//2547 1503//2547
f  905//2548 886//2548 1503//2548
f  1503//2549 886//2549 888//2549
f  1503//2550 888//2550 1491//2550
f  1491//2551 888//2551 890//2551
f  1491//2511 890//2511 891//2511
f  1504//196 1505//196 1506//196
f  1507//196 1508//196 1509//196
f  1509//196 1508//196 1510//196
f  1505//196 1504//196 1511//196
f  1512//196 1504//196 1513//196
f  1513//196 1504//196 1506//196
f  1513//196 1506//196 1514//196
f  1514//196 1506//196 1515//196
f  1514//196 1515//196 1516//196
f  1516//196 1515//196 1517//196
f  1516//196 1517//196 1518//196
f  1517//196 1519//196 1518//196
f  1518//196 1519//196 1520//196
f  1518//196 1520//196 1521//196
f  1510//196 1508//196 1522//196
f  1522//196 1508//196 1523//196
f  1522//196 1523//196 1524//196
f  1507//196 1525//196 1508//196
f  1508//196 1525//196 1526//196
f  1508//196 1526//196 1527//196
f  1528//196 1529//196 1530//196
f  1531//196 1532//196 1533//196
f  1534//196 1535//196 1529//196
f  1529//196 1535//196 1536//196
f  1529//196 1536//196 1530//196
f  1531//196 1533//196 1537//196
f  1538//196 1539//196 1540//196
f  1541//196 1542//196 1523//196
f  1543//196 1544//196 1523//196
f  1523//196 1544//196 1545//196
f  1523//196 1545//196 1524//196
f  1524//196 1545//196 1546//196
f  1524//196 1546//196 1547//196
f  1548//196 1549//196 1550//196
f  1550//196 1549//196 1551//196
f  1550//196 1551//196 1552//196
f  1553//196 1554//196 1555//196
f  1542//196 1556//196 1523//196
f  1523//196 1556//196 1557//196
f  1523//196 1557//196 1543//196
f  1520//196 1558//196 1521//196
f  1521//196 1558//196 1559//196
f  1521//196 1559//196 1560//196
f  1561//196 1562//196 1527//196
f  1527//196 1562//196 1563//196
f  1564//196 1565//196 1566//196
f  1512//196 1513//196 1567//196
f  1567//196 1513//196 1568//196
f  1567//196 1568//196 1569//196
f  1569//196 1568//196 1566//196
f  1569//196 1566//196 1570//196
f  1538//196 1540//196 1571//196
f  1539//196 1572//196 1540//196
f  1540//196 1572//196 1573//196
f  1540//196 1573//196 1574//196
f  1575//196 1576//196 1577//196
f  1578//196 1579//196 1546//196
f  1546//196 1579//196 1580//196
f  1546//196 1580//196 1547//196
f  1511//196 1504//196 1581//196
f  1581//196 1504//196 1582//196
f  1581//196 1582//196 1552//196
f  1552//196 1582//196 1583//196
f  1552//196 1583//196 1550//196
f  1548//196 1550//196 1527//196
f  1527//196 1550//196 1584//196
f  1527//196 1584//196 1561//196
f  1585//196 1586//196 1587//196
f  1588//196 1523//196 1589//196
f  1537//196 1533//196 1555//196
f  1555//196 1533//196 1590//196
f  1555//196 1590//196 1553//196
f  1559//196 1591//196 1560//196
f  1560//196 1591//196 1592//196
f  1560//196 1592//196 1576//196
f  1576//196 1592//196 1593//196
f  1576//196 1593//196 1577//196
f  1563//196 1594//196 1527//196
f  1527//196 1594//196 1595//196
f  1527//196 1595//196 1596//196
f  1508//196 1597//196 1598//196
f  1565//196 1599//196 1566//196
f  1566//196 1599//196 1600//196
f  1566//196 1600//196 1570//196
f  1532//196 1601//196 1533//196
f  1533//196 1601//196 1602//196
f  1533//196 1602//196 1603//196
f  1588//196 1589//196 1587//196
f  1587//196 1589//196 1604//196
f  1587//196 1604//196 1585//196
f  1575//196 1605//196 1606//196
f  1606//196 1605//196 1607//196
f  1606//196 1607//196 1608//196
f  1607//196 1609//196 1608//196
f  1608//196 1609//196 1610//196
f  1608//196 1610//196 1534//196
f  1534//196 1610//196 1611//196
f  1534//196 1611//196 1535//196
f  1596//196 1612//196 1527//196
f  1527//196 1612//196 1613//196
f  1527//196 1613//196 1614//196
f  1564//196 1566//196 1615//196
f  1615//196 1566//196 1616//196
f  1615//196 1616//196 1617//196
f  1618//196 1571//196 1619//196
f  1619//196 1571//196 1540//196
f  1619//196 1540//196 1620//196
f  1620//196 1540//196 1621//196
f  1620//196 1621//196 1622//196
f  1622//196 1621//196 1528//196
f  1622//196 1528//196 1623//196
f  1623//196 1528//196 1530//196
f  1573//196 1624//196 1574//196
f  1574//196 1624//196 1625//196
f  1574//196 1625//196 1626//196
f  1626//196 1625//196 1627//196
f  1626//196 1627//196 1628//196
f  1628//196 1627//196 1629//196
f  1628//196 1629//196 1630//196
f  1630//196 1631//196 1628//196
f  1628//196 1631//196 1632//196
f  1628//196 1632//196 1633//196
f  1634//196 1635//196 1636//196
f  1636//196 1635//196 1637//196
f  1586//196 1638//196 1587//196
f  1587//196 1638//196 1639//196
f  1587//196 1639//196 1640//196
f  1634//196 1641//196 1635//196
f  1635//196 1641//196 1642//196
f  1635//196 1642//196 1643//196
f  1643//196 1642//196 1587//196
f  1643//196 1587//196 1644//196
f  1644//196 1587//196 1640//196
f  1645//196 1646//196 1546//196
f  1546//196 1646//196 1647//196
f  1546//196 1647//196 1578//196
f  1648//196 1575//196 1649//196
f  1649//196 1575//196 1650//196
f  1648//196 1651//196 1575//196
f  1575//196 1651//196 1652//196
f  1575//196 1652//196 1605//196
f  1653//196 1616//196 1654//196
f  1654//196 1616//196 1655//196
f  1653//196 1656//196 1616//196
f  1616//196 1656//196 1657//196
f  1616//196 1657//196 1617//196
f  1588//196 1658//196 1523//196
f  1523//196 1658//196 1659//196
f  1523//196 1659//196 1555//196
f  1660//196 1661//196 1575//196
f  1575//196 1661//196 1662//196
f  1575//196 1662//196 1650//196
f  1614//196 1663//196 1527//196
f  1527//196 1663//196 1664//196
f  1527//196 1664//196 1508//196
f  1508//196 1664//196 1665//196
f  1508//196 1665//196 1597//196
f  1603//196 1666//196 1533//196
f  1533//196 1666//196 1667//196
f  1533//196 1667//196 1668//196
f  1668//196 1667//196 1669//196
f  1668//196 1669//196 1619//196
f  1619//196 1669//196 1670//196
f  1619//196 1670//196 1618//196
f  1633//196 1671//196 1628//196
f  1628//196 1671//196 1672//196
f  1628//196 1672//196 1635//196
f  1635//196 1672//196 1673//196
f  1635//196 1673//196 1637//196
f  1554//196 1674//196 1555//196
f  1555//196 1674//196 1675//196
f  1555//196 1675//196 1523//196
f  1523//196 1675//196 1676//196
f  1523//196 1676//196 1541//196
f  1645//196 1546//196 1677//196
f  1677//196 1546//196 1678//196
f  1677//196 1678//196 1660//196
f  1577//196 1679//196 1575//196
f  1575//196 1679//196 1680//196
f  1575//196 1680//196 1660//196
f  1660//196 1680//196 1681//196
f  1660//196 1681//196 1677//196
f  1598//196 1682//196 1508//196
f  1508//196 1682//196 1683//196
f  1508//196 1683//196 1684//196
f  1684//196 1683//196 1685//196
f  1684//196 1685//196 1686//196
f  1687//196 1688//196 1685//196
f  1685//196 1688//196 1689//196
f  1685//196 1689//196 1690//196
f  1655//196 1616//196 1685//196
f  1685//196 1616//196 1691//196
f  1685//196 1691//196 1687//196
f  1690//196 1692//196 1685//196
f  1685//196 1692//196 1693//196
f  1685//196 1693//196 1686//196
f  1694//2552 1695//2552 1020//2552
f  1020//2553 1360//2553 1694//2553
f  1694//2554 1360//2554 1359//2554
f  1694//2555 1359//2555 1696//2555
f  1696//2556 1359//2556 1357//2556
f  1696//2557 1357//2557 1697//2557
f  1697//2558 1357//2558 1355//2558
f  1697//2559 1355//2559 1698//2559
f  1698//2560 1355//2560 1353//2560
f  1389//2561 1699//2561 1391//2561
f  1391//2562 1699//2562 1700//2562
f  1391//2563 1700//2563 1393//2563
f  1393//2564 1700//2564 1701//2564
f  1393//2565 1701//2565 1395//2565
f  1395//2566 1701//2566 1702//2566
f  1395//2567 1702//2567 1396//2567
f  1396//2568 1702//2568 1703//2568
f  1396//2569 1703//2569 1349//2569
f  1349//2570 1703//2570 1704//2570
f  1349//2571 1704//2571 1351//2571
f  1351//2572 1704//2572 1705//2572
f  1351//2573 1705//2573 1352//2573
f  1352//2574 1705//2574 1706//2574
f  1352//2575 1706//2575 1353//2575
f  1353//2576 1706//2576 1707//2576
f  1353//2577 1707//2577 1698//2577
f  1383//2578 1708//2578 1385//2578
f  1385//2579 1708//2579 1709//2579
f  1385//2580 1709//2580 1387//2580
f  1387//2581 1709//2581 1710//2581
f  1387//2582 1710//2582 1388//2582
f  1388//2583 1710//2583 1711//2583
f  1388//2584 1711//2584 1389//2584
f  1389//2585 1711//2585 1712//2585
f  1389//2586 1712//2586 1699//2586
f  1713//2587 1714//2587 1375//2587
f  1375//2588 1714//2588 1715//2588
f  1375//2589 1715//2589 1376//2589
f  1376//2590 1715//2590 1716//2590
f  1376//2591 1716//2591 1378//2591
f  1378//2592 1716//2592 1717//2592
f  1378//2593 1717//2593 1380//2593
f  1380//2594 1717//2594 1718//2594
f  1380//2595 1718//2595 1382//2595
f  1382//2596 1718//2596 1719//2596
f  1382//2597 1719//2597 1383//2597
f  1383//2598 1719//2598 1720//2598
f  1383//2599 1720//2599 1708//2599
f  1369//2600 1721//2600 1368//2600
f  1368//2601 1721//2601 1722//2601
f  1368//2602 1722//2602 1366//2602
f  1366//2603 1722//2603 1713//2603
f  1366//2604 1713//2604 1364//2604
f  1364//2605 1713//2605 1375//2605
f  891//2606 1020//2606 1490//2606
f  1490//2606 1020//2606 1695//2606
f  1490//2607 1695//2607 1723//2607
f  1490//2606 1724//2606 1725//2606
f  1723//2608 1726//2608 1490//2608
f  1490//2609 1726//2609 1727//2609
f  1490//2606 1727//2606 1728//2606
f  1725//2606 1729//2606 1490//2606
f  1490//2606 1729//2606 1626//2606
f  1490//2606 1626//2606 1628//2606
f  1728//2610 1730//2610 1490//2610
f  1490//2609 1730//2609 1731//2609
f  1490//2609 1731//2609 1724//2609
f  1732//2611 1733//2611 1489//2611
f  1369//2612 719//2612 1721//2612
f  1721//2612 719//2612 1489//2612
f  1721//2613 1489//2613 1734//2613
f  1734//2614 1489//2614 1733//2614
f  1566//2612 1568//2612 1489//2612
f  1489//2612 1568//2612 1735//2612
f  1735//2612 1736//2612 1489//2612
f  1489//2612 1736//2612 1737//2612
f  1489//2611 1737//2611 1738//2611
f  1738//2611 1739//2611 1489//2611
f  1489//2615 1739//2615 1740//2615
f  1489//2612 1740//2612 1732//2612
f  1523//2616 1508//2616 1741//2616
f  1741//2616 1508//2616 1742//2616
f  1616//2617 1566//2617 1743//2617
f  1743//2617 1566//2617 1489//2617
f  1744//293 1745//293 1746//293
f  1747//293 1748//293 1742//293
f  1742//293 1748//293 1749//293
f  1742//293 1749//293 1750//293
f  1744//293 1746//293 1751//293
f  1751//293 1746//293 1752//293
f  1751//293 1752//293 1753//293
f  1753//293 1752//293 1754//293
f  1753//293 1754//293 1755//293
f  1755//293 1756//293 1753//293
f  1753//293 1756//293 1757//293
f  1753//293 1757//293 1758//293
f  1759//293 1760//293 1761//293
f  1762//293 1763//293 1489//293
f  1489//293 1764//293 1765//293
f  1766//293 1767//293 1743//293
f  1768//293 1769//293 1770//293
f  1762//293 1489//293 1771//293
f  1766//293 1743//293 1772//293
f  1760//293 1773//293 1761//293
f  1761//293 1773//293 1774//293
f  1761//293 1774//293 1775//293
f  1775//293 1776//293 1761//293
f  1761//293 1776//293 1777//293
f  1761//293 1777//293 1778//293
f  1779//293 1780//293 1781//293
f  1489//293 1765//293 1743//293
f  1743//293 1765//293 1782//293
f  1743//293 1782//293 1772//293
f  1742//293 1783//293 1784//293
f  1769//293 1785//293 1770//293
f  1770//293 1785//293 1786//293
f  1770//293 1786//293 1787//293
f  1750//293 1788//293 1742//293
f  1742//293 1788//293 1789//293
f  1742//293 1789//293 1790//293
f  1790//293 1789//293 1770//293
f  1790//293 1770//293 1791//293
f  1791//293 1770//293 1792//293
f  1793//293 1794//293 1795//293
f  1795//293 1796//293 1793//293
f  1793//293 1796//293 1797//293
f  1793//293 1797//293 1741//293
f  1741//293 1797//293 1798//293
f  1741//293 1798//293 1799//293
f  1800//293 1801//293 1778//293
f  1778//293 1801//293 1802//293
f  1778//293 1802//293 1761//293
f  1803//293 1804//293 1780//293
f  1780//293 1804//293 1805//293
f  1780//293 1805//293 1781//293
f  1763//293 1806//293 1489//293
f  1489//293 1806//293 1807//293
f  1489//293 1807//293 1808//293
f  1489//293 1809//293 1810//293
f  1747//293 1742//293 1811//293
f  1811//293 1742//293 1784//293
f  1811//293 1784//293 1761//293
f  1761//293 1784//293 1812//293
f  1761//293 1812//293 1759//293
f  1787//293 1813//293 1770//293
f  1770//293 1813//293 1814//293
f  1770//293 1814//293 1815//293
f  1816//293 1817//293 1818//293
f  1819//293 1820//293 1793//293
f  1793//293 1820//293 1821//293
f  1793//293 1821//293 1794//293
f  1790//293 1822//293 1742//293
f  1742//293 1822//293 1823//293
f  1742//293 1823//293 1741//293
f  1741//293 1823//293 1824//293
f  1741//293 1824//293 1793//293
f  1808//293 1825//293 1489//293
f  1489//293 1825//293 1826//293
f  1489//293 1826//293 1809//293
f  1810//293 1827//293 1489//293
f  1489//293 1827//293 1828//293
f  1489//293 1828//293 1764//293
f  1815//293 1829//293 1770//293
f  1770//293 1829//293 1830//293
f  1770//293 1830//293 1792//293
f  1799//293 1831//293 1741//293
f  1741//293 1831//293 1832//293
f  1741//293 1832//293 1833//293
f  1833//293 1832//293 1834//293
f  1745//293 1835//293 1746//293
f  1746//293 1835//293 1836//293
f  1746//293 1836//293 1837//293
f  1768//293 1770//293 1838//293
f  1838//293 1770//293 1839//293
f  1838//293 1839//293 1840//293
f  1840//293 1839//293 1841//293
f  1840//293 1841//293 1842//293
f  1843//293 1497//293 1844//293
f  1844//293 1497//293 1498//293
f  1844//293 1498//293 1845//293
f  1845//293 1498//293 1499//293
f  1845//293 1499//293 1500//293
f  1843//293 1846//293 1497//293
f  1497//293 1846//293 1847//293
f  1497//293 1847//293 1496//293
f  1496//293 1847//293 1848//293
f  1848//293 1849//293 1496//293
f  1496//293 1849//293 1850//293
f  1496//293 1850//293 1495//293
f  1495//293 1850//293 1851//293
f  1758//293 1852//293 1753//293
f  1753//293 1852//293 1853//293
f  1753//293 1853//293 1793//293
f  1793//293 1853//293 1854//293
f  1793//293 1854//293 1819//293
f  1800//293 1778//293 1781//293
f  1781//293 1778//293 1855//293
f  1781//293 1855//293 1779//293
f  1783//293 1742//293 1856//293
f  1856//293 1742//293 1857//293
f  1856//293 1857//293 1858//293
f  1858//293 1857//293 1859//293
f  1858//293 1859//293 1860//293
f  1860//293 1859//293 1861//293
f  1860//293 1861//293 1862//293
f  1860//293 1863//293 1864//293
f  1865//293 1490//293 1866//293
f  1866//293 1490//293 1867//293
f  1837//293 1868//293 1746//293
f  1746//293 1868//293 1869//293
f  1746//293 1869//293 1870//293
f  1865//293 1871//293 1490//293
f  1490//293 1871//293 1872//293
f  1490//293 1872//293 1873//293
f  1842//293 1874//293 1840//293
f  1840//293 1874//293 1875//293
f  1840//293 1875//293 1876//293
f  1877//293 1501//293 1878//293
f  1878//293 1501//293 1502//293
f  1878//293 1502//293 1879//293
f  1879//293 1502//293 1503//293
f  1879//293 1503//293 1880//293
f  1803//293 1771//293 1804//293
f  1804//293 1771//293 1489//293
f  1804//293 1489//293 1881//293
f  1881//293 1489//293 1492//293
f  1881//293 1492//293 1882//293
f  1882//293 1492//293 1493//293
f  1882//293 1493//293 1883//293
f  1883//293 1493//293 1494//293
f  1883//293 1494//293 1884//293
f  1884//293 1494//293 1495//293
f  1884//293 1495//293 1885//293
f  1885//293 1495//293 1851//293
f  1767//293 1886//293 1743//293
f  1743//293 1886//293 1860//293
f  1743//293 1860//293 1887//293
f  1887//293 1860//293 1864//293
f  1816//293 1818//293 1834//293
f  1817//293 1888//293 1818//293
f  1818//293 1888//293 1889//293
f  1818//293 1889//293 1890//293
f  1862//293 1891//293 1860//293
f  1860//293 1891//293 1892//293
f  1860//293 1892//293 1863//293
f  1818//293 1893//293 1834//293
f  1834//293 1893//293 1894//293
f  1834//293 1894//293 1895//293
f  1896//293 1897//293 1834//293
f  1834//293 1897//293 1898//293
f  1834//293 1898//293 1833//293
f  1890//293 1899//293 1818//293
f  1818//293 1899//293 1900//293
f  1818//293 1900//293 1490//293
f  1490//293 1900//293 1901//293
f  1490//293 1901//293 1867//293
f  1877//293 1902//293 1501//293
f  1501//293 1902//293 1903//293
f  1501//293 1903//293 1904//293
f  1873//293 1905//293 1490//293
f  1490//293 1905//293 1906//293
f  1490//293 1906//293 1746//293
f  1500//293 1501//293 1845//293
f  1845//293 1501//293 1904//293
f  1845//293 1904//293 1907//293
f  1907//293 1904//293 1840//293
f  1907//293 1840//293 1908//293
f  1908//293 1840//293 1876//293
f  1895//293 1909//293 1834//293
f  1834//293 1909//293 1910//293
f  1834//293 1910//293 1896//293
f  1503//293 1491//293 1880//293
f  1880//293 1491//293 1490//293
f  1880//293 1490//293 1911//293
f  1911//293 1490//293 1746//293
f  1911//293 1746//293 1912//293
f  1912//293 1746//293 1870//293
f  1818//2618 1490//2618 1635//2618
f  1635//2618 1490//2618 1628//2618
f  1510//2619 1788//2619 1509//2619
f  1509//2619 1788//2619 1750//2619
f  1509//2620 1750//2620 1507//2620
f  1507//2620 1750//2620 1749//2620
f  1507//2621 1749//2621 1525//2621
f  1525//2621 1749//2621 1748//2621
f  1525//2622 1748//2622 1526//2622
f  1526//2622 1748//2622 1747//2622
f  1526//2623 1747//2623 1527//2623
f  1527//2623 1747//2623 1811//2623
f  1527//2624 1811//2624 1548//2624
f  1548//2624 1811//2624 1761//2624
f  1548//2625 1761//2625 1549//2625
f  1549//2625 1761//2625 1802//2625
f  1549//2626 1802//2626 1551//2626
f  1551//2626 1802//2626 1801//2626
f  1551//2627 1801//2627 1552//2627
f  1552//2627 1801//2627 1800//2627
f  1552//2628 1800//2628 1581//2628
f  1581//2628 1800//2628 1781//2628
f  1581//2629 1781//2629 1511//2629
f  1511//2629 1781//2629 1805//2629
f  1511//2630 1805//2630 1505//2630
f  1505//2630 1805//2630 1804//2630
f  1505//2631 1804//2631 1506//2631
f  1506//2631 1804//2631 1881//2631
f  1506//2632 1881//2632 1515//2632
f  1515//2632 1881//2632 1882//2632
f  1515//2633 1882//2633 1517//2633
f  1517//2633 1882//2633 1883//2633
f  1517//2634 1883//2634 1519//2634
f  1519//2634 1883//2634 1884//2634
f  1519//2635 1884//2635 1520//2635
f  1520//2635 1884//2635 1885//2635
f  1520//2636 1885//2636 1558//2636
f  1558//2636 1885//2636 1851//2636
f  1558//2616 1851//2616 1559//2616
f  1559//2616 1851//2616 1850//2616
f  1559//2637 1850//2637 1591//2637
f  1591//2637 1850//2637 1849//2637
f  1591//2638 1849//2638 1592//2638
f  1592//2638 1849//2638 1848//2638
f  1592//2639 1848//2639 1593//2639
f  1593//2639 1848//2639 1847//2639
f  1593//2640 1847//2640 1577//2640
f  1577//2640 1847//2640 1846//2640
f  1577//2641 1846//2641 1679//2641
f  1679//2641 1846//2641 1843//2641
f  1679//2642 1843//2642 1680//2642
f  1680//2642 1843//2642 1844//2642
f  1680//2643 1844//2643 1681//2643
f  1681//2643 1844//2643 1845//2643
f  1681//2644 1845//2644 1677//2644
f  1677//2644 1845//2644 1907//2644
f  1677//2645 1907//2645 1645//2645
f  1645//2645 1907//2645 1908//2645
f  1645//2646 1908//2646 1646//2646
f  1646//2646 1908//2646 1876//2646
f  1646//2647 1876//2647 1647//2647
f  1647//2647 1876//2647 1875//2647
f  1647//2648 1875//2648 1578//2648
f  1578//2648 1875//2648 1874//2648
f  1578//2649 1874//2649 1579//2649
f  1579//2649 1874//2649 1842//2649
f  1579//2650 1842//2650 1580//2650
f  1580//2650 1842//2650 1841//2650
f  1580//2651 1841//2651 1547//2651
f  1547//2651 1841//2651 1839//2651
f  1547//2652 1839//2652 1524//2652
f  1524//2652 1839//2652 1770//2652
f  1524//2653 1770//2653 1522//2653
f  1522//2653 1770//2653 1789//2653
f  1522//2654 1789//2654 1510//2654
f  1510//2654 1789//2654 1788//2654
f  1598//2655 1784//2655 1682//2655
f  1682//2655 1784//2655 1783//2655
f  1682//2656 1783//2656 1683//2656
f  1683//2656 1783//2656 1856//2656
f  1683//2657 1856//2657 1685//2657
f  1685//2657 1856//2657 1858//2657
f  1685//2658 1858//2658 1655//2658
f  1655//2658 1858//2658 1860//2658
f  1655//2623 1860//2623 1654//2623
f  1654//2623 1860//2623 1886//2623
f  1654//2659 1886//2659 1653//2659
f  1653//2659 1886//2659 1767//2659
f  1653//2625 1767//2625 1656//2625
f  1656//2625 1767//2625 1766//2625
f  1656//2626 1766//2626 1657//2626
f  1657//2626 1766//2626 1772//2626
f  1657//2627 1772//2627 1617//2627
f  1617//2627 1772//2627 1782//2627
f  1617//2660 1782//2660 1615//2660
f  1615//2660 1782//2660 1765//2660
f  1615//2661 1765//2661 1564//2661
f  1564//2661 1765//2661 1764//2661
f  1564//2630 1764//2630 1565//2630
f  1565//2630 1764//2630 1828//2630
f  1565//2662 1828//2662 1599//2662
f  1599//2662 1828//2662 1827//2662
f  1599//2663 1827//2663 1600//2663
f  1600//2663 1827//2663 1810//2663
f  1600//2664 1810//2664 1570//2664
f  1570//2664 1810//2664 1809//2664
f  1570//2634 1809//2634 1569//2634
f  1569//2634 1809//2634 1826//2634
f  1569//2635 1826//2635 1567//2635
f  1567//2635 1826//2635 1825//2635
f  1567//2636 1825//2636 1512//2636
f  1512//2636 1825//2636 1808//2636
f  1512//2616 1808//2616 1504//2616
f  1504//2616 1808//2616 1807//2616
f  1504//2637 1807//2637 1582//2637
f  1582//2637 1807//2637 1806//2637
f  1582//2638 1806//2638 1583//2638
f  1583//2638 1806//2638 1763//2638
f  1583//2639 1763//2639 1550//2639
f  1550//2639 1763//2639 1762//2639
f  1550//2665 1762//2665 1584//2665
f  1584//2665 1762//2665 1771//2665
f  1584//2666 1771//2666 1561//2666
f  1561//2666 1771//2666 1803//2666
f  1561//2642 1803//2642 1562//2642
f  1562//2642 1803//2642 1780//2642
f  1562//2643 1780//2643 1563//2643
f  1563//2643 1780//2643 1779//2643
f  1563//2667 1779//2667 1594//2667
f  1594//2667 1779//2667 1855//2667
f  1594//2645 1855//2645 1595//2645
f  1595//2645 1855//2645 1778//2645
f  1595//2668 1778//2668 1596//2668
f  1596//2668 1778//2668 1777//2668
f  1596//2647 1777//2647 1612//2647
f  1612//2647 1777//2647 1776//2647
f  1612//2669 1776//2669 1613//2669
f  1613//2669 1776//2669 1775//2669
f  1613//2670 1775//2670 1614//2670
f  1614//2670 1775//2670 1774//2670
f  1614//2650 1774//2650 1663//2650
f  1663//2650 1774//2650 1773//2650
f  1663//2671 1773//2671 1664//2671
f  1664//2671 1773//2671 1760//2671
f  1664//2672 1760//2672 1665//2672
f  1665//2672 1760//2672 1759//2672
f  1665//2673 1759//2673 1597//2673
f  1597//2673 1759//2673 1812//2673
f  1597//2674 1812//2674 1598//2674
f  1598//2674 1812//2674 1784//2674
f  1838//2636 1840//2636 1536//2636
f  1536//2675 1840//2675 1904//2675
f  1536//2676 1904//2676 1530//2676
f  1530//2677 1904//2677 1903//2677
f  1530//2637 1903//2637 1623//2637
f  1623//2637 1903//2637 1902//2637
f  1623//2638 1902//2638 1622//2638
f  1622//2638 1902//2638 1877//2638
f  1622//2639 1877//2639 1620//2639
f  1620//2639 1877//2639 1878//2639
f  1620//2640 1878//2640 1619//2640
f  1619//2640 1878//2640 1879//2640
f  1619//2641 1879//2641 1668//2641
f  1668//2641 1879//2641 1880//2641
f  1668//2642 1880//2642 1533//2642
f  1533//2642 1880//2642 1911//2642
f  1533//2643 1911//2643 1590//2643
f  1590//2643 1911//2643 1912//2643
f  1590//2644 1912//2644 1553//2644
f  1553//2644 1912//2644 1870//2644
f  1553//2645 1870//2645 1554//2645
f  1554//2645 1870//2645 1869//2645
f  1554//2646 1869//2646 1674//2646
f  1674//2646 1869//2646 1868//2646
f  1674//2647 1868//2647 1675//2647
f  1675//2647 1868//2647 1837//2647
f  1675//2648 1837//2648 1676//2648
f  1676//2648 1837//2648 1836//2648
f  1676//2649 1836//2649 1541//2649
f  1541//2649 1836//2649 1835//2649
f  1541//2650 1835//2650 1542//2650
f  1542//2650 1835//2650 1745//2650
f  1542//2678 1745//2678 1556//2678
f  1556//2678 1745//2678 1744//2678
f  1556//2652 1744//2652 1557//2652
f  1557//2652 1744//2652 1751//2652
f  1557//2653 1751//2653 1543//2653
f  1543//2653 1751//2653 1753//2653
f  1543//2654 1753//2654 1544//2654
f  1544//2654 1753//2654 1793//2654
f  1544//2619 1793//2619 1545//2619
f  1545//2619 1793//2619 1824//2619
f  1545//2620 1824//2620 1546//2620
f  1546//2620 1824//2620 1823//2620
f  1546//2621 1823//2621 1678//2621
f  1678//2621 1823//2621 1822//2621
f  1678//2679 1822//2679 1660//2679
f  1660//2679 1822//2679 1790//2679
f  1660//2623 1790//2623 1661//2623
f  1661//2623 1790//2623 1791//2623
f  1661//2624 1791//2624 1662//2624
f  1662//2624 1791//2624 1792//2624
f  1662//2625 1792//2625 1650//2625
f  1650//2625 1792//2625 1830//2625
f  1650//2626 1830//2626 1649//2626
f  1649//2626 1830//2626 1829//2626
f  1649//2627 1829//2627 1648//2627
f  1648//2627 1829//2627 1815//2627
f  1648//2628 1815//2628 1651//2628
f  1651//2628 1815//2628 1814//2628
f  1651//2629 1814//2629 1652//2629
f  1652//2629 1814//2629 1813//2629
f  1652//2630 1813//2630 1605//2630
f  1605//2630 1813//2630 1787//2630
f  1605//2631 1787//2631 1607//2631
f  1607//2631 1787//2631 1786//2631
f  1607//2632 1786//2632 1609//2632
f  1609//2632 1786//2632 1785//2632
f  1609//2633 1785//2633 1610//2633
f  1610//2633 1785//2633 1769//2633
f  1610//2634 1769//2634 1611//2634
f  1611//2634 1769//2634 1768//2634
f  1611//2635 1768//2635 1535//2635
f  1535//2635 1768//2635 1838//2635
f  1535//2636 1838//2636 1536//2636
f  1752//2636 1746//2636 1624//2636
f  1624//2675 1746//2675 1906//2675
f  1624//2680 1906//2680 1625//2680
f  1625//2677 1906//2677 1905//2677
f  1625//2637 1905//2637 1627//2637
f  1627//2637 1905//2637 1873//2637
f  1627//2638 1873//2638 1629//2638
f  1629//2638 1873//2638 1872//2638
f  1629//2639 1872//2639 1630//2639
f  1630//2639 1872//2639 1871//2639
f  1630//2665 1871//2665 1631//2665
f  1631//2665 1871//2665 1865//2665
f  1631//2666 1865//2666 1632//2666
f  1632//2666 1865//2666 1866//2666
f  1632//2681 1866//2681 1633//2681
f  1633//2681 1866//2681 1867//2681
f  1633//2643 1867//2643 1671//2643
f  1671//2643 1867//2643 1901//2643
f  1671//2667 1901//2667 1672//2667
f  1672//2667 1901//2667 1900//2667
f  1672//2682 1900//2682 1673//2682
f  1673//2682 1900//2682 1899//2682
f  1673//2646 1899//2646 1637//2646
f  1637//2646 1899//2646 1890//2646
f  1637//2647 1890//2647 1636//2647
f  1636//2647 1890//2647 1889//2647
f  1636//2648 1889//2648 1634//2648
f  1634//2648 1889//2648 1888//2648
f  1634//2683 1888//2683 1641//2683
f  1641//2683 1888//2683 1817//2683
f  1641//2650 1817//2650 1642//2650
f  1642//2650 1817//2650 1816//2650
f  1642//2671 1816//2671 1587//2671
f  1587//2671 1816//2671 1834//2671
f  1587//2684 1834//2684 1588//2684
f  1588//2684 1834//2684 1832//2684
f  1588//2673 1832//2673 1658//2673
f  1658//2673 1832//2673 1831//2673
f  1658//2674 1831//2674 1659//2674
f  1659//2674 1831//2674 1799//2674
f  1659//2655 1799//2655 1555//2655
f  1555//2655 1799//2655 1798//2655
f  1555//2656 1798//2656 1537//2656
f  1537//2656 1798//2656 1797//2656
f  1537//2685 1797//2685 1531//2685
f  1531//2685 1797//2685 1796//2685
f  1531//2658 1796//2658 1532//2658
f  1532//2658 1796//2658 1795//2658
f  1532//2623 1795//2623 1601//2623
f  1601//2623 1795//2623 1794//2623
f  1601//2686 1794//2686 1602//2686
f  1602//2686 1794//2686 1821//2686
f  1602//2687 1821//2687 1603//2687
f  1603//2687 1821//2687 1820//2687
f  1603//2626 1820//2626 1666//2626
f  1666//2626 1820//2626 1819//2626
f  1666//2688 1819//2688 1667//2688
f  1667//2688 1819//2688 1854//2688
f  1667//2628 1854//2628 1669//2628
f  1669//2628 1854//2628 1853//2628
f  1669//2661 1853//2661 1670//2661
f  1670//2661 1853//2661 1852//2661
f  1670//2630 1852//2630 1618//2630
f  1618//2630 1852//2630 1758//2630
f  1618//2631 1758//2631 1571//2631
f  1571//2631 1758//2631 1757//2631
f  1571//2663 1757//2663 1538//2663
f  1538//2663 1757//2663 1756//2663
f  1538//2664 1756//2664 1539//2664
f  1539//2664 1756//2664 1755//2664
f  1539//2634 1755//2634 1572//2634
f  1572//2634 1755//2634 1754//2634
f  1572//2635 1754//2635 1573//2635
f  1573//2635 1754//2635 1752//2635
f  1573//2636 1752//2636 1624//2636
f  1696//2689 1697//2689 1913//2689
f  1707//2690 1706//2690 1914//2690
f  1705//2691 1704//2691 1915//2691
f  1703//2692 1702//2692 1916//2692
f  1700//2693 1699//2693 1917//2693
f  1712//2694 1711//2694 1918//2694
f  1710//2695 1709//2695 1919//2695
f  1720//2696 1719//2696 1920//2696
f  1718//2697 1717//2697 1921//2697
f  1716//2698 1715//2698 1922//2698
f  1713//2699 1722//2699 1923//2699
f  1568//2700 1513//2700 1735//2700
f  1735//2700 1513//2700 1924//2700
f  1735//2701 1924//2701 1736//2701
f  1736//2701 1924//2701 1925//2701
f  1736//2702 1925//2702 1737//2702
f  1737//2702 1925//2702 1926//2702
f  1737//2703 1926//2703 1738//2703
f  1738//2703 1926//2703 1927//2703
f  1738//2704 1927//2704 1739//2704
f  1739//2705 1927//2705 1928//2705
f  1739//2706 1928//2706 1740//2706
f  1740//2707 1928//2707 1929//2707
f  1740//2708 1929//2708 1732//2708
f  1732//2708 1929//2708 1930//2708
f  1732//2709 1930//2709 1733//2709
f  1733//2710 1930//2710 1931//2710
f  1733//2711 1931//2711 1734//2711
f  1734//2712 1931//2712 1923//2712
f  1734//2713 1923//2713 1721//2713
f  1721//2714 1923//2714 1722//2714
f  1714//2715 1713//2715 1932//2715
f  1932//2716 1713//2716 1923//2716
f  1932//2717 1923//2717 1933//2717
f  1933//2717 1923//2717 1931//2717
f  1933//2718 1931//2718 1934//2718
f  1934//2718 1931//2718 1930//2718
f  1934//2719 1930//2719 1935//2719
f  1935//2719 1930//2719 1929//2719
f  1935//2720 1929//2720 1936//2720
f  1936//2720 1929//2720 1928//2720
f  1936//2721 1928//2721 1937//2721
f  1937//2721 1928//2721 1927//2721
f  1937//2722 1927//2722 1938//2722
f  1938//2722 1927//2722 1926//2722
f  1938//2723 1926//2723 1939//2723
f  1939//2724 1926//2724 1925//2724
f  1939//2725 1925//2725 1940//2725
f  1940//2725 1925//2725 1924//2725
f  1940//2726 1924//2726 1514//2726
f  1514//2726 1924//2726 1513//2726
f  1514//2727 1516//2727 1940//2727
f  1940//2727 1516//2727 1941//2727
f  1940//2728 1941//2728 1939//2728
f  1939//2728 1941//2728 1942//2728
f  1939//2729 1942//2729 1938//2729
f  1938//2729 1942//2729 1943//2729
f  1938//2730 1943//2730 1937//2730
f  1937//2730 1943//2730 1944//2730
f  1937//2731 1944//2731 1936//2731
f  1936//2731 1944//2731 1945//2731
f  1936//2732 1945//2732 1935//2732
f  1935//2733 1945//2733 1946//2733
f  1935//2734 1946//2734 1934//2734
f  1934//2734 1946//2734 1947//2734
f  1934//2735 1947//2735 1933//2735
f  1933//2736 1947//2736 1948//2736
f  1933//2737 1948//2737 1932//2737
f  1932//2738 1948//2738 1922//2738
f  1932//2739 1922//2739 1714//2739
f  1714//2739 1922//2739 1715//2739
f  1516//2740 1518//2740 1941//2740
f  1941//2740 1518//2740 1949//2740
f  1941//2741 1949//2741 1942//2741
f  1942//2741 1949//2741 1950//2741
f  1942//2742 1950//2742 1943//2742
f  1943//2742 1950//2742 1951//2742
f  1943//2743 1951//2743 1944//2743
f  1944//2744 1951//2744 1952//2744
f  1944//2745 1952//2745 1945//2745
f  1945//2745 1952//2745 1953//2745
f  1945//2746 1953//2746 1946//2746
f  1946//2747 1953//2747 1954//2747
f  1946//2748 1954//2748 1947//2748
f  1947//2748 1954//2748 1955//2748
f  1947//2749 1955//2749 1948//2749
f  1948//2750 1955//2750 1956//2750
f  1948//2751 1956//2751 1922//2751
f  1922//2751 1956//2751 1921//2751
f  1922//2752 1921//2752 1716//2752
f  1716//2753 1921//2753 1717//2753
f  1518//2754 1521//2754 1949//2754
f  1949//2754 1521//2754 1957//2754
f  1949//2755 1957//2755 1950//2755
f  1950//2755 1957//2755 1958//2755
f  1950//2756 1958//2756 1951//2756
f  1951//2756 1958//2756 1959//2756
f  1951//2757 1959//2757 1952//2757
f  1952//2758 1959//2758 1960//2758
f  1952//2759 1960//2759 1953//2759
f  1953//2759 1960//2759 1961//2759
f  1953//2760 1961//2760 1954//2760
f  1954//2760 1961//2760 1962//2760
f  1954//2761 1962//2761 1955//2761
f  1955//2761 1962//2761 1963//2761
f  1955//2762 1963//2762 1956//2762
f  1956//2763 1963//2763 1964//2763
f  1956//2764 1964//2764 1921//2764
f  1921//2765 1964//2765 1920//2765
f  1921//2766 1920//2766 1718//2766
f  1718//2767 1920//2767 1719//2767
f  1708//2768 1720//2768 1965//2768
f  1965//2769 1720//2769 1920//2769
f  1965//2770 1920//2770 1966//2770
f  1966//2771 1920//2771 1964//2771
f  1966//2772 1964//2772 1967//2772
f  1967//2773 1964//2773 1963//2773
f  1967//2774 1963//2774 1968//2774
f  1968//2774 1963//2774 1962//2774
f  1968//2775 1962//2775 1969//2775
f  1969//2775 1962//2775 1961//2775
f  1969//2776 1961//2776 1970//2776
f  1970//2776 1961//2776 1960//2776
f  1970//2777 1960//2777 1971//2777
f  1971//2778 1960//2778 1959//2778
f  1971//2779 1959//2779 1972//2779
f  1972//2779 1959//2779 1958//2779
f  1972//2780 1958//2780 1973//2780
f  1973//2781 1958//2781 1957//2781
f  1973//2782 1957//2782 1560//2782
f  1560//2782 1957//2782 1521//2782
f  1560//2783 1576//2783 1973//2783
f  1973//2783 1576//2783 1974//2783
f  1973//2784 1974//2784 1972//2784
f  1972//2784 1974//2784 1975//2784
f  1972//2785 1975//2785 1971//2785
f  1971//2785 1975//2785 1976//2785
f  1971//2786 1976//2786 1970//2786
f  1970//2787 1976//2787 1977//2787
f  1970//2788 1977//2788 1969//2788
f  1969//2789 1977//2789 1978//2789
f  1969//2790 1978//2790 1968//2790
f  1968//2790 1978//2790 1979//2790
f  1968//2791 1979//2791 1967//2791
f  1967//2791 1979//2791 1980//2791
f  1967//2792 1980//2792 1966//2792
f  1966//2792 1980//2792 1981//2792
f  1966//2793 1981//2793 1965//2793
f  1965//2794 1981//2794 1919//2794
f  1965//2795 1919//2795 1708//2795
f  1708//2795 1919//2795 1709//2795
f  1576//2796 1575//2796 1974//2796
f  1974//2796 1575//2796 1982//2796
f  1974//2797 1982//2797 1975//2797
f  1975//2797 1982//2797 1983//2797
f  1975//2798 1983//2798 1976//2798
f  1976//2798 1983//2798 1984//2798
f  1976//2799 1984//2799 1977//2799
f  1977//2799 1984//2799 1985//2799
f  1977//2800 1985//2800 1978//2800
f  1978//2800 1985//2800 1986//2800
f  1978//2801 1986//2801 1979//2801
f  1979//2802 1986//2802 1987//2802
f  1979//2803 1987//2803 1980//2803
f  1980//2803 1987//2803 1988//2803
f  1980//2804 1988//2804 1981//2804
f  1981//2805 1988//2805 1989//2805
f  1981//2806 1989//2806 1919//2806
f  1919//2806 1989//2806 1918//2806
f  1919//2807 1918//2807 1710//2807
f  1710//2808 1918//2808 1711//2808
f  1699//2809 1712//2809 1917//2809
f  1917//2810 1712//2810 1918//2810
f  1917//2811 1918//2811 1990//2811
f  1990//2811 1918//2811 1989//2811
f  1990//2812 1989//2812 1991//2812
f  1991//2812 1989//2812 1988//2812
f  1991//2813 1988//2813 1992//2813
f  1992//2813 1988//2813 1987//2813
f  1992//2814 1987//2814 1993//2814
f  1993//2814 1987//2814 1986//2814
f  1993//2815 1986//2815 1994//2815
f  1994//2815 1986//2815 1985//2815
f  1994//2816 1985//2816 1995//2816
f  1995//2816 1985//2816 1984//2816
f  1995//2817 1984//2817 1996//2817
f  1996//2817 1984//2817 1983//2817
f  1996//2818 1983//2818 1997//2818
f  1997//2818 1983//2818 1982//2818
f  1997//2819 1982//2819 1606//2819
f  1606//2819 1982//2819 1575//2819
f  1701//2820 1700//2820 1998//2820
f  1998//2821 1700//2821 1917//2821
f  1998//2822 1917//2822 1999//2822
f  1999//2822 1917//2822 1990//2822
f  1999//2823 1990//2823 2000//2823
f  2000//2824 1990//2824 1991//2824
f  2000//2825 1991//2825 2001//2825
f  2001//2825 1991//2825 1992//2825
f  2001//2826 1992//2826 2002//2826
f  2002//2827 1992//2827 1993//2827
f  2002//2828 1993//2828 2003//2828
f  2003//2828 1993//2828 1994//2828
f  2003//2829 1994//2829 2004//2829
f  2004//2829 1994//2829 1995//2829
f  2004//2830 1995//2830 2005//2830
f  2005//2830 1995//2830 1996//2830
f  2005//2831 1996//2831 2006//2831
f  2006//2831 1996//2831 1997//2831
f  2006//2832 1997//2832 1608//2832
f  1608//2832 1997//2832 1606//2832
f  1608//2833 1534//2833 2006//2833
f  2006//2833 1534//2833 2007//2833
f  2006//2834 2007//2834 2005//2834
f  2005//2834 2007//2834 2008//2834
f  2005//2835 2008//2835 2004//2835
f  2004//2835 2008//2835 2009//2835
f  2004//2836 2009//2836 2003//2836
f  2003//2837 2009//2837 2010//2837
f  2003//2838 2010//2838 2002//2838
f  2002//2839 2010//2839 2011//2839
f  2002//2840 2011//2840 2001//2840
f  2001//2840 2011//2840 2012//2840
f  2001//2841 2012//2841 2000//2841
f  2000//2841 2012//2841 2013//2841
f  2000//2842 2013//2842 1999//2842
f  1999//2842 2013//2842 2014//2842
f  1999//2843 2014//2843 1998//2843
f  1998//2844 2014//2844 1916//2844
f  1998//2845 1916//2845 1701//2845
f  1701//2845 1916//2845 1702//2845
f  1534//2846 1529//2846 2007//2846
f  2007//2846 1529//2846 2015//2846
f  2007//2847 2015//2847 2008//2847
f  2008//2848 2015//2848 2016//2848
f  2008//2849 2016//2849 2009//2849
f  2009//2849 2016//2849 2017//2849
f  2009//2850 2017//2850 2010//2850
f  2010//2851 2017//2851 2018//2851
f  2010//2852 2018//2852 2011//2852
f  2011//2852 2018//2852 2019//2852
f  2011//2853 2019//2853 2012//2853
f  2012//2853 2019//2853 2020//2853
f  2012//2854 2020//2854 2013//2854
f  2013//2854 2020//2854 2021//2854
f  2013//2855 2021//2855 2014//2855
f  2014//2856 2021//2856 2022//2856
f  2014//2857 2022//2857 1916//2857
f  1916//2858 2022//2858 1915//2858
f  1916//2859 1915//2859 1703//2859
f  1703//2860 1915//2860 1704//2860
f  1706//2861 1705//2861 1914//2861
f  1914//2862 1705//2862 1915//2862
f  1914//2863 1915//2863 2023//2863
f  2023//2864 1915//2864 2022//2864
f  2023//2865 2022//2865 2024//2865
f  2024//2866 2022//2866 2021//2866
f  2024//2867 2021//2867 2025//2867
f  2025//2867 2021//2867 2020//2867
f  2025//2868 2020//2868 2026//2868
f  2026//2868 2020//2868 2019//2868
f  2026//2869 2019//2869 2027//2869
f  2027//2869 2019//2869 2018//2869
f  2027//2870 2018//2870 2028//2870
f  2028//2871 2018//2871 2017//2871
f  2028//2872 2017//2872 2029//2872
f  2029//2872 2017//2872 2016//2872
f  2029//2873 2016//2873 2030//2873
f  2030//2873 2016//2873 2015//2873
f  2030//2874 2015//2874 1528//2874
f  1528//2874 2015//2874 1529//2874
f  1698//2875 1707//2875 2031//2875
f  2031//2876 1707//2876 1914//2876
f  2031//2877 1914//2877 2032//2877
f  2032//2877 1914//2877 2023//2877
f  2032//2878 2023//2878 2033//2878
f  2033//2879 2023//2879 2024//2879
f  2033//2880 2024//2880 2034//2880
f  2034//2880 2024//2880 2025//2880
f  2034//2881 2025//2881 2035//2881
f  2035//2882 2025//2882 2026//2882
f  2035//2883 2026//2883 2036//2883
f  2036//2883 2026//2883 2027//2883
f  2036//2884 2027//2884 2037//2884
f  2037//2885 2027//2885 2028//2885
f  2037//2886 2028//2886 2038//2886
f  2038//2886 2028//2886 2029//2886
f  2038//2887 2029//2887 2039//2887
f  2039//2887 2029//2887 2030//2887
f  2039//2888 2030//2888 1621//2888
f  1621//2888 2030//2888 1528//2888
f  1621//2889 1540//2889 2039//2889
f  2039//2889 1540//2889 2040//2889
f  2039//2890 2040//2890 2038//2890
f  2038//2890 2040//2890 2041//2890
f  2038//2891 2041//2891 2037//2891
f  2037//2891 2041//2891 2042//2891
f  2037//2892 2042//2892 2036//2892
f  2036//2892 2042//2892 2043//2892
f  2036//2893 2043//2893 2035//2893
f  2035//2893 2043//2893 2044//2893
f  2035//2894 2044//2894 2034//2894
f  2034//2895 2044//2895 2045//2895
f  2034//2896 2045//2896 2033//2896
f  2033//2896 2045//2896 2046//2896
f  2033//2897 2046//2897 2032//2897
f  2032//2898 2046//2898 2047//2898
f  2032//2899 2047//2899 2031//2899
f  2031//2900 2047//2900 1913//2900
f  2031//2901 1913//2901 1698//2901
f  1698//2901 1913//2901 1697//2901
f  1540//2902 1574//2902 2040//2902
f  2040//2902 1574//2902 2048//2902
f  2040//2903 2048//2903 2041//2903
f  2041//2903 2048//2903 2049//2903
f  2041//2904 2049//2904 2042//2904
f  2042//2905 2049//2905 2050//2905
f  2042//2906 2050//2906 2043//2906
f  2043//2906 2050//2906 2051//2906
f  2043//2907 2051//2907 2044//2907
f  2044//2907 2051//2907 2052//2907
f  2044//2908 2052//2908 2045//2908
f  2045//2908 2052//2908 2053//2908
f  2045//2909 2053//2909 2046//2909
f  2046//2909 2053//2909 2054//2909
f  2046//2910 2054//2910 2047//2910
f  2047//2910 2054//2910 2055//2910
f  2047//2911 2055//2911 1913//2911
f  1913//2911 2055//2911 2056//2911
f  1913//2912 2056//2912 1696//2912
f  1696//2913 2056//2913 1694//2913
f  1574//2914 1626//2914 2048//2914
f  2048//2914 1626//2914 1729//2914
f  2048//2915 1729//2915 2049//2915
f  2049//2915 1729//2915 1725//2915
f  2049//2916 1725//2916 2050//2916
f  2050//2916 1725//2916 1724//2916
f  2050//2917 1724//2917 2051//2917
f  2051//2917 1724//2917 1731//2917
f  2051//2918 1731//2918 2052//2918
f  2052//2919 1731//2919 1730//2919
f  2052//2920 1730//2920 2053//2920
f  2053//2921 1730//2921 1728//2921
f  2053//2922 1728//2922 2054//2922
f  2054//2922 1728//2922 1727//2922
f  2054//2923 1727//2923 2055//2923
f  2055//2924 1727//2924 1726//2924
f  2055//2925 1726//2925 2056//2925
f  2056//2926 1726//2926 1723//2926
f  2056//2927 1723//2927 1694//2927
f  1694//2928 1723//2928 1695//2928
f  40//2929 38//2929 2057//2929
f  36//2930 33//2930 2058//2930
f  29//2931 25//2931 2059//2931
f  18//2932 20//2932 2060//2932
f  10//2933 11//2933 2061//2933
f  199//2934 198//2934 2062//2934
f  193//2935 195//2935 2063//2935
f  196//2936 191//2936 2064//2936
f  187//2937 186//2937 2065//2937
f  184//2938 182//2938 2066//2938
f  177//2939 179//2939 2067//2939
f  180//2940 175//2940 2068//2940
f  171//2941 170//2941 2069//2941
f  168//2942 166//2942 2070//2942
f  161//2943 163//2943 2071//2943
f  164//2944 159//2944 2072//2944
f  155//2945 154//2945 2073//2945
f  152//2946 150//2946 2074//2946
f  145//2947 147//2947 2075//2947
f  148//2948 143//2948 2076//2948
f  139//2949 138//2949 2077//2949
f  136//2950 134//2950 2078//2950
f  129//2951 131//2951 2079//2951
f  132//2952 127//2952 2080//2952
f  123//2953 122//2953 2081//2953
f  120//2954 118//2954 2082//2954
f  113//2955 115//2955 2083//2955
f  116//2956 111//2956 2084//2956
f  107//2957 106//2957 2085//2957
f  104//2958 102//2958 2086//2958
f  97//2959 99//2959 2087//2959
f  100//2960 95//2960 2088//2960
f  91//2961 90//2961 2089//2961
f  88//2962 86//2962 2090//2962
f  80//2963 82//2963 2091//2963
f  3//2964 4//2964 2092//2964
f  64//2965 63//2965 2093//2965
f  67//2966 57//2966 2094//2966
f  50//2967 52//2967 2095//2967
f  54//2968 47//2968 2096//2968
f  332//2969 331//2969 2097//2969
f  2097//2969 331//2969 2098//2969
f  2097//2970 2098//2970 2099//2970
f  2099//2970 2098//2970 2100//2970
f  2099//2971 2100//2971 2101//2971
f  2101//2971 2100//2971 2102//2971
f  2101//2972 2102//2972 2103//2972
f  2103//2972 2102//2972 2104//2972
f  2103//2973 2104//2973 2105//2973
f  2105//2973 2104//2973 2106//2973
f  2105//2974 2106//2974 2107//2974
f  2107//2974 2106//2974 2108//2974
f  2107//2975 2108//2975 2109//2975
f  2109//2975 2108//2975 2110//2975
f  2109//2976 2110//2976 2111//2976
f  2111//2977 2110//2977 2112//2977
f  2111//2978 2112//2978 2113//2978
f  2113//2978 2112//2978 2096//2978
f  2113//2979 2096//2979 45//2979
f  45//2979 2096//2979 47//2979
f  331//2980 357//2980 2098//2980
f  2098//2980 357//2980 2114//2980
f  2098//2981 2114//2981 2100//2981
f  2100//2981 2114//2981 2115//2981
f  2100//2982 2115//2982 2102//2982
f  2102//2982 2115//2982 2116//2982
f  2102//2983 2116//2983 2104//2983
f  2104//2983 2116//2983 2117//2983
f  2104//2984 2117//2984 2106//2984
f  2106//2984 2117//2984 2118//2984
f  2106//2985 2118//2985 2108//2985
f  2108//2985 2118//2985 2119//2985
f  2108//2986 2119//2986 2110//2986
f  2110//2986 2119//2986 2120//2986
f  2110//2987 2120//2987 2112//2987
f  2112//2987 2120//2987 2121//2987
f  2112//2988 2121//2988 2096//2988
f  2096//2988 2121//2988 2095//2988
f  2096//2989 2095//2989 54//2989
f  54//2990 2095//2990 52//2990
f  59//2991 50//2991 2122//2991
f  2122//2992 50//2992 2095//2992
f  2122//2993 2095//2993 2123//2993
f  2123//2993 2095//2993 2121//2993
f  2123//2994 2121//2994 2124//2994
f  2124//2994 2121//2994 2120//2994
f  2124//2995 2120//2995 2125//2995
f  2125//2995 2120//2995 2119//2995
f  2125//2996 2119//2996 2126//2996
f  2126//2997 2119//2997 2118//2997
f  2126//2998 2118//2998 2127//2998
f  2127//2999 2118//2999 2117//2999
f  2127//3000 2117//3000 2128//3000
f  2128//3000 2117//3000 2116//3000
f  2128//3001 2116//3001 2129//3001
f  2129//3001 2116//3001 2115//3001
f  2129//3002 2115//3002 2130//3002
f  2130//3002 2115//3002 2114//3002
f  2130//3003 2114//3003 356//3003
f  356//3003 2114//3003 357//3003
f  356//3004 355//3004 2130//3004
f  2130//3004 355//3004 2131//3004
f  2130//3005 2131//3005 2129//3005
f  2129//3005 2131//3005 2132//3005
f  2129//3006 2132//3006 2128//3006
f  2128//3006 2132//3006 2133//3006
f  2128//3007 2133//3007 2127//3007
f  2127//3007 2133//3007 2134//3007
f  2127//3008 2134//3008 2126//3008
f  2126//3008 2134//3008 2135//3008
f  2126//3009 2135//3009 2125//3009
f  2125//3009 2135//3009 2136//3009
f  2125//3010 2136//3010 2124//3010
f  2124//3011 2136//3011 2137//3011
f  2124//3012 2137//3012 2123//3012
f  2123//3012 2137//3012 2138//3012
f  2123//3013 2138//3013 2122//3013
f  2122//3013 2138//3013 2094//3013
f  2122//3014 2094//3014 59//3014
f  59//3014 2094//3014 57//3014
f  355//3015 354//3015 2131//3015
f  2131//3015 354//3015 2139//3015
f  2131//3016 2139//3016 2132//3016
f  2132//3016 2139//3016 2140//3016
f  2132//3017 2140//3017 2133//3017
f  2133//3017 2140//3017 2141//3017
f  2133//3018 2141//3018 2134//3018
f  2134//3019 2141//3019 2142//3019
f  2134//3020 2142//3020 2135//3020
f  2135//3021 2142//3021 2143//3021
f  2135//3022 2143//3022 2136//3022
f  2136//3022 2143//3022 2144//3022
f  2136//3023 2144//3023 2137//3023
f  2137//3023 2144//3023 2145//3023
f  2137//3024 2145//3024 2138//3024
f  2138//3024 2145//3024 2146//3024
f  2138//3025 2146//3025 2094//3025
f  2094//3025 2146//3025 2093//3025
f  2094//3026 2093//3026 67//3026
f  67//3027 2093//3027 63//3027
f  72//3028 64//3028 2147//3028
f  2147//3029 64//3029 2093//3029
f  2147//3030 2093//3030 2148//3030
f  2148//3030 2093//3030 2146//3030
f  2148//3031 2146//3031 2149//3031
f  2149//3031 2146//3031 2145//3031
f  2149//3032 2145//3032 2150//3032
f  2150//3032 2145//3032 2144//3032
f  2150//3033 2144//3033 2151//3033
f  2151//3033 2144//3033 2143//3033
f  2151//3034 2143//3034 2152//3034
f  2152//3035 2143//3035 2142//3035
f  2152//3036 2142//3036 2153//3036
f  2153//3037 2142//3037 2141//3037
f  2153//3038 2141//3038 2154//3038
f  2154//3038 2141//3038 2140//3038
f  2154//3039 2140//3039 2155//3039
f  2155//3039 2140//3039 2139//3039
f  2155//3040 2139//3040 344//3040
f  344//3040 2139//3040 354//3040
f  344//3041 343//3041 2155//3041
f  2155//3041 343//3041 2156//3041
f  2155//3042 2156//3042 2154//3042
f  2154//3042 2156//3042 2157//3042
f  2154//3043 2157//3043 2153//3043
f  2153//3043 2157//3043 2158//3043
f  2153//3044 2158//3044 2152//3044
f  2152//3045 2158//3045 2159//3045
f  2152//3046 2159//3046 2151//3046
f  2151//3046 2159//3046 2160//3046
f  2151//3047 2160//3047 2150//3047
f  2150//3047 2160//3047 2161//3047
f  2150//3048 2161//3048 2149//3048
f  2149//3049 2161//3049 2162//3049
f  2149//3050 2162//3050 2148//3050
f  2148//3051 2162//3051 2163//3051
f  2148//3052 2163//3052 2147//3052
f  2147//3053 2163//3053 2164//3053
f  2147//3054 2164//3054 72//3054
f  72//3054 2164//3054 70//3054
f  343//3055 377//3055 2156//3055
f  2156//3055 377//3055 2165//3055
f  2156//3056 2165//3056 2157//3056
f  2157//3056 2165//3056 2166//3056
f  2157//3057 2166//3057 2158//3057
f  2158//3057 2166//3057 2167//3057
f  2158//3058 2167//3058 2159//3058
f  2159//3058 2167//3058 2168//3058
f  2159//3059 2168//3059 2160//3059
f  2160//3060 2168//3060 2169//3060
f  2160//3061 2169//3061 2161//3061
f  2161//3061 2169//3061 2170//3061
f  2161//3062 2170//3062 2162//3062
f  2162//3063 2170//3063 2171//3063
f  2162//3064 2171//3064 2163//3064
f  2163//3064 2171//3064 2172//3064
f  2163//3065 2172//3065 2164//3065
f  2164//3065 2172//3065 2092//3065
f  2164//3066 2092//3066 70//3066
f  70//3066 2092//3066 4//3066
f  377//3067 376//3067 2165//3067
f  2165//3067 376//3067 2173//3067
f  2165//3068 2173//3068 2166//3068
f  2166//3068 2173//3068 2174//3068
f  2166//3069 2174//3069 2167//3069
f  2167//3070 2174//3070 2175//3070
f  2167//3071 2175//3071 2168//3071
f  2168//3072 2175//3072 2176//3072
f  2168//3073 2176//3073 2169//3073
f  2169//3073 2176//3073 2177//3073
f  2169//3074 2177//3074 2170//3074
f  2170//3074 2177//3074 2178//3074
f  2170//3075 2178//3075 2171//3075
f  2171//3075 2178//3075 2179//3075
f  2171//3076 2179//3076 2172//3076
f  2172//3077 2179//3077 2180//3077
f  2172//3078 2180//3078 2092//3078
f  2092//3078 2180//3078 2091//3078
f  2092//3079 2091//3079 3//3079
f  3//3080 2091//3080 82//3080
f  85//3081 80//3081 2181//3081
f  2181//3082 80//3082 2091//3082
f  2181//3083 2091//3083 2182//3083
f  2182//3083 2091//3083 2180//3083
f  2182//3084 2180//3084 2183//3084
f  2183//3085 2180//3085 2179//3085
f  2183//3086 2179//3086 2184//3086
f  2184//3087 2179//3087 2178//3087
f  2184//3088 2178//3088 2185//3088
f  2185//3088 2178//3088 2177//3088
f  2185//3089 2177//3089 2186//3089
f  2186//3089 2177//3089 2176//3089
f  2186//3090 2176//3090 2187//3090
f  2187//3091 2176//3091 2175//3091
f  2187//3092 2175//3092 2188//3092
f  2188//3093 2175//3093 2174//3093
f  2188//3094 2174//3094 2189//3094
f  2189//3094 2174//3094 2173//3094
f  2189//3095 2173//3095 375//3095
f  375//3095 2173//3095 376//3095
f  375//3096 374//3096 2189//3096
f  2189//3097 374//3097 2190//3097
f  2189//3098 2190//3098 2188//3098
f  2188//3098 2190//3098 2191//3098
f  2188//3099 2191//3099 2187//3099
f  2187//3100 2191//3100 2192//3100
f  2187//3101 2192//3101 2186//3101
f  2186//3101 2192//3101 2193//3101
f  2186//3102 2193//3102 2185//3102
f  2185//3102 2193//3102 2194//3102
f  2185//3103 2194//3103 2184//3103
f  2184//3103 2194//3103 2195//3103
f  2184//3104 2195//3104 2183//3104
f  2183//3104 2195//3104 2196//3104
f  2183//3105 2196//3105 2182//3105
f  2182//3105 2196//3105 2197//3105
f  2182//3106 2197//3106 2181//3106
f  2181//3107 2197//3107 2090//3107
f  2181//3108 2090//3108 85//3108
f  85//3109 2090//3109 86//3109
f  374//3110 400//3110 2190//3110
f  2190//3110 400//3110 2198//3110
f  2190//3111 2198//3111 2191//3111
f  2191//3111 2198//3111 2199//3111
f  2191//3112 2199//3112 2192//3112
f  2192//3112 2199//3112 2200//3112
f  2192//3113 2200//3113 2193//3113
f  2193//3114 2200//3114 2201//3114
f  2193//3115 2201//3115 2194//3115
f  2194//3115 2201//3115 2202//3115
f  2194//3116 2202//3116 2195//3116
f  2195//3117 2202//3117 2203//3117
f  2195//3118 2203//3118 2196//3118
f  2196//3119 2203//3119 2204//3119
f  2196//3120 2204//3120 2197//3120
f  2197//3120 2204//3120 2205//3120
f  2197//3121 2205//3121 2090//3121
f  2090//3122 2205//3122 2089//3122
f  2090//3123 2089//3123 88//3123
f  88//3124 2089//3124 90//3124
f  92//3125 91//3125 2206//3125
f  2206//3126 91//3126 2089//3126
f  2206//3127 2089//3127 2207//3127
f  2207//3128 2089//3128 2205//3128
f  2207//3129 2205//3129 2208//3129
f  2208//3130 2205//3130 2204//3130
f  2208//3131 2204//3131 2209//3131
f  2209//3131 2204//3131 2203//3131
f  2209//3132 2203//3132 2210//3132
f  2210//3132 2203//3132 2202//3132
f  2210//3133 2202//3133 2211//3133
f  2211//3133 2202//3133 2201//3133
f  2211//3134 2201//3134 2212//3134
f  2212//3135 2201//3135 2200//3135
f  2212//3136 2200//3136 2213//3136
f  2213//3137 2200//3137 2199//3137
f  2213//3138 2199//3138 2214//3138
f  2214//3138 2199//3138 2198//3138
f  2214//3139 2198//3139 399//3139
f  399//3139 2198//3139 400//3139
f  399//3140 398//3140 2214//3140
f  2214//3140 398//3140 2215//3140
f  2214//3141 2215//3141 2213//3141
f  2213//3141 2215//3141 2216//3141
f  2213//3142 2216//3142 2212//3142
f  2212//3143 2216//3143 2217//3143
f  2212//3144 2217//3144 2211//3144
f  2211//3145 2217//3145 2218//3145
f  2211//3146 2218//3146 2210//3146
f  2210//3147 2218//3147 2219//3147
f  2210//3148 2219//3148 2209//3148
f  2209//3149 2219//3149 2220//3149
f  2209//3150 2220//3150 2208//3150
f  2208//3150 2220//3150 2221//3150
f  2208//3151 2221//3151 2207//3151
f  2207//3152 2221//3152 2222//3152
f  2207//3153 2222//3153 2206//3153
f  2206//3154 2222//3154 2223//3154
f  2206//3155 2223//3155 92//3155
f  92//3156 2223//3156 94//3156
f  398//3157 397//3157 2215//3157
f  2215//3157 397//3157 2224//3157
f  2215//3158 2224//3158 2216//3158
f  2216//3159 2224//3159 2225//3159
f  2216//3160 2225//3160 2217//3160
f  2217//3161 2225//3161 2226//3161
f  2217//3162 2226//3162 2218//3162
f  2218//3163 2226//3163 2227//3163
f  2218//3164 2227//3164 2219//3164
f  2219//3165 2227//3165 2228//3165
f  2219//3166 2228//3166 2220//3166
f  2220//3166 2228//3166 2229//3166
f  2220//3167 2229//3167 2221//3167
f  2221//3168 2229//3168 2230//3168
f  2221//3169 2230//3169 2222//3169
f  2222//3170 2230//3170 2231//3170
f  2222//3171 2231//3171 2223//3171
f  2223//3172 2231//3172 2088//3172
f  2223//3173 2088//3173 94//3173
f  94//3174 2088//3174 95//3174
f  397//3175 392//3175 2224//3175
f  2224//3175 392//3175 2232//3175
f  2224//3176 2232//3176 2225//3176
f  2225//3177 2232//3177 2233//3177
f  2225//3178 2233//3178 2226//3178
f  2226//3179 2233//3179 2234//3179
f  2226//3180 2234//3180 2227//3180
f  2227//3181 2234//3181 2235//3181
f  2227//3182 2235//3182 2228//3182
f  2228//3183 2235//3183 2236//3183
f  2228//3184 2236//3184 2229//3184
f  2229//3184 2236//3184 2237//3184
f  2229//3185 2237//3185 2230//3185
f  2230//3186 2237//3186 2238//3186
f  2230//3187 2238//3187 2231//3187
f  2231//3188 2238//3188 2239//3188
f  2231//3189 2239//3189 2088//3189
f  2088//3190 2239//3190 2087//3190
f  2088//3191 2087//3191 100//3191
f  100//3192 2087//3192 99//3192
f  101//3193 97//3193 2240//3193
f  2240//3194 97//3194 2087//3194
f  2240//3195 2087//3195 2241//3195
f  2241//3196 2087//3196 2239//3196
f  2241//3197 2239//3197 2242//3197
f  2242//3198 2239//3198 2238//3198
f  2242//3199 2238//3199 2243//3199
f  2243//3199 2238//3199 2237//3199
f  2243//3200 2237//3200 2244//3200
f  2244//3201 2237//3201 2236//3201
f  2244//3202 2236//3202 2245//3202
f  2245//3202 2236//3202 2235//3202
f  2245//3203 2235//3203 2246//3203
f  2246//3204 2235//3204 2234//3204
f  2246//3205 2234//3205 2247//3205
f  2247//3206 2234//3206 2233//3206
f  2247//3207 2233//3207 2248//3207
f  2248//3208 2233//3208 2232//3208
f  2248//3209 2232//3209 391//3209
f  391//3209 2232//3209 392//3209
f  391//3210 396//3210 2248//3210
f  2248//3210 396//3210 2249//3210
f  2248//3211 2249//3211 2247//3211
f  2247//3211 2249//3211 2250//3211
f  2247//3212 2250//3212 2246//3212
f  2246//3212 2250//3212 2251//3212
f  2246//3213 2251//3213 2245//3213
f  2245//3213 2251//3213 2252//3213
f  2245//3214 2252//3214 2244//3214
f  2244//3214 2252//3214 2253//3214
f  2244//3215 2253//3215 2243//3215
f  2243//3215 2253//3215 2254//3215
f  2243//3216 2254//3216 2242//3216
f  2242//3216 2254//3216 2255//3216
f  2242//3217 2255//3217 2241//3217
f  2241//3217 2255//3217 2256//3217
f  2241//3218 2256//3218 2240//3218
f  2240//3218 2256//3218 2086//3218
f  2240//3219 2086//3219 101//3219
f  101//3219 2086//3219 102//3219
f  396//3220 395//3220 2249//3220
f  2249//3220 395//3220 2257//3220
f  2249//3221 2257//3221 2250//3221
f  2250//3222 2257//3222 2258//3222
f  2250//3223 2258//3223 2251//3223
f  2251//3224 2258//3224 2259//3224
f  2251//3225 2259//3225 2252//3225
f  2252//3226 2259//3226 2260//3226
f  2252//3227 2260//3227 2253//3227
f  2253//3227 2260//3227 2261//3227
f  2253//3228 2261//3228 2254//3228
f  2254//3229 2261//3229 2262//3229
f  2254//3230 2262//3230 2255//3230
f  2255//3230 2262//3230 2263//3230
f  2255//3231 2263//3231 2256//3231
f  2256//3232 2263//3232 2264//3232
f  2256//3233 2264//3233 2086//3233
f  2086//3234 2264//3234 2085//3234
f  2086//3235 2085//3235 104//3235
f  104//3236 2085//3236 106//3236
f  108//3237 107//3237 2265//3237
f  2265//3238 107//3238 2085//3238
f  2265//3239 2085//3239 2266//3239
f  2266//3240 2085//3240 2264//3240
f  2266//3241 2264//3241 2267//3241
f  2267//3242 2264//3242 2263//3242
f  2267//3243 2263//3243 2268//3243
f  2268//3243 2263//3243 2262//3243
f  2268//3244 2262//3244 2269//3244
f  2269//3244 2262//3244 2261//3244
f  2269//3245 2261//3245 2270//3245
f  2270//3245 2261//3245 2260//3245
f  2270//3246 2260//3246 2271//3246
f  2271//3247 2260//3247 2259//3247
f  2271//3248 2259//3248 2272//3248
f  2272//3249 2259//3249 2258//3249
f  2272//3250 2258//3250 2273//3250
f  2273//3251 2258//3251 2257//3251
f  2273//3252 2257//3252 394//3252
f  394//3252 2257//3252 395//3252
f  394//3253 393//3253 2273//3253
f  2273//3253 393//3253 2274//3253
f  2273//3254 2274//3254 2272//3254
f  2272//3255 2274//3255 2275//3255
f  2272//3256 2275//3256 2271//3256
f  2271//3257 2275//3257 2276//3257
f  2271//3258 2276//3258 2270//3258
f  2270//3259 2276//3259 2277//3259
f  2270//3260 2277//3260 2269//3260
f  2269//3261 2277//3261 2278//3261
f  2269//3262 2278//3262 2268//3262
f  2268//3262 2278//3262 2279//3262
f  2268//3263 2279//3263 2267//3263
f  2267//3264 2279//3264 2280//3264
f  2267//3265 2280//3265 2266//3265
f  2266//3266 2280//3266 2281//3266
f  2266//3267 2281//3267 2265//3267
f  2265//3268 2281//3268 2282//3268
f  2265//3269 2282//3269 108//3269
f  108//3270 2282//3270 110//3270
f  393//3271 334//3271 2274//3271
f  2274//3271 334//3271 2283//3271
f  2274//3272 2283//3272 2275//3272
f  2275//3272 2283//3272 2284//3272
f  2275//3273 2284//3273 2276//3273
f  2276//3273 2284//3273 2285//3273
f  2276//3274 2285//3274 2277//3274
f  2277//3275 2285//3275 2286//3275
f  2277//3276 2286//3276 2278//3276
f  2278//3277 2286//3277 2287//3277
f  2278//3278 2287//3278 2279//3278
f  2279//3279 2287//3279 2288//3279
f  2279//3280 2288//3280 2280//3280
f  2280//3280 2288//3280 2289//3280
f  2280//3281 2289//3281 2281//3281
f  2281//3282 2289//3282 2290//3282
f  2281//3283 2290//3283 2282//3283
f  2282//3284 2290//3284 2084//3284
f  2282//3285 2084//3285 110//3285
f  110//3286 2084//3286 111//3286
f  334//3287 333//3287 2283//3287
f  2283//3287 333//3287 2291//3287
f  2283//3288 2291//3288 2284//3288
f  2284//3288 2291//3288 2292//3288
f  2284//3289 2292//3289 2285//3289
f  2285//3290 2292//3290 2293//3290
f  2285//3291 2293//3291 2286//3291
f  2286//3292 2293//3292 2294//3292
f  2286//3293 2294//3293 2287//3293
f  2287//3294 2294//3294 2295//3294
f  2287//3295 2295//3295 2288//3295
f  2288//3295 2295//3295 2296//3295
f  2288//3296 2296//3296 2289//3296
f  2289//3297 2296//3297 2297//3297
f  2289//3298 2297//3298 2290//3298
f  2290//3299 2297//3299 2298//3299
f  2290//3300 2298//3300 2084//3300
f  2084//3301 2298//3301 2083//3301
f  2084//3302 2083//3302 116//3302
f  116//3303 2083//3303 115//3303
f  117//3304 113//3304 2299//3304
f  2299//3305 113//3305 2083//3305
f  2299//3306 2083//3306 2300//3306
f  2300//3307 2083//3307 2298//3307
f  2300//3308 2298//3308 2301//3308
f  2301//3309 2298//3309 2297//3309
f  2301//3310 2297//3310 2302//3310
f  2302//3311 2297//3311 2296//3311
f  2302//3312 2296//3312 2303//3312
f  2303//3312 2296//3312 2295//3312
f  2303//3313 2295//3313 2304//3313
f  2304//3314 2295//3314 2294//3314
f  2304//3315 2294//3315 2305//3315
f  2305//3316 2294//3316 2293//3316
f  2305//3317 2293//3317 2306//3317
f  2306//3317 2293//3317 2292//3317
f  2306//3318 2292//3318 2307//3318
f  2307//3318 2292//3318 2291//3318
f  2307//3319 2291//3319 349//3319
f  349//3319 2291//3319 333//3319
f  349//3320 348//3320 2307//3320
f  2307//3321 348//3321 2308//3321
f  2307//3322 2308//3322 2306//3322
f  2306//3322 2308//3322 2309//3322
f  2306//3323 2309//3323 2305//3323
f  2305//3324 2309//3324 2310//3324
f  2305//3325 2310//3325 2304//3325
f  2304//3325 2310//3325 2311//3325
f  2304//3326 2311//3326 2303//3326
f  2303//3327 2311//3327 2312//3327
f  2303//3328 2312//3328 2302//3328
f  2302//3329 2312//3329 2313//3329
f  2302//3330 2313//3330 2301//3330
f  2301//3331 2313//3331 2314//3331
f  2301//3332 2314//3332 2300//3332
f  2300//3332 2314//3332 2315//3332
f  2300//3333 2315//3333 2299//3333
f  2299//3334 2315//3334 2082//3334
f  2299//3335 2082//3335 117//3335
f  117//3336 2082//3336 118//3336
f  348//3337 347//3337 2308//3337
f  2308//3337 347//3337 2316//3337
f  2308//3338 2316//3338 2309//3338
f  2309//3339 2316//3339 2317//3339
f  2309//3340 2317//3340 2310//3340
f  2310//3341 2317//3341 2318//3341
f  2310//3342 2318//3342 2311//3342
f  2311//3343 2318//3343 2319//3343
f  2311//3344 2319//3344 2312//3344
f  2312//3345 2319//3345 2320//3345
f  2312//3346 2320//3346 2313//3346
f  2313//3347 2320//3347 2321//3347
f  2313//3348 2321//3348 2314//3348
f  2314//3349 2321//3349 2322//3349
f  2314//3350 2322//3350 2315//3350
f  2315//3351 2322//3351 2323//3351
f  2315//3352 2323//3352 2082//3352
f  2082//3353 2323//3353 2081//3353
f  2082//3354 2081//3354 120//3354
f  120//3355 2081//3355 122//3355
f  124//3356 123//3356 2324//3356
f  2324//3357 123//3357 2081//3357
f  2324//3358 2081//3358 2325//3358
f  2325//3359 2081//3359 2323//3359
f  2325//3360 2323//3360 2326//3360
f  2326//3361 2323//3361 2322//3361
f  2326//3362 2322//3362 2327//3362
f  2327//3363 2322//3363 2321//3363
f  2327//3364 2321//3364 2328//3364
f  2328//3365 2321//3365 2320//3365
f  2328//3366 2320//3366 2329//3366
f  2329//3367 2320//3367 2319//3367
f  2329//3368 2319//3368 2330//3368
f  2330//3368 2319//3368 2318//3368
f  2330//3369 2318//3369 2331//3369
f  2331//3370 2318//3370 2317//3370
f  2331//3371 2317//3371 2332//3371
f  2332//3372 2317//3372 2316//3372
f  2332//3373 2316//3373 346//3373
f  346//3373 2316//3373 347//3373
f  346//3374 345//3374 2332//3374
f  2332//3375 345//3375 2333//3375
f  2332//3376 2333//3376 2331//3376
f  2331//3376 2333//3376 2334//3376
f  2331//3377 2334//3377 2330//3377
f  2330//3378 2334//3378 2335//3378
f  2330//3379 2335//3379 2329//3379
f  2329//3380 2335//3380 2336//3380
f  2329//3381 2336//3381 2328//3381
f  2328//3382 2336//3382 2337//3382
f  2328//3383 2337//3383 2327//3383
f  2327//3384 2337//3384 2338//3384
f  2327//3385 2338//3385 2326//3385
f  2326//3386 2338//3386 2339//3386
f  2326//3387 2339//3387 2325//3387
f  2325//3388 2339//3388 2340//3388
f  2325//3389 2340//3389 2324//3389
f  2324//3390 2340//3390 2341//3390
f  2324//3391 2341//3391 124//3391
f  124//3392 2341//3392 126//3392
f  345//3393 336//3393 2333//3393
f  2333//3393 336//3393 2342//3393
f  2333//3394 2342//3394 2334//3394
f  2334//3395 2342//3395 2343//3395
f  2334//3396 2343//3396 2335//3396
f  2335//3397 2343//3397 2344//3397
f  2335//3398 2344//3398 2336//3398
f  2336//3398 2344//3398 2345//3398
f  2336//3399 2345//3399 2337//3399
f  2337//3400 2345//3400 2346//3400
f  2337//3401 2346//3401 2338//3401
f  2338//3401 2346//3401 2347//3401
f  2338//3402 2347//3402 2339//3402
f  2339//3402 2347//3402 2348//3402
f  2339//3403 2348//3403 2340//3403
f  2340//3404 2348//3404 2349//3404
f  2340//3405 2349//3405 2341//3405
f  2341//3406 2349//3406 2080//3406
f  2341//3407 2080//3407 126//3407
f  126//3408 2080//3408 127//3408
f  336//3409 335//3409 2342//3409
f  2342//3409 335//3409 2350//3409
f  2342//3410 2350//3410 2343//3410
f  2343//3411 2350//3411 2351//3411
f  2343//3412 2351//3412 2344//3412
f  2344//3413 2351//3413 2352//3413
f  2344//3414 2352//3414 2345//3414
f  2345//3415 2352//3415 2353//3415
f  2345//3416 2353//3416 2346//3416
f  2346//3416 2353//3416 2354//3416
f  2346//3417 2354//3417 2347//3417
f  2347//3418 2354//3418 2355//3418
f  2347//3419 2355//3419 2348//3419
f  2348//3420 2355//3420 2356//3420
f  2348//3421 2356//3421 2349//3421
f  2349//3422 2356//3422 2357//3422
f  2349//3423 2357//3423 2080//3423
f  2080//3424 2357//3424 2079//3424
f  2080//3425 2079//3425 132//3425
f  132//3426 2079//3426 131//3426
f  133//3427 129//3427 2358//3427
f  2358//3428 129//3428 2079//3428
f  2358//3429 2079//3429 2359//3429
f  2359//3430 2079//3430 2357//3430
f  2359//3431 2357//3431 2360//3431
f  2360//3432 2357//3432 2356//3432
f  2360//3433 2356//3433 2361//3433
f  2361//3434 2356//3434 2355//3434
f  2361//3435 2355//3435 2362//3435
f  2362//3436 2355//3436 2354//3436
f  2362//3437 2354//3437 2363//3437
f  2363//3438 2354//3438 2353//3438
f  2363//3439 2353//3439 2364//3439
f  2364//3440 2353//3440 2352//3440
f  2364//3441 2352//3441 2365//3441
f  2365//3442 2352//3442 2351//3442
f  2365//3443 2351//3443 2366//3443
f  2366//3444 2351//3444 2350//3444
f  2366//3445 2350//3445 339//3445
f  339//3445 2350//3445 335//3445
f  339//3446 338//3446 2366//3446
f  2366//3446 338//3446 2367//3446
f  2366//3447 2367//3447 2365//3447
f  2365//3448 2367//3448 2368//3448
f  2365//3449 2368//3449 2364//3449
f  2364//3450 2368//3450 2369//3450
f  2364//3451 2369//3451 2363//3451
f  2363//3452 2369//3452 2370//3452
f  2363//3453 2370//3453 2362//3453
f  2362//3454 2370//3454 2371//3454
f  2362//3455 2371//3455 2361//3455
f  2361//3456 2371//3456 2372//3456
f  2361//3457 2372//3457 2360//3457
f  2360//3458 2372//3458 2373//3458
f  2360//3459 2373//3459 2359//3459
f  2359//3460 2373//3460 2374//3460
f  2359//3461 2374//3461 2358//3461
f  2358//3462 2374//3462 2078//3462
f  2358//3463 2078//3463 133//3463
f  133//3464 2078//3464 134//3464
f  338//3465 337//3465 2367//3465
f  2367//3465 337//3465 2375//3465
f  2367//3466 2375//3466 2368//3466
f  2368//3466 2375//3466 2376//3466
f  2368//3467 2376//3467 2369//3467
f  2369//3467 2376//3467 2377//3467
f  2369//3468 2377//3468 2370//3468
f  2370//3469 2377//3469 2378//3469
f  2370//3470 2378//3470 2371//3470
f  2371//3471 2378//3471 2379//3471
f  2371//3472 2379//3472 2372//3472
f  2372//3473 2379//3473 2380//3473
f  2372//3474 2380//3474 2373//3474
f  2373//3475 2380//3475 2381//3475
f  2373//3476 2381//3476 2374//3476
f  2374//3477 2381//3477 2382//3477
f  2374//3478 2382//3478 2078//3478
f  2078//3479 2382//3479 2077//3479
f  2078//3480 2077//3480 136//3480
f  136//3481 2077//3481 138//3481
f  140//3482 139//3482 2383//3482
f  2383//3483 139//3483 2077//3483
f  2383//3484 2077//3484 2384//3484
f  2384//3485 2077//3485 2382//3485
f  2384//3486 2382//3486 2385//3486
f  2385//3486 2382//3486 2381//3486
f  2385//3487 2381//3487 2386//3487
f  2386//3488 2381//3488 2380//3488
f  2386//3489 2380//3489 2387//3489
f  2387//3490 2380//3490 2379//3490
f  2387//3491 2379//3491 2388//3491
f  2388//3491 2379//3491 2378//3491
f  2388//3492 2378//3492 2389//3492
f  2389//3493 2378//3493 2377//3493
f  2389//3494 2377//3494 2390//3494
f  2390//3495 2377//3495 2376//3495
f  2390//3496 2376//3496 2391//3496
f  2391//3496 2376//3496 2375//3496
f  2391//3497 2375//3497 342//3497
f  342//3497 2375//3497 337//3497
f  342//3498 341//3498 2391//3498
f  2391//3498 341//3498 2392//3498
f  2391//3499 2392//3499 2390//3499
f  2390//3499 2392//3499 2393//3499
f  2390//3500 2393//3500 2389//3500
f  2389//3501 2393//3501 2394//3501
f  2389//3502 2394//3502 2388//3502
f  2388//3503 2394//3503 2395//3503
f  2388//3504 2395//3504 2387//3504
f  2387//3505 2395//3505 2396//3505
f  2387//3506 2396//3506 2386//3506
f  2386//3506 2396//3506 2397//3506
f  2386//3507 2397//3507 2385//3507
f  2385//3508 2397//3508 2398//3508
f  2385//3509 2398//3509 2384//3509
f  2384//3510 2398//3510 2399//3510
f  2384//3511 2399//3511 2383//3511
f  2383//3512 2399//3512 2400//3512
f  2383//3513 2400//3513 140//3513
f  140//3514 2400//3514 142//3514
f  341//3515 340//3515 2392//3515
f  2392//3515 340//3515 2401//3515
f  2392//3516 2401//3516 2393//3516
f  2393//3516 2401//3516 2402//3516
f  2393//3517 2402//3517 2394//3517
f  2394//3518 2402//3518 2403//3518
f  2394//3519 2403//3519 2395//3519
f  2395//3520 2403//3520 2404//3520
f  2395//3521 2404//3521 2396//3521
f  2396//3522 2404//3522 2405//3522
f  2396//3523 2405//3523 2397//3523
f  2397//3523 2405//3523 2406//3523
f  2397//3524 2406//3524 2398//3524
f  2398//3525 2406//3525 2407//3525
f  2398//3526 2407//3526 2399//3526
f  2399//3527 2407//3527 2408//3527
f  2399//3528 2408//3528 2400//3528
f  2400//3529 2408//3529 2076//3529
f  2400//3530 2076//3530 142//3530
f  142//3531 2076//3531 143//3531
f  340//3532 361//3532 2401//3532
f  2401//3532 361//3532 2409//3532
f  2401//3533 2409//3533 2402//3533
f  2402//3533 2409//3533 2410//3533
f  2402//3534 2410//3534 2403//3534
f  2403//3535 2410//3535 2411//3535
f  2403//3536 2411//3536 2404//3536
f  2404//3537 2411//3537 2412//3537
f  2404//3538 2412//3538 2405//3538
f  2405//3538 2412//3538 2413//3538
f  2405//3539 2413//3539 2406//3539
f  2406//3540 2413//3540 2414//3540
f  2406//3541 2414//3541 2407//3541
f  2407//3542 2414//3542 2415//3542
f  2407//3543 2415//3543 2408//3543
f  2408//3543 2415//3543 2416//3543
f  2408//3544 2416//3544 2076//3544
f  2076//3545 2416//3545 2075//3545
f  2076//3546 2075//3546 148//3546
f  148//3547 2075//3547 147//3547
f  149//3548 145//3548 2417//3548
f  2417//3549 145//3549 2075//3549
f  2417//3550 2075//3550 2418//3550
f  2418//3551 2075//3551 2416//3551
f  2418//3552 2416//3552 2419//3552
f  2419//3553 2416//3553 2415//3553
f  2419//3554 2415//3554 2420//3554
f  2420//3555 2415//3555 2414//3555
f  2420//3556 2414//3556 2421//3556
f  2421//3557 2414//3557 2413//3557
f  2421//3558 2413//3558 2422//3558
f  2422//3559 2413//3559 2412//3559
f  2422//3560 2412//3560 2423//3560
f  2423//3561 2412//3561 2411//3561
f  2423//3562 2411//3562 2424//3562
f  2424//3562 2411//3562 2410//3562
f  2424//3563 2410//3563 2425//3563
f  2425//3563 2410//3563 2409//3563
f  2425//3564 2409//3564 360//3564
f  360//3564 2409//3564 361//3564
f  360//3565 359//3565 2425//3565
f  2425//3565 359//3565 2426//3565
f  2425//3566 2426//3566 2424//3566
f  2424//3566 2426//3566 2427//3566
f  2424//3567 2427//3567 2423//3567
f  2423//3568 2427//3568 2428//3568
f  2423//3569 2428//3569 2422//3569
f  2422//3570 2428//3570 2429//3570
f  2422//3571 2429//3571 2421//3571
f  2421//3572 2429//3572 2430//3572
f  2421//3573 2430//3573 2420//3573
f  2420//3574 2430//3574 2431//3574
f  2420//3575 2431//3575 2419//3575
f  2419//3576 2431//3576 2432//3576
f  2419//3577 2432//3577 2418//3577
f  2418//3578 2432//3578 2433//3578
f  2418//3579 2433//3579 2417//3579
f  2417//3580 2433//3580 2074//3580
f  2417//3581 2074//3581 149//3581
f  149//3582 2074//3582 150//3582
f  359//3583 358//3583 2426//3583
f  2426//3583 358//3583 2434//3583
f  2426//3584 2434//3584 2427//3584
f  2427//3585 2434//3585 2435//3585
f  2427//3586 2435//3586 2428//3586
f  2428//3587 2435//3587 2436//3587
f  2428//3588 2436//3588 2429//3588
f  2429//3589 2436//3589 2437//3589
f  2429//3590 2437//3590 2430//3590
f  2430//3591 2437//3591 2438//3591
f  2430//3592 2438//3592 2431//3592
f  2431//3593 2438//3593 2439//3593
f  2431//3594 2439//3594 2432//3594
f  2432//3595 2439//3595 2440//3595
f  2432//3596 2440//3596 2433//3596
f  2433//3597 2440//3597 2441//3597
f  2433//3598 2441//3598 2074//3598
f  2074//3599 2441//3599 2073//3599
f  2074//3600 2073//3600 152//3600
f  152//3601 2073//3601 154//3601
f  156//3602 155//3602 2442//3602
f  2442//3603 155//3603 2073//3603
f  2442//3604 2073//3604 2443//3604
f  2443//3605 2073//3605 2441//3605
f  2443//3606 2441//3606 2444//3606
f  2444//3607 2441//3607 2440//3607
f  2444//3608 2440//3608 2445//3608
f  2445//3609 2440//3609 2439//3609
f  2445//3610 2439//3610 2446//3610
f  2446//3611 2439//3611 2438//3611
f  2446//3612 2438//3612 2447//3612
f  2447//3612 2438//3612 2437//3612
f  2447//3613 2437//3613 2448//3613
f  2448//3614 2437//3614 2436//3614
f  2448//3615 2436//3615 2449//3615
f  2449//3616 2436//3616 2435//3616
f  2449//3617 2435//3617 2450//3617
f  2450//3618 2435//3618 2434//3618
f  2450//3619 2434//3619 351//3619
f  351//3619 2434//3619 358//3619
f  351//3620 350//3620 2450//3620
f  2450//3620 350//3620 2451//3620
f  2450//3621 2451//3621 2449//3621
f  2449//3622 2451//3622 2452//3622
f  2449//3623 2452//3623 2448//3623
f  2448//3624 2452//3624 2453//3624
f  2448//3625 2453//3625 2447//3625
f  2447//3625 2453//3625 2454//3625
f  2447//3626 2454//3626 2446//3626
f  2446//3626 2454//3626 2455//3626
f  2446//3627 2455//3627 2445//3627
f  2445//3627 2455//3627 2456//3627
f  2445//3628 2456//3628 2444//3628
f  2444//3628 2456//3628 2457//3628
f  2444//3629 2457//3629 2443//3629
f  2443//3630 2457//3630 2458//3630
f  2443//3631 2458//3631 2442//3631
f  2442//3632 2458//3632 2459//3632
f  2442//3633 2459//3633 156//3633
f  156//3634 2459//3634 158//3634
f  350//3635 366//3635 2451//3635
f  2451//3636 366//3636 2460//3636
f  2451//3637 2460//3637 2452//3637
f  2452//3637 2460//3637 2461//3637
f  2452//3638 2461//3638 2453//3638
f  2453//3639 2461//3639 2462//3639
f  2453//3640 2462//3640 2454//3640
f  2454//3641 2462//3641 2463//3641
f  2454//3642 2463//3642 2455//3642
f  2455//3643 2463//3643 2464//3643
f  2455//3644 2464//3644 2456//3644
f  2456//3645 2464//3645 2465//3645
f  2456//3646 2465//3646 2457//3646
f  2457//3647 2465//3647 2466//3647
f  2457//3648 2466//3648 2458//3648
f  2458//3649 2466//3649 2467//3649
f  2458//3650 2467//3650 2459//3650
f  2459//3651 2467//3651 2072//3651
f  2459//3652 2072//3652 158//3652
f  158//3653 2072//3653 159//3653
f  366//3654 365//3654 2460//3654
f  2460//3654 365//3654 2468//3654
f  2460//3655 2468//3655 2461//3655
f  2461//3656 2468//3656 2469//3656
f  2461//3657 2469//3657 2462//3657
f  2462//3658 2469//3658 2470//3658
f  2462//3659 2470//3659 2463//3659
f  2463//3659 2470//3659 2471//3659
f  2463//3660 2471//3660 2464//3660
f  2464//3661 2471//3661 2472//3661
f  2464//3662 2472//3662 2465//3662
f  2465//3663 2472//3663 2473//3663
f  2465//3664 2473//3664 2466//3664
f  2466//3665 2473//3665 2474//3665
f  2466//3666 2474//3666 2467//3666
f  2467//3667 2474//3667 2475//3667
f  2467//3668 2475//3668 2072//3668
f  2072//3669 2475//3669 2071//3669
f  2072//3670 2071//3670 164//3670
f  164//3671 2071//3671 163//3671
f  165//3672 161//3672 2476//3672
f  2476//3673 161//3673 2071//3673
f  2476//3674 2071//3674 2477//3674
f  2477//3675 2071//3675 2475//3675
f  2477//3676 2475//3676 2478//3676
f  2478//3677 2475//3677 2474//3677
f  2478//3678 2474//3678 2479//3678
f  2479//3679 2474//3679 2473//3679
f  2479//3680 2473//3680 2480//3680
f  2480//3681 2473//3681 2472//3681
f  2480//3682 2472//3682 2481//3682
f  2481//3683 2472//3683 2471//3683
f  2481//3684 2471//3684 2482//3684
f  2482//3685 2471//3685 2470//3685
f  2482//3686 2470//3686 2483//3686
f  2483//3687 2470//3687 2469//3687
f  2483//3688 2469//3688 2484//3688
f  2484//3689 2469//3689 2468//3689
f  2484//3690 2468//3690 364//3690
f  364//3690 2468//3690 365//3690
f  364//3691 363//3691 2484//3691
f  2484//3692 363//3692 2485//3692
f  2484//3693 2485//3693 2483//3693
f  2483//3693 2485//3693 2486//3693
f  2483//3694 2486//3694 2482//3694
f  2482//3695 2486//3695 2487//3695
f  2482//3696 2487//3696 2481//3696
f  2481//3696 2487//3696 2488//3696
f  2481//3697 2488//3697 2480//3697
f  2480//3698 2488//3698 2489//3698
f  2480//3699 2489//3699 2479//3699
f  2479//3700 2489//3700 2490//3700
f  2479//3701 2490//3701 2478//3701
f  2478//3702 2490//3702 2491//3702
f  2478//3703 2491//3703 2477//3703
f  2477//3703 2491//3703 2492//3703
f  2477//3704 2492//3704 2476//3704
f  2476//3705 2492//3705 2070//3705
f  2476//3706 2070//3706 165//3706
f  165//3707 2070//3707 166//3707
f  363//3708 362//3708 2485//3708
f  2485//3708 362//3708 2493//3708
f  2485//3709 2493//3709 2486//3709
f  2486//3709 2493//3709 2494//3709
f  2486//3710 2494//3710 2487//3710
f  2487//3710 2494//3710 2495//3710
f  2487//3711 2495//3711 2488//3711
f  2488//3712 2495//3712 2496//3712
f  2488//3713 2496//3713 2489//3713
f  2489//3714 2496//3714 2497//3714
f  2489//3715 2497//3715 2490//3715
f  2490//3715 2497//3715 2498//3715
f  2490//3716 2498//3716 2491//3716
f  2491//3717 2498//3717 2499//3717
f  2491//3718 2499//3718 2492//3718
f  2492//3719 2499//3719 2500//3719
f  2492//3720 2500//3720 2070//3720
f  2070//3721 2500//3721 2069//3721
f  2070//3722 2069//3722 168//3722
f  168//3723 2069//3723 170//3723
f  172//3724 171//3724 2501//3724
f  2501//3725 171//3725 2069//3725
f  2501//3726 2069//3726 2502//3726
f  2502//3727 2069//3727 2500//3727
f  2502//3728 2500//3728 2503//3728
f  2503//3729 2500//3729 2499//3729
f  2503//3730 2499//3730 2504//3730
f  2504//3731 2499//3731 2498//3731
f  2504//3732 2498//3732 2505//3732
f  2505//3732 2498//3732 2497//3732
f  2505//3733 2497//3733 2506//3733
f  2506//3734 2497//3734 2496//3734
f  2506//3735 2496//3735 2507//3735
f  2507//3736 2496//3736 2495//3736
f  2507//3737 2495//3737 2508//3737
f  2508//3738 2495//3738 2494//3738
f  2508//3739 2494//3739 2509//3739
f  2509//3739 2494//3739 2493//3739
f  2509//3740 2493//3740 353//3740
f  353//3740 2493//3740 362//3740
f  353//3741 352//3741 2509//3741
f  2509//3741 352//3741 2510//3741
f  2509//3742 2510//3742 2508//3742
f  2508//3742 2510//3742 2511//3742
f  2508//3743 2511//3743 2507//3743
f  2507//3743 2511//3743 2512//3743
f  2507//3744 2512//3744 2506//3744
f  2506//3745 2512//3745 2513//3745
f  2506//3746 2513//3746 2505//3746
f  2505//3747 2513//3747 2514//3747
f  2505//3748 2514//3748 2504//3748
f  2504//3749 2514//3749 2515//3749
f  2504//3750 2515//3750 2503//3750
f  2503//3750 2515//3750 2516//3750
f  2503//3751 2516//3751 2502//3751
f  2502//3752 2516//3752 2517//3752
f  2502//3753 2517//3753 2501//3753
f  2501//3754 2517//3754 2518//3754
f  2501//3755 2518//3755 172//3755
f  172//3756 2518//3756 174//3756
f  352//3757 369//3757 2510//3757
f  2510//3757 369//3757 2519//3757
f  2510//3758 2519//3758 2511//3758
f  2511//3759 2519//3759 2520//3759
f  2511//3760 2520//3760 2512//3760
f  2512//3761 2520//3761 2521//3761
f  2512//3762 2521//3762 2513//3762
f  2513//3763 2521//3763 2522//3763
f  2513//3764 2522//3764 2514//3764
f  2514//3765 2522//3765 2523//3765
f  2514//3766 2523//3766 2515//3766
f  2515//3766 2523//3766 2524//3766
f  2515//3767 2524//3767 2516//3767
f  2516//3767 2524//3767 2525//3767
f  2516//3768 2525//3768 2517//3768
f  2517//3769 2525//3769 2526//3769
f  2517//3770 2526//3770 2518//3770
f  2518//3771 2526//3771 2068//3771
f  2518//3772 2068//3772 174//3772
f  174//3773 2068//3773 175//3773
f  369//3774 368//3774 2519//3774
f  2519//3774 368//3774 2527//3774
f  2519//3775 2527//3775 2520//3775
f  2520//3776 2527//3776 2528//3776
f  2520//3777 2528//3777 2521//3777
f  2521//3778 2528//3778 2529//3778
f  2521//3779 2529//3779 2522//3779
f  2522//3780 2529//3780 2530//3780
f  2522//3781 2530//3781 2523//3781
f  2523//3781 2530//3781 2531//3781
f  2523//3782 2531//3782 2524//3782
f  2524//3782 2531//3782 2532//3782
f  2524//3783 2532//3783 2525//3783
f  2525//3783 2532//3783 2533//3783
f  2525//3784 2533//3784 2526//3784
f  2526//3785 2533//3785 2534//3785
f  2526//3786 2534//3786 2068//3786
f  2068//3787 2534//3787 2067//3787
f  2068//3788 2067//3788 180//3788
f  180//3789 2067//3789 179//3789
f  181//3790 177//3790 2535//3790
f  2535//3791 177//3791 2067//3791
f  2535//3792 2067//3792 2536//3792
f  2536//3793 2067//3793 2534//3793
f  2536//3794 2534//3794 2537//3794
f  2537//3795 2534//3795 2533//3795
f  2537//3796 2533//3796 2538//3796
f  2538//3796 2533//3796 2532//3796
f  2538//3797 2532//3797 2539//3797
f  2539//3798 2532//3798 2531//3798
f  2539//3799 2531//3799 2540//3799
f  2540//3799 2531//3799 2530//3799
f  2540//3800 2530//3800 2541//3800
f  2541//3801 2530//3801 2529//3801
f  2541//3802 2529//3802 2542//3802
f  2542//3803 2529//3803 2528//3803
f  2542//3804 2528//3804 2543//3804
f  2543//3805 2528//3805 2527//3805
f  2543//3806 2527//3806 367//3806
f  367//3806 2527//3806 368//3806
f  367//3807 381//3807 2543//3807
f  2543//3807 381//3807 2544//3807
f  2543//3808 2544//3808 2542//3808
f  2542//3808 2544//3808 2545//3808
f  2542//3809 2545//3809 2541//3809
f  2541//3809 2545//3809 2546//3809
f  2541//3810 2546//3810 2540//3810
f  2540//3810 2546//3810 2547//3810
f  2540//3811 2547//3811 2539//3811
f  2539//3811 2547//3811 2548//3811
f  2539//3812 2548//3812 2538//3812
f  2538//3812 2548//3812 2549//3812
f  2538//3813 2549//3813 2537//3813
f  2537//3813 2549//3813 2550//3813
f  2537//3814 2550//3814 2536//3814
f  2536//3814 2550//3814 2551//3814
f  2536//3815 2551//3815 2535//3815
f  2535//3815 2551//3815 2066//3815
f  2535//3816 2066//3816 181//3816
f  181//3816 2066//3816 182//3816
f  381//3817 380//3817 2544//3817
f  2544//3817 380//3817 2552//3817
f  2544//3818 2552//3818 2545//3818
f  2545//3819 2552//3819 2553//3819
f  2545//3820 2553//3820 2546//3820
f  2546//3821 2553//3821 2554//3821
f  2546//3822 2554//3822 2547//3822
f  2547//3823 2554//3823 2555//3823
f  2547//3824 2555//3824 2548//3824
f  2548//3824 2555//3824 2556//3824
f  2548//3825 2556//3825 2549//3825
f  2549//3826 2556//3826 2557//3826
f  2549//3827 2557//3827 2550//3827
f  2550//3827 2557//3827 2558//3827
f  2550//3828 2558//3828 2551//3828
f  2551//3829 2558//3829 2559//3829
f  2551//3830 2559//3830 2066//3830
f  2066//3831 2559//3831 2065//3831
f  2066//3832 2065//3832 184//3832
f  184//3833 2065//3833 186//3833
f  188//3834 187//3834 2560//3834
f  2560//3835 187//3835 2065//3835
f  2560//3836 2065//3836 2561//3836
f  2561//3837 2065//3837 2559//3837
f  2561//3838 2559//3838 2562//3838
f  2562//3839 2559//3839 2558//3839
f  2562//3840 2558//3840 2563//3840
f  2563//3841 2558//3841 2557//3841
f  2563//3842 2557//3842 2564//3842
f  2564//3842 2557//3842 2556//3842
f  2564//3843 2556//3843 2565//3843
f  2565//3844 2556//3844 2555//3844
f  2565//3845 2555//3845 2566//3845
f  2566//3846 2555//3846 2554//3846
f  2566//3847 2554//3847 2567//3847
f  2567//3848 2554//3848 2553//3848
f  2567//3849 2553//3849 2568//3849
f  2568//3850 2553//3850 2552//3850
f  2568//3851 2552//3851 379//3851
f  379//3851 2552//3851 380//3851
f  379//3852 378//3852 2568//3852
f  2568//3852 378//3852 2569//3852
f  2568//3853 2569//3853 2567//3853
f  2567//3854 2569//3854 2570//3854
f  2567//3855 2570//3855 2566//3855
f  2566//3856 2570//3856 2571//3856
f  2566//3857 2571//3857 2565//3857
f  2565//3858 2571//3858 2572//3858
f  2565//3859 2572//3859 2564//3859
f  2564//3860 2572//3860 2573//3860
f  2564//3861 2573//3861 2563//3861
f  2563//3861 2573//3861 2574//3861
f  2563//3862 2574//3862 2562//3862
f  2562//3863 2574//3863 2575//3863
f  2562//3864 2575//3864 2561//3864
f  2561//3865 2575//3865 2576//3865
f  2561//3866 2576//3866 2560//3866
f  2560//3867 2576//3867 2577//3867
f  2560//3868 2577//3868 188//3868
f  188//3869 2577//3869 190//3869
f  378//3870 371//3870 2569//3870
f  2569//3870 371//3870 2578//3870
f  2569//3871 2578//3871 2570//3871
f  2570//3871 2578//3871 2579//3871
f  2570//3872 2579//3872 2571//3872
f  2571//3873 2579//3873 2580//3873
f  2571//3874 2580//3874 2572//3874
f  2572//3875 2580//3875 2581//3875
f  2572//3876 2581//3876 2573//3876
f  2573//3877 2581//3877 2582//3877
f  2573//3878 2582//3878 2574//3878
f  2574//3879 2582//3879 2583//3879
f  2574//3880 2583//3880 2575//3880
f  2575//3880 2583//3880 2584//3880
f  2575//3881 2584//3881 2576//3881
f  2576//3882 2584//3882 2585//3882
f  2576//3883 2585//3883 2577//3883
f  2577//3884 2585//3884 2064//3884
f  2577//3885 2064//3885 190//3885
f  190//3886 2064//3886 191//3886
f  371//3887 370//3887 2578//3887
f  2578//3887 370//3887 2586//3887
f  2578//3888 2586//3888 2579//3888
f  2579//3888 2586//3888 2587//3888
f  2579//3889 2587//3889 2580//3889
f  2580//3890 2587//3890 2588//3890
f  2580//3891 2588//3891 2581//3891
f  2581//3892 2588//3892 2589//3892
f  2581//3893 2589//3893 2582//3893
f  2582//3893 2589//3893 2590//3893
f  2582//3894 2590//3894 2583//3894
f  2583//3894 2590//3894 2591//3894
f  2583//3895 2591//3895 2584//3895
f  2584//3895 2591//3895 2592//3895
f  2584//3896 2592//3896 2585//3896
f  2585//3897 2592//3897 2593//3897
f  2585//3898 2593//3898 2064//3898
f  2064//3899 2593//3899 2063//3899
f  2064//3900 2063//3900 196//3900
f  196//3901 2063//3901 195//3901
f  197//3902 193//3902 2594//3902
f  2594//3903 193//3903 2063//3903
f  2594//3904 2063//3904 2595//3904
f  2595//3905 2063//3905 2593//3905
f  2595//3906 2593//3906 2596//3906
f  2596//3906 2593//3906 2592//3906
f  2596//3907 2592//3907 2597//3907
f  2597//3908 2592//3908 2591//3908
f  2597//3909 2591//3909 2598//3909
f  2598//3910 2591//3910 2590//3910
f  2598//3911 2590//3911 2599//3911
f  2599//3911 2590//3911 2589//3911
f  2599//3912 2589//3912 2600//3912
f  2600//3913 2589//3913 2588//3913
f  2600//3914 2588//3914 2601//3914
f  2601//3914 2588//3914 2587//3914
f  2601//3915 2587//3915 2602//3915
f  2602//3915 2587//3915 2586//3915
f  2602//3916 2586//3916 386//3916
f  386//3916 2586//3916 370//3916
f  386//3917 385//3917 2602//3917
f  2602//3918 385//3918 2603//3918
f  2602//3919 2603//3919 2601//3919
f  2601//3919 2603//3919 2604//3919
f  2601//3920 2604//3920 2600//3920
f  2600//3921 2604//3921 2605//3921
f  2600//3922 2605//3922 2599//3922
f  2599//3922 2605//3922 2606//3922
f  2599//3923 2606//3923 2598//3923
f  2598//3923 2606//3923 2607//3923
f  2598//3924 2607//3924 2597//3924
f  2597//3924 2607//3924 2608//3924
f  2597//3925 2608//3925 2596//3925
f  2596//3925 2608//3925 2609//3925
f  2596//3926 2609//3926 2595//3926
f  2595//3926 2609//3926 2610//3926
f  2595//3927 2610//3927 2594//3927
f  2594//3928 2610//3928 2062//3928
f  2594//3929 2062//3929 197//3929
f  197//3930 2062//3930 198//3930
f  385//3931 384//3931 2603//3931
f  2603//3931 384//3931 2611//3931
f  2603//3932 2611//3932 2604//3932
f  2604//3932 2611//3932 2612//3932
f  2604//3933 2612//3933 2605//3933
f  2605//3934 2612//3934 2613//3934
f  2605//3935 2613//3935 2606//3935
f  2606//3936 2613//3936 2614//3936
f  2606//3937 2614//3937 2607//3937
f  2607//3937 2614//3937 2615//3937
f  2607//3938 2615//3938 2608//3938
f  2608//3938 2615//3938 2616//3938
f  2608//3939 2616//3939 2609//3939
f  2609//3940 2616//3940 2617//3940
f  2609//3941 2617//3941 2610//3941
f  2610//3942 2617//3942 2618//3942
f  2610//3943 2618//3943 2062//3943
f  2062//3944 2618//3944 2061//3944
f  2062//3945 2061//3945 199//3945
f  199//3946 2061//3946 11//3946
f  14//3947 10//3947 2619//3947
f  2619//3948 10//3948 2061//3948
f  2619//3949 2061//3949 2620//3949
f  2620//3949 2061//3949 2618//3949
f  2620//3950 2618//3950 2621//3950
f  2621//3951 2618//3951 2617//3951
f  2621//3952 2617//3952 2622//3952
f  2622//3952 2617//3952 2616//3952
f  2622//3953 2616//3953 2623//3953
f  2623//3953 2616//3953 2615//3953
f  2623//3954 2615//3954 2624//3954
f  2624//3954 2615//3954 2614//3954
f  2624//3955 2614//3955 2625//3955
f  2625//3956 2614//3956 2613//3956
f  2625//3957 2613//3957 2626//3957
f  2626//3958 2613//3958 2612//3958
f  2626//3959 2612//3959 2627//3959
f  2627//3959 2612//3959 2611//3959
f  2627//3960 2611//3960 383//3960
f  383//3960 2611//3960 384//3960
f  383//3961 382//3961 2627//3961
f  2627//3961 382//3961 2628//3961
f  2627//3962 2628//3962 2626//3962
f  2626//3962 2628//3962 2629//3962
f  2626//3963 2629//3963 2625//3963
f  2625//3963 2629//3963 2630//3963
f  2625//3964 2630//3964 2624//3964
f  2624//3965 2630//3965 2631//3965
f  2624//3966 2631//3966 2623//3966
f  2623//3967 2631//3967 2632//3967
f  2623//3968 2632//3968 2622//3968
f  2622//3968 2632//3968 2633//3968
f  2622//3969 2633//3969 2621//3969
f  2621//3970 2633//3970 2634//3970
f  2621//3971 2634//3971 2620//3971
f  2620//3971 2634//3971 2635//3971
f  2620//3972 2635//3972 2619//3972
f  2619//3972 2635//3972 2636//3972
f  2619//3973 2636//3973 14//3973
f  14//3973 2636//3973 16//3973
f  382//3974 373//3974 2628//3974
f  2628//3974 373//3974 2637//3974
f  2628//3975 2637//3975 2629//3975
f  2629//3975 2637//3975 2638//3975
f  2629//3976 2638//3976 2630//3976
f  2630//3976 2638//3976 2639//3976
f  2630//3977 2639//3977 2631//3977
f  2631//3978 2639//3978 2640//3978
f  2631//3979 2640//3979 2632//3979
f  2632//3979 2640//3979 2641//3979
f  2632//3980 2641//3980 2633//3980
f  2633//3980 2641//3980 2642//3980
f  2633//3981 2642//3981 2634//3981
f  2634//3982 2642//3982 2643//3982
f  2634//3983 2643//3983 2635//3983
f  2635//3984 2643//3984 2644//3984
f  2635//3985 2644//3985 2636//3985
f  2636//3985 2644//3985 2060//3985
f  2636//3986 2060//3986 16//3986
f  16//3986 2060//3986 20//3986
f  373//3987 372//3987 2637//3987
f  2637//3987 372//3987 2645//3987
f  2637//3988 2645//3988 2638//3988
f  2638//3988 2645//3988 2646//3988
f  2638//3989 2646//3989 2639//3989
f  2639//3989 2646//3989 2647//3989
f  2639//3990 2647//3990 2640//3990
f  2640//3991 2647//3991 2648//3991
f  2640//3992 2648//3992 2641//3992
f  2641//3993 2648//3993 2649//3993
f  2641//3994 2649//3994 2642//3994
f  2642//3994 2649//3994 2650//3994
f  2642//3995 2650//3995 2643//3995
f  2643//3995 2650//3995 2651//3995
f  2643//3996 2651//3996 2644//3996
f  2644//3996 2651//3996 2652//3996
f  2644//3997 2652//3997 2060//3997
f  2060//3997 2652//3997 2059//3997
f  2060//3998 2059//3998 18//3998
f  18//3999 2059//3999 25//3999
f  31//4000 29//4000 2653//4000
f  2653//4001 29//4001 2059//4001
f  2653//4002 2059//4002 2654//4002
f  2654//4002 2059//4002 2652//4002
f  2654//4003 2652//4003 2655//4003
f  2655//4003 2652//4003 2651//4003
f  2655//4004 2651//4004 2656//4004
f  2656//4004 2651//4004 2650//4004
f  2656//4005 2650//4005 2657//4005
f  2657//4005 2650//4005 2649//4005
f  2657//4006 2649//4006 2658//4006
f  2658//4007 2649//4007 2648//4007
f  2658//4008 2648//4008 2659//4008
f  2659//4009 2648//4009 2647//4009
f  2659//4010 2647//4010 2660//4010
f  2660//4010 2647//4010 2646//4010
f  2660//4011 2646//4011 2661//4011
f  2661//4011 2646//4011 2645//4011
f  2661//4012 2645//4012 390//4012
f  390//4012 2645//4012 372//4012
f  390//4013 389//4013 2661//4013
f  2661//4013 389//4013 2662//4013
f  2661//4014 2662//4014 2660//4014
f  2660//4014 2662//4014 2663//4014
f  2660//4015 2663//4015 2659//4015
f  2659//4015 2663//4015 2664//4015
f  2659//4016 2664//4016 2658//4016
f  2658//4016 2664//4016 2665//4016
f  2658//4017 2665//4017 2657//4017
f  2657//4017 2665//4017 2666//4017
f  2657//4018 2666//4018 2656//4018
f  2656//4018 2666//4018 2667//4018
f  2656//4019 2667//4019 2655//4019
f  2655//4020 2667//4020 2668//4020
f  2655//4021 2668//4021 2654//4021
f  2654//4021 2668//4021 2669//4021
f  2654//4022 2669//4022 2653//4022
f  2653//4022 2669//4022 2058//4022
f  2653//4023 2058//4023 31//4023
f  31//4023 2058//4023 33//4023
f  389//4024 388//4024 2662//4024
f  2662//4024 388//4024 2670//4024
f  2662//4025 2670//4025 2663//4025
f  2663//4025 2670//4025 2671//4025
f  2663//4026 2671//4026 2664//4026
f  2664//4026 2671//4026 2672//4026
f  2664//4027 2672//4027 2665//4027
f  2665//4027 2672//4027 2673//4027
f  2665//4028 2673//4028 2666//4028
f  2666//4029 2673//4029 2674//4029
f  2666//4030 2674//4030 2667//4030
f  2667//4031 2674//4031 2675//4031
f  2667//4032 2675//4032 2668//4032
f  2668//4032 2675//4032 2676//4032
f  2668//4033 2676//4033 2669//4033
f  2669//4033 2676//4033 2677//4033
f  2669//4034 2677//4034 2058//4034
f  2058//4034 2677//4034 2057//4034
f  2058//4035 2057//4035 36//4035
f  36//4036 2057//4036 38//4036
f  43//4037 40//4037 2678//4037
f  2678//4038 40//4038 2057//4038
f  2678//4039 2057//4039 2679//4039
f  2679//4039 2057//4039 2677//4039
f  2679//4040 2677//4040 2680//4040
f  2680//4040 2677//4040 2676//4040
f  2680//4041 2676//4041 2681//4041
f  2681//4041 2676//4041 2675//4041
f  2681//4042 2675//4042 2682//4042
f  2682//4042 2675//4042 2674//4042
f  2682//4043 2674//4043 2683//4043
f  2683//4043 2674//4043 2673//4043
f  2683//4044 2673//4044 2684//4044
f  2684//4044 2673//4044 2672//4044
f  2684//4045 2672//4045 2685//4045
f  2685//4045 2672//4045 2671//4045
f  2685//4046 2671//4046 2686//4046
f  2686//4046 2671//4046 2670//4046
f  2686//4047 2670//4047 387//4047
f  387//4047 2670//4047 388//4047
f  387//4048 332//4048 2686//4048
f  2686//4048 332//4048 2097//4048
f  2686//4049 2097//4049 2685//4049
f  2685//4049 2097//4049 2099//4049
f  2685//4050 2099//4050 2684//4050
f  2684//4050 2099//4050 2101//4050
f  2684//4051 2101//4051 2683//4051
f  2683//4051 2101//4051 2103//4051
f  2683//4052 2103//4052 2682//4052
f  2682//4052 2103//4052 2105//4052
f  2682//4053 2105//4053 2681//4053
f  2681//4053 2105//4053 2107//4053
f  2681//4054 2107//4054 2680//4054
f  2680//4054 2107//4054 2109//4054
f  2680//4055 2109//4055 2679//4055
f  2679//4056 2109//4056 2111//4056
f  2679//4057 2111//4057 2678//4057
f  2678//4057 2111//4057 2113//4057
f  2678//4058 2113//4058 43//4058
f  43//4058 2113//4058 45//4058
f  1523//4059 1741//4059 1833//4059
f  1523//4059 1833//4059 1589//4059
f  1589//4060 1833//4060 1898//4060
f  1589//4060 1898//4060 1604//4060
f  1604//4061 1898//4061 1897//4061
f  1604//4061 1897//4061 1585//4061
f  1585//4062 1897//4062 1896//4062
f  1585//4062 1896//4062 1586//4062
f  1586//4063 1896//4063 1910//4063
f  1586//4063 1910//4063 1638//4063
f  1638//4064 1910//4064 1909//4064
f  1638//4064 1909//4064 1639//4064
f  1639//4065 1909//4065 1895//4065
f  1639//4065 1895//4065 1640//4065
f  1640//4066 1895//4066 1894//4066
f  1640//4066 1894//4066 1644//4066
f  1644//4067 1894//4067 1893//4067
f  1644//4067 1893//4067 1643//4067
f  1643//4068 1893//4068 1818//4068
f  1643//4068 1818//4068 1635//4068
f  1742//4069 1508//4069 1684//4069
f  1742//4069 1684//4069 1857//4069
f  1857//4070 1684//4070 1686//4070
f  1857//4070 1686//4070 1859//4070
f  1859//4071 1686//4071 1693//4071
f  1859//4071 1693//4071 1861//4071
f  1861//4072 1693//4072 1692//4072
f  1861//4072 1692//4072 1862//4072
f  1862//4073 1692//4073 1690//4073
f  1862//4073 1690//4073 1891//4073
f  1891//4074 1690//4074 1689//4074
f  1891//4074 1689//4074 1892//4074
f  1892//4075 1689//4075 1688//4075
f  1892//4075 1688//4075 1863//4075
f  1863//4076 1688//4076 1687//4076
f  1863//4076 1687//4076 1864//4076
f  1864//4077 1687//4077 1691//4077
f  1864//4077 1691//4077 1887//4077
f  1887//4078 1691//4078 1616//4078
f  1887//4078 1616//4078 1743//4078

